<?xml version="1.0" encoding="UTF-8" ?>
<server_response csrftoken="cigf0i1bef9vfuj5hu8qrfev5h">
	<component id="mx1846_holder"><![CDATA[<script>
		var el = document.getElementById("mx1846");
		if(el)
		{
			el.style.display="";
		}
	</script>]]></component>

			<component id="mx1876_holder"><![CDATA[<script>
		var el = document.getElementById("mx1876");
		if(el)
		{
			el.style.display="";
		}
	</script>]]></component>
<component vis="true" id="mx1857_holder" compid="mx1857"><![CDATA[<span ctype="label"  id="mx1857"   tabindex="0"      targetid="mx1857"  mxevent="click"  class="text tht   anchor" style="display:block;padding-left:2px;padding-top:2px;;cursor:pointer;;;;" title="Filter">Filter</span>]]></component>
<component vis="true" id="mx1861_holder" compid="mx1861"><![CDATA[<a  href="javascript: void(0);" ctype="toggleimage" ev="true" tabindex="0"  compid="mx1861"  title="Clear Filter Fields"><img id="mx1861"  aria-disabled="true" aria-hidden="true"  tabindex="-1" border="0" class="ti   " src="../webclient/skins-20170809-1350/tivoli09/images/qf_clear.gif" source="qf_clear.gif" imgtype="" ev="true" align="top" style="display:block;margin:0px;"  alt="Clear Filter Fields"  /></a>
]]></component>
<component vis="true" id="mx1867_holder" compid="mx1867"><![CDATA[<a ctype="toggleimage" ev="false" tabindex="-1" active="0" compid="mx1867"  title="" disabled="disabled"><img id="mx1867"  aria-disabled="true" aria-hidden="true"  tabindex="-1" border="0" class="ti   opacity_30" src="../webclient/skins-20170809-1350/tivoli09/images/tablebtn_nextdown_off.gif" source="tablebtn_nextdown_off.gif" imgtype="" ev="false" align="top" style="display:block;margin:0px;"  alt=""  /></a>
]]></component>
<component vis="true" id="mx1870_holder" compid="mx1870"><![CDATA[<label ctype="label"  id="mx1870"    noclick="1"   targetid="mx1870"    class="text tht  " style="display:block;padding-left:2px;padding-top:2px;;;;;" title="1 - 1 of 1">1 - 1 of 1</label>]]></component>
<component vis="true" id="mx1872_holder" compid="mx1872"><![CDATA[	<div id="mx1872" name="mx1872" class="text ts  ts  "  >&nbsp;</div>
]]></component>
<component vis="true" id="mx1873_holder" compid="mx1873"><![CDATA[<a ctype="label"  id="mx1873"  href="http://porud755/maximo/ui/1524735334546?_tbldnld=xjobpriority&amp;uisessionid=18&amp;csrftoken=cigf0i1bef9vfuj5hu8qrfev5h" onmouseover="return noStatus();" target="_blank"  noclick="1"   targetid="mx1873"    class="text tht  " style="display:block;;;;;" title="Download"><img id='mx1873_image' src='../webclient/skins-20170809-1350/tivoli09/images/tablebtn_download.gif'  border='0' alt="Download" style='vertical-align:top;margin:0px;margin-left:3px;margin-right:3px;'/><span>Download</span></a>]]></component>
<component vis="true" id="mx1899_holder" compid="mx1899" holder="mx1899_bodyholder"><![CDATA[
				<div id="mx1899_bodyholder1"  style="width:100%;">
					<table role="grid" id="mx1899" rownum="0" aria-labelledby="mx1854" rowsperpage="20" displayrows="1"  valign="top" summary=""  style="" class="tbod  ">
						<tr>
							<th id="xjobpriority_lookup_tablebody_rowholder" colspan="200" style='display:none'></th>
						</tr>
	<tr aria-invalid="true" role="row" id="mx1917"    class="ttitr   treven" style="display:;">
	<th id="errtitle"></th>	<th role="columnheader" control="true" id="mx1936"    onclick="" style="; " currentrow="false" class="tc    cursor_hand"   ><table role="presentation" id="mx1936_inner" style="display:inline; " >
			<tr>
					<td    nowrap="nowrap"  id="mx1935_0"     valign="top" style="vertical-align:top;"><table role="presentation" control="true" id="mx1934"   width="100%"  class="  " summary=""  style="width:100%;;;vertical-align:top">				<tr   control="true" id="mx1943_0"    style="vertical-align:top;">
				<td    nowrap="nowrap"  id="mx1942_0"     valign="top" style="vertical-align:top;"><div aria-live="polite" id="mx1938_holder" class="bc"><span ctype="sortlabel"  id="mx1938"   tabindex="0"    ev="0"  targetid="mx1938"  mxevent="click"  class="text hcns   anchor" style="padding:0px;padding-left:1px;margin:0px;;cursor:pointer;;;;" title="Job Priority">Job Priority</span></div><div aria-live="polite" id="mx1939_holder" class="bc"><img id="mx1939"  tabindex="-1" border="0" src="../webclient/skins-20170809-1350/tivoli09/images/blank.gif" aria-live="polite" alt="Default Sort" width="0" height="11" align="absmiddle" style="margin:0px;"  />
</div></td>
				</tr>
</table>
</td>
		
				</tr>
			</table></th>
		<th role="columnheader" control="true" id="mx1947"    onclick="" style="; " currentrow="false" class="tc    cursor_hand"   ><table role="presentation" id="mx1947_inner" style="display:inline; " >
			<tr>
					<td    nowrap="nowrap"  id="mx1946_0"     valign="top" style="vertical-align:top;"><table role="presentation" control="true" id="mx1945"   width="100%"  class="  " summary=""  style="width:100%;;;vertical-align:top">				<tr   control="true" id="mx1954_0"    style="vertical-align:top;">
				<td    nowrap="nowrap"  id="mx1953_0"     valign="top" style="vertical-align:top;"><div aria-live="polite" id="mx1949_holder" class="bc"><span ctype="sortlabel"  id="mx1949"   tabindex="0"    ev="1"  targetid="mx1949"  mxevent="click"  class="text hcns   anchor" style="padding:0px;padding-left:1px;margin:0px;;cursor:pointer;;;;" title="Description">Description</span></div><div aria-live="polite" id="mx1950_holder" class="bc"><img id="mx1950"  tabindex="-1" border="0" src="../webclient/skins-20170809-1350/tivoli09/images/blank.gif" aria-live="polite" alt="Default Sort" width="0" height="11" align="absmiddle" style="margin:0px;"  />
</div></td>
				</tr>
</table>
</td>
		
				</tr>
			</table></th>
		<th role="columnheader" control="true" id="mx1958"    onclick="" style="; " currentrow="false" class="tc    cursor_hand"   ><table role="presentation" id="mx1958_inner" style="display:inline; " >
			<tr>
					<td    nowrap="nowrap"  id="mx1957_0"     valign="top" style="vertical-align:top;"><table role="presentation" control="true" id="mx1956"   width="100%"  class="  " summary=""  style="width:100%;;;vertical-align:top">				<tr   control="true" id="mx1965_0"    style="vertical-align:top;">
				<td    nowrap="nowrap"  id="mx1964_0"     valign="top" style="vertical-align:top;"><div aria-live="polite" id="mx1960_holder" class="bc"><span ctype="sortlabel"  id="mx1960"   tabindex="0"    ev="2"  targetid="mx1960"  mxevent="click"  class="text hcns   anchor" style="padding:0px;padding-left:1px;margin:0px;;cursor:pointer;;;;" title="Org Id">Org Id</span></div><div aria-live="polite" id="mx1961_holder" class="bc"><img id="mx1961"  tabindex="-1" border="0" src="../webclient/skins-20170809-1350/tivoli09/images/blank.gif" aria-live="polite" alt="Default Sort" width="0" height="11" align="absmiddle" style="margin:0px;"  />
</div></td>
				</tr>
</table>
</td>
		
				</tr>
			</table></th>
	
	</tr>

	<tr aria-invalid="true" role="row" id="mx1920"  onkeyup="if(tableRowEnterKeyFlag==1 && event.keyCode==KEYCODE_ENTER){sendEvent('filterrows','mx1920','');cancelEvent(event);}" onkeydown="if(event.keyCode == KEYCODE_ENTER) tableRowEnterKeyFlag=1; else tableRowEnterKeyFlag=0;" class="tfr   trodd" style="display:;">
	<td headers="errtitle"></td>	<td role="gridcell" control="true" id="mx1969"    onclick="" style="; " currentrow="false" class="tc    cursor_hand" headers="mx1936"  ><table role="presentation" id="mx1969_inner" style="display:inline; " >
			<tr>
					<td    nowrap="nowrap"  id="mx1968_0"     valign="top" style="vertical-align:top;"><table role="presentation" control="true" id="mx1967"   width="100%"  class="  " summary=""  style="width:100%;;;vertical-align:top">				<tr   control="true" id="mx1977_0"    style="vertical-align:top;">
				<td    nowrap="nowrap"  id="mx1976_0"  align="right"   valign="middle" style="vertical-align:middle;"></td>
				<td    nowrap="nowrap"  id="mx1976_1"     valign="middle" style="vertical-align:middle;"><div aria-live="polite" id="mx1973_holder" class="bc"><input   role="textbox"  id="mx1973" class="fld text tablefilterfield  tt queryField"     ctype="textbox"   li="mx1974"      style=";width:75.0px;"  ontr='true' async='1'  ae="setvalue"    type="text" title="Job Priority filter: P" value="P" ov="P" fldInfo='{&quot;query&quot;:true}'/></div><div aria-live="polite" id="mx1974_holder" class="bc"><img sf="1" aria-hidden="true" active="0" ctype="image" alt=""  src="../webclient/skins-20170809-1350/tivoli09/images/blank.gif" source="blank" imgtype=".gif" style="display:inline;margin:0px;" border="0"  lc="mx1973"    align="absmiddle" width='0px' height='26px'   id="mx1974" title=""/></div></td>
				</tr>
</table>
</td>
		
				</tr>
			</table></td>
		<td role="gridcell" control="true" id="mx1981"    onclick="" style="; " currentrow="false" class="tc    cursor_hand" headers="mx1947"  ><table role="presentation" id="mx1981_inner" style="display:inline; " >
			<tr>
					<td    nowrap="nowrap"  id="mx1980_0"     valign="top" style="vertical-align:top;"><table role="presentation" control="true" id="mx1979"   width="100%"  class="  " summary=""  style="width:100%;;;vertical-align:top">				<tr   control="true" id="mx1989_0"    style="vertical-align:top;">
				<td    nowrap="nowrap"  id="mx1988_0"  align="right"   valign="middle" style="vertical-align:middle;"></td>
				<td    nowrap="nowrap"  id="mx1988_1"     valign="middle" style="vertical-align:middle;"><div aria-live="polite" id="mx1985_holder" class="bc"><input   role="textbox"  id="mx1985" class="fld text tablefilterfield  tt queryField"     ctype="textbox"   li="mx1986"      style=";width:300.0px;"  ontr='true' async='1'  ae="setvalue"    type="text" title="Description filter" value="" ov="" fldInfo='{&quot;query&quot;:true}'/></div><div aria-live="polite" id="mx1986_holder" class="bc"><img sf="1" aria-hidden="true" active="0" ctype="image" alt=""  src="../webclient/skins-20170809-1350/tivoli09/images/blank.gif" source="blank" imgtype=".gif" style="display:inline;margin:0px;" border="0"  lc="mx1985"    align="absmiddle" width='0px' height='26px'   id="mx1986" title=""/></div></td>
				</tr>
</table>
</td>
		
				</tr>
			</table></td>
		<td role="gridcell" control="true" id="mx1993"    onclick="" style="; " currentrow="false" class="tc    cursor_hand" headers="mx1958"  ><table role="presentation" id="mx1993_inner" style="display:inline; " >
			<tr>
					<td    nowrap="nowrap"  id="mx1992_0"     valign="top" style="vertical-align:top;"><table role="presentation" control="true" id="mx1991"   width="100%"  class="  " summary=""  style="width:100%;;;vertical-align:top">				<tr   control="true" id="mx2001_0"    style="vertical-align:top;">
				<td    nowrap="nowrap"  id="mx2000_0"  align="right"   valign="middle" style="vertical-align:middle;"></td>
				<td    nowrap="nowrap"  id="mx2000_1"     valign="middle" style="vertical-align:middle;"><div aria-live="polite" id="mx1997_holder" class="bc"><input   role="textbox"  id="mx1997" class="fld text tablefilterfield  tt queryField"     ctype="textbox"   li="mx1998"      style=";width:75.0px;"  ontr='true' async='1'  ae="setvalue"    type="text" title="Org Id filter" value="" ov="" fldInfo='{&quot;query&quot;:true,&quot;eventpriority&quot;:1}'/></div><div aria-live="polite" id="mx1998_holder" class="bc"><img sf="1" aria-hidden="true" active="0" ctype="image" alt=""  src="../webclient/skins-20170809-1350/tivoli09/images/blank.gif" source="blank" imgtype=".gif" style="display:inline;margin:0px;" border="0"  lc="mx1997"    align="absmiddle" width='0px' height='26px'   id="mx1998" title=""/></div></td>
				</tr>
</table>
</td>
		
				</tr>
			</table></td>
	
	</tr>

	<tr aria-invalid="true" role="row" id="mx1923"    class="nrm   treven" aria-hidden="true"  style="display:none;">
	<td headers="errtitle"></td>
	</tr>

	<tr aria-invalid="true" role="row" id="mx1926[R:0]"  current="true"   class="tablerow   tcr trodd" style="display:;">
	<td headers="errtitle"><img id='mx1926[R:0]_er_img' src='../webclient/skins-20170809-1350/tivoli09/images/blank.gif' style='display:none' class='tablerow_blank_icon' title="" alt=""/></td>	<td role="gridcell" control="true" id="mx2013[R:0]"    onmouseover="appendClass(this.parentNode,'trh')" onmouseout="removeClass(this.parentNode,'trh')" onclick="tcClick(event,'mx2013[R:0]')" style="; width:;" currentrow="true" class="tc hl   cursor_hand" headers="mx1936"  ><table role="presentation" id="mx2013[R:0]_inner" style="display:inline; " >
			<tr>
					<td    nowrap="nowrap"  id="mx2012[R:0]_0"     valign="top" style="vertical-align:top;"><table role="presentation" control="true" id="mx2011[R:0]"   width="100%"  class="  " summary=""  style="width:100%;;;vertical-align:top">				<tr   control="true" id="mx2017[R:0]_0"    style="vertical-align:top;">
				<td    nowrap="nowrap"  id="mx2016[R:0]_0"  align="left"   valign="top" style="vertical-align:top;"><div aria-live="polite" id="mx2015[R:0]_holder" class="bc"><span ctype="label"  id="mx2015[R:0]"   tabindex="0"      targetid="mx2015[R:0]"  mxevent="click"  class="text txtbold text label  label   anchor" style="padding:0px;padding-left:1px;margin:0px;;cursor:pointer;;;;" title="P">P</span></div></td>
				</tr>
</table>
</td>
		
				</tr>
			</table></td>
		<td role="gridcell" control="true" id="mx2021[R:0]"    onmouseover="appendClass(this.parentNode,'trh')" onmouseout="removeClass(this.parentNode,'trh')" onclick="tcClick(event,'mx2021[R:0]')" style="; width:;" currentrow="true" class="tc hl   cursor_hand" headers="mx1947"  ><table role="presentation" id="mx2021[R:0]_inner" style="display:inline; " >
			<tr>
					<td    nowrap="nowrap"  id="mx2020[R:0]_0"     valign="top" style="vertical-align:top;"><table role="presentation" control="true" id="mx2019[R:0]"   width="100%"  class="  " summary=""  style="width:100%;;;vertical-align:top">				<tr   control="true" id="mx2025[R:0]_0"    style="vertical-align:top;">
				<td    nowrap="nowrap"  id="mx2024[R:0]_0"  align="left"   valign="top" style="vertical-align:top;"><div aria-live="polite" id="mx2023[R:0]_holder" class="bc">		&nbsp;
</div></td>
				</tr>
</table>
</td>
		
				</tr>
			</table></td>
		<td role="gridcell" control="true" id="mx2029[R:0]"    onmouseover="appendClass(this.parentNode,'trh')" onmouseout="removeClass(this.parentNode,'trh')" onclick="tcClick(event,'mx2029[R:0]')" style="; width:;" currentrow="true" class="tc hl   cursor_hand" headers="mx1958"  ><table role="presentation" id="mx2029[R:0]_inner" style="display:inline; " >
			<tr>
					<td    nowrap="nowrap"  id="mx2028[R:0]_0"     valign="top" style="vertical-align:top;"><table role="presentation" control="true" id="mx2027[R:0]"   width="100%"  class="  " summary=""  style="width:100%;;;vertical-align:top">				<tr   control="true" id="mx2033[R:0]_0"    style="vertical-align:top;">
				<td    nowrap="nowrap"  id="mx2032[R:0]_0"  align="left"   valign="top" style="vertical-align:top;"><div aria-live="polite" id="mx2031[R:0]_holder" class="bc"><span ctype="label"  id="mx2031[R:0]"   tabindex="0"      targetid="mx2031[R:0]"  mxevent="click"  class="text txtbold text label  label   anchor" style="padding:0px;padding-left:1px;margin:0px;;cursor:pointer;;;;" title="SGN">SGN</span></div></td>
				</tr>
</table>
</td>
		
				</tr>
			</table></td>
	
	</tr>

	<tr aria-invalid="true" role="row" id="mx1932"    class="tablerow   troddtsr" aria-hidden="true"  style="display:none;">
					<td role='gridcell'    colspan='100' nowrap="nowrap"  id="mx1931_0"  align="left" class="tsrs " valign="middle" style="vertical-align:middle;"><div aria-live="polite" id="mx1930_holder" class="bc"><a  href="javascript: void(0);" ctype="toggleimage" ev="false" tabindex="0"  compid="mx1930"  title="Select Specific Records"><img id="mx1930"  aria-disabled="true" aria-hidden="true"  tabindex="-1" border="0" class="ti toggleselectcheckbox  " src="../webclient/skins-20170809-1350/tivoli09/images/table_cb_unchecked.gif" source="table_cb_unchecked" imgtype=".gif" ev="false" align="top" style="display:inline;margin:0px;"  alt="Select Specific Records"  /></a>
		&nbsp;<span id="mx1930_label"  class="text">Select Records</span>
</div></td>

	</tr>

						</table>
					</div>
				]]></component>
		<component id="mx1911_holder"><![CDATA[<script>
		addLoadMethod("updateDisplay('mx1911','')");
		</script>]]></component>

		<finalscript><![CDATA[
			makeDialogScroll('mx1852','lookup_XJOBPRIORITY',-1);
		]]></finalscript>
<deferredscript><![CDATA[focusItem('mx1973',true);scrollScreen('0','0');resetLogoutTimer(true);if(tpaeConfig.validationOn) {setButtonEnabled(saveButton,true)};]]></deferredscript></server_response>