<?xml version="1.0" encoding="UTF-8" ?>
<server_response csrftoken="cigf0i1bef9vfuj5hu8qrfev5h">
	<component id="mx2067_holder"><![CDATA[<script>
		var el = document.getElementById("mx2067");
		if(el)
		{
			el.style.display="";
		}
	</script>]]></component>
<component vis="true" id="mx2066_holder" compid="mx2066"><![CDATA[<a  href="javascript: void(0);" ctype="toggleimage" ev="true" tabindex="0"  compid="mx2066"  title="Minimize Section"><img id="mx2066"  aria-disabled="true" aria-hidden="true"  tabindex="-1" border="0" class="ti   " src="../webclient/skins-20170809-1350/tivoli09/images/minimize.gif" source="minimize.gif" imgtype="" ev="true" align="top" style="display:block;margin:0px;"  alt="Minimize Section"  /></a>
]]></component>
	<component id="mx2161_holder"><![CDATA[<script>
		var el = document.getElementById("mx2161");
		if(el)
		{
			el.style.display="";
		}
	</script>]]></component>
<component vis="true" id="mx2142_holder" compid="mx2142"><![CDATA[<span ctype="label"  id="mx2142"   tabindex="0"      targetid="mx2142"  mxevent="click"  class="text tht   anchor" style="display:block;padding-left:2px;padding-top:2px;;cursor:pointer;;;;" title="Filter">Filter</span>]]></component>
<component vis="true" id="mx2155_holder" compid="mx2155"><![CDATA[<label ctype="label"  id="mx2155"    noclick="1"   targetid="mx2155"    class="text tht  " style="display:block;padding-left:2px;padding-top:2px;;;;;" title="1 - 1 of 1">1 - 1 of 1</label>]]></component>
<component vis="true" id="mx2157_holder" compid="mx2157"><![CDATA[	<div id="mx2157" name="mx2157" class="text ts  ts  "  >&nbsp;</div>
]]></component>
<component vis="true" id="mx2158_holder" compid="mx2158"><![CDATA[<a ctype="label"  id="mx2158"  href="http://porud755/maximo/ui/1524735432813?_tbldnld=new_table_2&amp;uisessionid=18&amp;csrftoken=cigf0i1bef9vfuj5hu8qrfev5h" onmouseover="return noStatus();" target="_blank"  noclick="1"   targetid="mx2158"    class="text tht  " style="display:block;;;;;" title="Download"><img id='mx2158_image' src='../webclient/skins-20170809-1350/tivoli09/images/tablebtn_download.gif'  border='0' alt="Download" style='vertical-align:top;margin:0px;margin-left:3px;margin-right:3px;'/><span>Download</span></a>]]></component>
		<component id="mx2184_holder"><![CDATA[<script>
		addLoadMethod("updateDisplay('mx2184','')");
		</script>]]></component>

			<component id="mx2569[R:0]_holder" compid="mx2569[R:0]" replacemethod="addTableRow" tableBodyId="mx2191" ><![CDATA[
			<table role="presentation" id="mx2569[R:0]_rowholder">
		
	<tr aria-invalid="true" role="row" id="mx2569[R:0]"  current="true"   class="tablerow   tcr trodd" style="display:;">
	<td headers="errtitle"><img id='mx2569[R:0]_er_img' src='../webclient/skins-20170809-1350/tivoli09/images/blank.gif' style='display:none' class='tablerow_blank_icon' title="" alt=""/></td>	<td role="gridcell" control="true" id="mx2718[R:0]"    onmouseover="appendClass(this.parentNode,'trh')" onmouseout="removeClass(this.parentNode,'trh')" onclick="tcClick(event,'mx2718[R:0]')" style="; width:;" currentrow="true" class="tc hl   cursor_hand" headers="mx2579"  ><table role="presentation" id="mx2718[R:0]_inner" style="display:inline; " >
			<tr>
					<td    nowrap="nowrap"  id="mx2717[R:0]_0"     valign="top" style="vertical-align:top;"><table role="presentation" control="true" id="mx2716[R:0]"   width="100%"  class="  " summary=""  style="width:100%;;;vertical-align:top">				<tr   control="true" id="mx2722[R:0]_0"    style="vertical-align:top;">
				<td    nowrap="nowrap"  id="mx2721[R:0]_0"     valign="top" style="vertical-align:top;"><div aria-live="polite" id="mx2720[R:0]_holder" class="bc"><a  href="javascript: void(0);" ctype="toggleimage" ev="true" tabindex="0"  compid="mx2720[R:0]"  title="Close Details"><img id="mx2720[R:0]"  aria-disabled="true" aria-hidden="true"  tabindex="-1" border="0" class="ti   " src="../webclient/skins-20170809-1350/tivoli09/images/img_row_select.gif" source="img_row_select" imgtype=".gif" ev="true" align="top" style="display:block;margin:0px;margin-top:2px;" align="absbottom" alt="Close Details"  /></a>
</div></td>
				</tr>
</table>
</td>
		
				</tr>
			</table></td>
		<td role="gridcell" control="true" id="mx2726[R:0]"    onmouseover="appendClass(this.parentNode,'trh')" onmouseout="removeClass(this.parentNode,'trh')" onclick="tcClick(event,'mx2726[R:0]')" style="; width:;" currentrow="true" class="tc    cursor_hand" headers="mx2587"  ><table role="presentation" id="mx2726[R:0]_inner" style="display:inline; " >
			<tr>
					<td    nowrap="nowrap"  id="mx2725[R:0]_0"     valign="top" style="vertical-align:top;"><table role="presentation" control="true" id="mx2724[R:0]"   width="100%"  class="  " summary=""  style="width:100%;;;vertical-align:top">				<tr   control="true" id="mx2734[R:0]_0"    style="vertical-align:top;">
				<td    nowrap="nowrap"  id="mx2733[R:0]_0"  align="right"   valign="middle" style="vertical-align:middle;"></td>
				<td    nowrap="nowrap"  id="mx2733[R:0]_1"     valign="middle" style="vertical-align:middle;"><div aria-live="polite" id="mx2730[R:0]_holder" class="bc"><input   role="textbox"  id="mx2730[R:0]" class="fld text   tt"     ctype="textbox"   li="mx2731[R:0]"  db="mx2187"   maxlength="20" style=";width:75.0px;"  ontr='true' async='1'  ae="setvalue"    type="text" title="Building Number" value="" ov="" work="1" fldInfo='{&quot;length&quot;:&quot;20&quot;,&quot;inttype&quot;:&quot;1&quot;,&quot;eventpriority&quot;:1}'/></div><div aria-live="polite" id="mx2731[R:0]_holder" class="bc"><img sf="1" aria-hidden="true" active="0" ctype="image" alt=""  src="../webclient/skins-20170809-1350/tivoli09/images/blank.gif" source="blank" imgtype=".gif" style="display:inline;margin:0px;" border="0"  lc="mx2730[R:0]"    align="absmiddle" width='0px' height='26px'   id="mx2731[R:0]" title=""/></div></td>
				</tr>
</table>
</td>
		
				</tr>
			</table></td>
		<td role="gridcell" control="true" id="mx2738[R:0]"    onmouseover="appendClass(this.parentNode,'trh')" onmouseout="removeClass(this.parentNode,'trh')" onclick="tcClick(event,'mx2738[R:0]')" style="; width:;" currentrow="true" class="tc    cursor_hand" headers="mx2598"  ><table role="presentation" id="mx2738[R:0]_inner" style="display:inline; " >
			<tr>
					<td    nowrap="nowrap"  id="mx2737[R:0]_0"     valign="top" style="vertical-align:top;"><table role="presentation" control="true" id="mx2736[R:0]"   width="100%"  class="  " summary=""  style="width:100%;;;vertical-align:top">				<tr   control="true" id="mx2746[R:0]_0"    style="vertical-align:top;">
				<td    nowrap="nowrap"  id="mx2745[R:0]_0"  align="right"   valign="middle" style="vertical-align:middle;"></td>
				<td    nowrap="nowrap"  id="mx2745[R:0]_1"     valign="middle" style="vertical-align:middle;"><div aria-live="polite" id="mx2742[R:0]_holder" class="bc"><input   role="textbox"  id="mx2742[R:0]" class="fld text   tt"     ctype="textbox"   li="mx2743[R:0]"  db="mx2187"   maxlength="50" style=";width:300.0px;"  ontr='true' async='1'  ae="setvalue"    type="text" title="Building Name" value="" ov="" work="1" fldInfo='{&quot;length&quot;:&quot;50&quot;,&quot;inttype&quot;:&quot;1&quot;}'/></div><div aria-live="polite" id="mx2743[R:0]_holder" class="bc"><img sf="1" aria-hidden="true" active="0" ctype="image" alt=""  src="../webclient/skins-20170809-1350/tivoli09/images/blank.gif" source="blank" imgtype=".gif" style="display:inline;margin:0px;" border="0"  lc="mx2742[R:0]"    align="absmiddle" width='0px' height='26px'   id="mx2743[R:0]" title=""/></div></td>
				</tr>
</table>
</td>
		
				</tr>
			</table></td>
		<td role="gridcell" control="true" id="mx2750[R:0]"    onmouseover="appendClass(this.parentNode,'trh')" onmouseout="removeClass(this.parentNode,'trh')" onclick="tcClick(event,'mx2750[R:0]')" style="; width:;" currentrow="true" class="tc    cursor_hand" headers="mx2609"  ><table role="presentation" id="mx2750[R:0]_inner" style="display:inline; " >
			<tr>
					<td    nowrap="nowrap"  id="mx2749[R:0]_0"     valign="top" style="vertical-align:top;"><table role="presentation" control="true" id="mx2748[R:0]"   width="100%"  class="  " summary=""  style="width:100%;;;vertical-align:top">				<tr   control="true" id="mx2758[R:0]_0"    style="vertical-align:top;">
				<td    nowrap="nowrap"  id="mx2757[R:0]_0"  align="right"   valign="middle" style="vertical-align:middle;"></td>
				<td    nowrap="nowrap"  id="mx2757[R:0]_1"     valign="middle" style="vertical-align:middle;"><div aria-live="polite" id="mx2754[R:0]_holder" class="bc"><input   role="textbox"  id="mx2754[R:0]" class="fld text   tt"     ctype="textbox"   li="mx2755[R:0]"  db="mx2187"   maxlength="40" style=";width:300.0px;"  ontr='true' async='1'  ae="setvalue"    type="text" title="Principal Street" value="" ov="" work="1" fldInfo='{&quot;length&quot;:&quot;40&quot;,&quot;inttype&quot;:&quot;1&quot;}'/></div><div aria-live="polite" id="mx2755[R:0]_holder" class="bc"><img sf="1" aria-hidden="true" active="0" ctype="image" alt=""  src="../webclient/skins-20170809-1350/tivoli09/images/blank.gif" source="blank" imgtype=".gif" style="display:inline;margin:0px;" border="0"  lc="mx2754[R:0]"    align="absmiddle" width='0px' height='26px'   id="mx2755[R:0]" title=""/></div></td>
				</tr>
</table>
</td>
		
				</tr>
			</table></td>
		<td role="gridcell" control="true" id="mx2762[R:0]"    onmouseover="appendClass(this.parentNode,'trh')" onmouseout="removeClass(this.parentNode,'trh')" onclick="tcClick(event,'mx2762[R:0]')" style="; width:;" currentrow="true" class="tc    cursor_hand" headers="mx2620"  ><table role="presentation" id="mx2762[R:0]_inner" style="display:inline; " >
			<tr>
					<td    nowrap="nowrap"  id="mx2761[R:0]_0"     valign="top" style="vertical-align:top;"><table role="presentation" control="true" id="mx2760[R:0]"   width="100%"  class="  " summary=""  style="width:100%;;;vertical-align:top">				<tr   control="true" id="mx2770[R:0]_0"    style="vertical-align:top;">
				<td    nowrap="nowrap"  id="mx2769[R:0]_0"  align="right"   valign="middle" style="vertical-align:middle;"></td>
				<td    nowrap="nowrap"  id="mx2769[R:0]_1"     valign="middle" style="vertical-align:middle;"><div aria-live="polite" id="mx2766[R:0]_holder" class="bc"><input  aria-required="true"  role="textbox"  id="mx2766[R:0]" class="fld text   ttfld fld_req"     ctype="textbox"   li="mx2767[R:0]"  db="mx2187"   maxlength="5" style=";width:75.0px;"  ontr='true' async='1'  ae="setvalue"    type="text" title="Out Code" value="" ov="" work="1" fldInfo='{&quot;length&quot;:&quot;5&quot;,&quot;inttype&quot;:&quot;1&quot;,&quot;eventpriority&quot;:1,&quot;required&quot;:true}'/></div><div aria-live="polite" id="mx2767[R:0]_holder" class="bc"><img sf="1" aria-hidden="true" active="0" ctype="image" alt=""  src="../webclient/skins-20170809-1350/tivoli09/images/blank.gif" source="blank" imgtype=".gif" style="display:inline;margin:0px;" border="0"  lc="mx2766[R:0]"    align="absmiddle" width='0px' height='26px'   id="mx2767[R:0]" title=""/></div></td>
				</tr>
</table>
</td>
		
				</tr>
			</table></td>
		<td role="gridcell" control="true" id="mx2774[R:0]"    onmouseover="appendClass(this.parentNode,'trh')" onmouseout="removeClass(this.parentNode,'trh')" onclick="tcClick(event,'mx2774[R:0]')" style="; width:;" currentrow="true" class="tc    cursor_hand" headers="mx2631"  ><table role="presentation" id="mx2774[R:0]_inner" style="display:inline; " >
			<tr>
					<td    nowrap="nowrap"  id="mx2773[R:0]_0"     valign="top" style="vertical-align:top;"><table role="presentation" control="true" id="mx2772[R:0]"   width="100%"  class="  " summary=""  style="width:100%;;;vertical-align:top">				<tr   control="true" id="mx2782[R:0]_0"    style="vertical-align:top;">
				<td    nowrap="nowrap"  id="mx2781[R:0]_0"  align="right"   valign="middle" style="vertical-align:middle;"></td>
				<td    nowrap="nowrap"  id="mx2781[R:0]_1"     valign="middle" style="vertical-align:middle;"><div aria-live="polite" id="mx2778[R:0]_holder" class="bc"><input  aria-required="true"  role="textbox"  id="mx2778[R:0]" class="fld text   ttfld fld_req"     ctype="textbox"   li="mx2779[R:0]"  db="mx2187"   maxlength="5" style=";width:75.0px;"  ontr='true' async='1'  ae="setvalue"    type="text" title="In Code" value="" ov="" work="1" fldInfo='{&quot;length&quot;:&quot;5&quot;,&quot;inttype&quot;:&quot;1&quot;,&quot;eventpriority&quot;:1,&quot;required&quot;:true}'/></div><div aria-live="polite" id="mx2779[R:0]_holder" class="bc"><img sf="1" aria-hidden="true" active="0" ctype="image" alt=""  src="../webclient/skins-20170809-1350/tivoli09/images/blank.gif" source="blank" imgtype=".gif" style="display:inline;margin:0px;" border="0"  lc="mx2778[R:0]"    align="absmiddle" width='0px' height='26px'   id="mx2779[R:0]" title=""/></div></td>
				</tr>
</table>
</td>
		
				</tr>
			</table></td>
	
	</tr>

			</table>
		]]></component>

	
	<component id="mx2191_holder"><![CDATA[<script>
        var tableBody = document.getElementById("mx2191");
        if(tableBody)
        {
			tableBody.setAttribute("rownum", "0" );
		}
	</script>]]></component>
		<component id="mx2215_holder"><![CDATA[<script>
		var el = document.getElementById("mx2215");
		if(el)
		{
			el.style.display="";
		}
	</script>]]></component>
<component vis="true" id="mx2214_holder" compid="mx2214"><![CDATA[<a  href="javascript: void(0);" ctype="toggleimage" ev="true" tabindex="0"  compid="mx2214"  title="Minimize Customer Information Section"><img id="mx2214"  aria-disabled="true" aria-hidden="true"  tabindex="-1" border="0" class="ti   " src="../webclient/skins-20170809-1350/tivoli09/images/minimize.gif" source="minimize.gif" imgtype="" ev="true" align="top" style="display:block;margin:0px;"  alt="Minimize Customer Information Section"  /></a>
]]></component>
<component vis="true" id="mx2243_holder" compid="mx2243"><![CDATA[<label ctype="label"  id="mx2243"    noclick="1"   targetid="mx2243"    class="text label  label  " style="display:block;padding-left:2px;padding-top:2px;;;;;" for="mx2245" title="MPRN">MPRN:</label>]]></component>
<component vis="true" id="mx2245_holder" compid="mx2245"><![CDATA[<input   role="textbox"  id="mx2245" class="fld text  "     ctype="textbox"  dir="ltr" li="mx2246"  db="mx2187"    style="padding-right:2px;text-align: right;;width:75.0px;"   async='1'  ae="setvalue"    type="text" title="MPRN" value="" ov="" work="1" fldInfo='{&quot;length&quot;:&quot;12&quot;,&quot;inttype&quot;:&quot;6&quot;,&quot;scale&quot;:&quot;0&quot;,&quot;eventpriority&quot;:1}'/>]]></component>
	<compvalue id="mx2245"><![CDATA[]]></compvalue>
<component vis="true" id="mx2251_holder" compid="mx2251"><![CDATA[<label ctype="label"  id="mx2251"    noclick="1"   targetid="mx2251"    class="text label  label  " style="display:block;padding-left:2px;padding-top:2px;;;;;" for="mx2253" title="Customer Name">Customer Name:</label>]]></component>
<component vis="true" id="mx2253_holder" compid="mx2253"><![CDATA[<input   role="textbox"  id="mx2253" class="fld text  "     ctype="textbox"   li="mx2254"  db="mx2187"   maxlength="30" style=";width:75.0px;"   async='1'  ae="setvalue"    type="text" title="Customer Name" value="" ov="" work="1" fldInfo='{&quot;length&quot;:&quot;30&quot;,&quot;inttype&quot;:&quot;0&quot;}'/>]]></component>
	<compvalue id="mx2253"><![CDATA[]]></compvalue>
<component vis="true" id="mx2259_holder" compid="mx2259"><![CDATA[<label ctype="label"  id="mx2259"    noclick="1"   targetid="mx2259"    class="text label  label  " style="display:block;padding-left:2px;padding-top:2px;;;;;" for="mx2261" title="Customer Phone Number">Customer Phone Number:</label>]]></component>
<component vis="true" id="mx2261_holder" compid="mx2261"><![CDATA[<input   role="textbox"  id="mx2261" class="fld text  "     ctype="textbox"   li="mx2262"  db="mx2187"   maxlength="20" style=";width:75.0px;"   async='1'  ae="setvalue"    type="text" title="Customer Phone Number" value="" ov="" work="1" fldInfo='{&quot;length&quot;:&quot;20&quot;,&quot;inttype&quot;:&quot;0&quot;}'/>]]></component>
	<compvalue id="mx2261"><![CDATA[]]></compvalue>
<component vis="true" id="mx2267_holder" compid="mx2267"><![CDATA[<label ctype="label"  id="mx2267"    noclick="1"   targetid="mx2267"    class="text label  label  " style="display:block;padding-left:2px;padding-top:2px;;;;;" for="mx2269" title="Building Name">Building Name:</label>]]></component>
<component vis="true" id="mx2269_holder" compid="mx2269"><![CDATA[<input   role="textbox"  id="mx2269" class="fld text  "     ctype="textbox"   li="mx2270"  db="mx2187"   maxlength="50" style=";width:300.0px;"   async='1'  ae="setvalue"    type="text" title="Building Name" value="" ov="" work="1" fldInfo='{&quot;length&quot;:&quot;50&quot;,&quot;inttype&quot;:&quot;1&quot;}'/>]]></component>
	<compvalue id="mx2269"><![CDATA[]]></compvalue>
<component vis="true" id="mx2275_holder" compid="mx2275"><![CDATA[<label ctype="label"  id="mx2275"    noclick="1"   targetid="mx2275"    class="text label  label  " style="display:block;padding-left:2px;padding-top:2px;;;;;" for="mx2277" title="Sub Building Name">Sub Building Name:</label>]]></component>
<component vis="true" id="mx2277_holder" compid="mx2277"><![CDATA[<input   role="textbox"  id="mx2277" class="fld text  "     ctype="textbox"   li="mx2278"  db="mx2187"   maxlength="35" style=";width:300.0px;"   async='1'  ae="setvalue"    type="text" title="Sub Building Name" value="" ov="" work="1" fldInfo='{&quot;length&quot;:&quot;35&quot;,&quot;inttype&quot;:&quot;1&quot;}'/>]]></component>
	<compvalue id="mx2277"><![CDATA[]]></compvalue>
<component vis="true" id="mx2283_holder" compid="mx2283"><![CDATA[<label ctype="label"  id="mx2283"    noclick="1"   targetid="mx2283"    class="text label  label  " style="display:block;padding-left:2px;padding-top:2px;;;;;" for="mx2285" title="Building Number">Building Number:</label>]]></component>
<component vis="true" id="mx2285_holder" compid="mx2285"><![CDATA[<input   role="textbox"  id="mx2285" class="fld text  "     ctype="textbox"   li="mx2286"  db="mx2187"   maxlength="20" style=";width:75.0px;"   async='1'  ae="setvalue"    type="text" title="Building Number" value="" ov="" work="1" fldInfo='{&quot;length&quot;:&quot;20&quot;,&quot;inttype&quot;:&quot;1&quot;,&quot;eventpriority&quot;:1}'/>]]></component>
	<compvalue id="mx2285"><![CDATA[]]></compvalue>
<component vis="true" id="mx2291_holder" compid="mx2291"><![CDATA[<label ctype="label"  id="mx2291"    noclick="1"   targetid="mx2291"    class="text label  label  " style="display:block;padding-left:2px;padding-top:2px;;;;;" for="mx2293" title="Principal Street">Principal Street:</label>]]></component>
<component vis="true" id="mx2293_holder" compid="mx2293"><![CDATA[<input   role="textbox"  id="mx2293" class="fld text  "     ctype="textbox"   li="mx2294"  db="mx2187"   maxlength="40" style=";width:300.0px;"   async='1'  ae="setvalue"    type="text" title="Principal Street" value="" ov="" work="1" fldInfo='{&quot;length&quot;:&quot;40&quot;,&quot;inttype&quot;:&quot;1&quot;}'/>]]></component>
	<compvalue id="mx2293"><![CDATA[]]></compvalue>
<component vis="true" id="mx2299_holder" compid="mx2299"><![CDATA[<label ctype="label"  id="mx2299"    noclick="1"   targetid="mx2299"    class="text label  label  " style="display:block;padding-left:2px;padding-top:2px;;;;;" for="mx2301" title="Post Town">Post Town:</label>]]></component>
<component vis="true" id="mx2301_holder" compid="mx2301"><![CDATA[<input   role="textbox"  id="mx2301" class="fld text  "     ctype="textbox"   li="mx2302"  db="mx2187"   maxlength="40" style=";width:300.0px;"   async='1'  ae="setvalue"    type="text" title="Post Town" value="" ov="" work="1" fldInfo='{&quot;length&quot;:&quot;40&quot;,&quot;inttype&quot;:&quot;0&quot;}'/>]]></component>
	<compvalue id="mx2301"><![CDATA[]]></compvalue>
<component vis="true" id="mx2307_holder" compid="mx2307"><![CDATA[<label ctype="label"  id="mx2307"    noclick="1"   targetid="mx2307"    class="text label  label  " style="display:block;padding-left:2px;padding-top:2px;;;;;" for="mx2309" title="County">County:</label>]]></component>
<component vis="true" id="mx2309_holder" compid="mx2309"><![CDATA[<input   role="textbox"  id="mx2309" class="fld text  "     ctype="textbox"   li="mx2310"  db="mx2187"   maxlength="40" style=";width:300.0px;"   async='1'  ae="setvalue"    type="text" title="County" value="" ov="" work="1" fldInfo='{&quot;length&quot;:&quot;40&quot;,&quot;inttype&quot;:&quot;0&quot;}'/>]]></component>
	<compvalue id="mx2309"><![CDATA[]]></compvalue>
<component vis="true" id="mx2315_holder" compid="mx2315"><![CDATA[<label ctype="label"  id="mx2315"    noclick="1"   targetid="mx2315"    class="text label  label  " style="display:block;padding-left:2px;padding-top:2px;;;;;" for="mx2317" title="Out Code"><img class='required_label' width='8px' height='8px' align='absmiddle' border='0' src='../webclient/skins-20170809-1350/tivoli09/images/required_label.gif' alt=''/>Out Code:</label>]]></component>
<component vis="true" id="mx2316_holder" compid="mx2316"><![CDATA[<img id="mx2316" alt="required" align='absmiddle' src='../webclient/skins-20170809-1350/tivoli09/images/required.gif' style="" class="required "/>]]></component>
<component vis="true" id="mx2317_holder" compid="mx2317"><![CDATA[<input  aria-required="true"  role="textbox"  id="mx2317" class="fld text  fld fld_req"     ctype="textbox"   li="mx2318"  db="mx2187"   maxlength="5" style=";width:75.0px;"   async='1'  ae="setvalue"    type="text" title="Out Code" value="" ov="" work="1" fldInfo='{&quot;length&quot;:&quot;5&quot;,&quot;inttype&quot;:&quot;1&quot;,&quot;eventpriority&quot;:1,&quot;required&quot;:true}'/>]]></component>
	<compvalue id="mx2317"><![CDATA[]]></compvalue>
<component vis="true" id="mx2323_holder" compid="mx2323"><![CDATA[<label ctype="label"  id="mx2323"    noclick="1"   targetid="mx2323"    class="text label  label  " style="display:block;padding-left:2px;padding-top:2px;;;;;" for="mx2325" title="In Code"><img class='required_label' width='8px' height='8px' align='absmiddle' border='0' src='../webclient/skins-20170809-1350/tivoli09/images/required_label.gif' alt=''/>In Code:</label>]]></component>
<component vis="true" id="mx2324_holder" compid="mx2324"><![CDATA[<img id="mx2324" alt="required" align='absmiddle' src='../webclient/skins-20170809-1350/tivoli09/images/required.gif' style="" class="required "/>]]></component>
<component vis="true" id="mx2325_holder" compid="mx2325"><![CDATA[<input  aria-required="true"  role="textbox"  id="mx2325" class="fld text  fld fld_req"     ctype="textbox"   li="mx2326"  db="mx2187"   maxlength="5" style=";width:75.0px;"   async='1'  ae="setvalue"    type="text" title="In Code" value="" ov="" work="1" fldInfo='{&quot;length&quot;:&quot;5&quot;,&quot;inttype&quot;:&quot;1&quot;,&quot;eventpriority&quot;:1,&quot;required&quot;:true}'/>]]></component>
	<compvalue id="mx2325"><![CDATA[]]></compvalue>
<component vis="true" id="mx2343_holder" compid="mx2343"><![CDATA[<label ctype="label"  id="mx2343"    noclick="1"   targetid="mx2343"    class="text label  label  " style="display:block;padding-left:2px;padding-top:2px;;;;;" for="mx2345" title="PO Box">PO Box:</label>]]></component>
<component vis="true" id="mx2345_holder" compid="mx2345"><![CDATA[<input   role="textbox"  id="mx2345" class="fld text  "     ctype="textbox"   li="mx2346"  db="mx2187"   maxlength="14" style=";width:75.0px;"   async='1'  ae="setvalue"    type="text" title="PO Box" value="" ov="" work="1" fldInfo='{&quot;length&quot;:&quot;14&quot;,&quot;inttype&quot;:&quot;0&quot;}'/>]]></component>
	<compvalue id="mx2345"><![CDATA[]]></compvalue>
<component vis="true" id="mx2351_holder" compid="mx2351"><![CDATA[<label ctype="label"  id="mx2351"    noclick="1"   targetid="mx2351"    class="text label  label  " style="display:block;padding-left:2px;padding-top:2px;;;;;" for="mx2353" title="Dependent Locality">Dependent Locality:</label>]]></component>
<component vis="true" id="mx2353_holder" compid="mx2353"><![CDATA[<input   role="textbox"  id="mx2353" class="fld text  "     ctype="textbox"   li="mx2354"  db="mx2187"   maxlength="40" style=";width:300.0px;"   async='1'  ae="setvalue"    type="text" title="Dependent Locality" value="" ov="" work="1" fldInfo='{&quot;length&quot;:&quot;40&quot;,&quot;inttype&quot;:&quot;0&quot;}'/>]]></component>
	<compvalue id="mx2353"><![CDATA[]]></compvalue>
<component vis="true" id="mx2359_holder" compid="mx2359"><![CDATA[<label ctype="label"  id="mx2359"    noclick="1"   targetid="mx2359"    class="text label  label  " style="display:block;padding-left:2px;padding-top:2px;;;;;" for="mx2361" title="Dependent Street">Dependent Street:</label>]]></component>
<component vis="true" id="mx2361_holder" compid="mx2361"><![CDATA[<input   role="textbox"  id="mx2361" class="fld text  "     ctype="textbox"   li="mx2362"  db="mx2187"   maxlength="40" style=";width:300.0px;"   async='1'  ae="setvalue"    type="text" title="Dependent Street" value="" ov="" work="1" fldInfo='{&quot;length&quot;:&quot;40&quot;,&quot;inttype&quot;:&quot;0&quot;}'/>]]></component>
	<compvalue id="mx2361"><![CDATA[]]></compvalue>
<component vis="true" id="mx2367_holder" compid="mx2367"><![CDATA[<label ctype="label"  id="mx2367"    noclick="1"   targetid="mx2367"    class="text label  label  " style="display:block;padding-left:2px;padding-top:2px;;;;;" for="mx2369" title="Double Dependent Locality">Double Dependent Locality:</label>]]></component>
<component vis="true" id="mx2369_holder" compid="mx2369"><![CDATA[<input   role="textbox"  id="mx2369" class="fld text  "     ctype="textbox"   li="mx2370"  db="mx2187"   maxlength="40" style=";width:300.0px;"   async='1'  ae="setvalue"    type="text" title="Double Dependent Locality" value="" ov="" work="1" fldInfo='{&quot;length&quot;:&quot;40&quot;,&quot;inttype&quot;:&quot;0&quot;}'/>]]></component>
	<compvalue id="mx2369"><![CDATA[]]></compvalue>
<component vis="true" id="mx2375_holder" compid="mx2375"><![CDATA[<label ctype="label"  id="mx2375"    noclick="1"   targetid="mx2375"    class="text label  label  " style="display:block;padding-left:2px;padding-top:2px;;;;;" for="mx2377" title="Locality Alias">Locality Alias:</label>]]></component>
<component vis="true" id="mx2377_holder" compid="mx2377"><![CDATA[<input   role="textbox"  id="mx2377" class="fld text  "     ctype="textbox"   li="mx2378"  db="mx2187"   maxlength="50" style=";width:300.0px;"   async='1'  ae="setvalue"    type="text" title="Locality Alias" value="" ov="" work="1" fldInfo='{&quot;length&quot;:&quot;50&quot;,&quot;inttype&quot;:&quot;0&quot;}'/>]]></component>
	<compvalue id="mx2377"><![CDATA[]]></compvalue>
<component vis="true" id="mx2383_holder" compid="mx2383"><![CDATA[<label ctype="label"  id="mx2383"    noclick="1"   targetid="mx2383"    class="text label  label  " style="display:block;padding-left:2px;padding-top:2px;;;;;" for="mx2385" title="Delivery Point Alias">Delivery Point Alias:</label>]]></component>
<component vis="true" id="mx2385_holder" compid="mx2385"><![CDATA[<input   role="textbox"  id="mx2385" class="fld text  "     ctype="textbox"   li="mx2386"  db="mx2187"   maxlength="100" style=";width:300.0px;"   async='1'  ae="setvalue"    type="text" title="Delivery Point Alias" value="" ov="" work="1" fldInfo='{&quot;length&quot;:&quot;100&quot;,&quot;inttype&quot;:&quot;0&quot;}'/>]]></component>
	<compvalue id="mx2385"><![CDATA[]]></compvalue>
<component vis="true" id="mx2391_holder" compid="mx2391"><![CDATA[<label ctype="label"  id="mx2391"    noclick="1"  onclick=document.getElementById('mx2393').click() targetid="mx2391"    class="text label  label  " style="display:table;padding-left:2px;padding-top:2px;;;;;" for="mx2393" title="Temporary Address Indicator">Temporary Address Indicator?</label>]]></component>
<component vis="true" id="mx2393_holder" compid="mx2393"><![CDATA[
	<table role="presentation" id="mx2393_tb" border="0" cellspacing="0" cellpadding="0" style="margin:0px;vertical-align:middle;border:0px;display:inline;" class="_b">
		<tbody>
			<tr>
				<td valign="middle"><a role="checkbox"  aria-checked="false" id="mx2393" ctype="checkbox" class="cb09"  title="Temporary Address Indicator: unchecked" tabindex="0" style="cursor:default" imgid="mx2393_img" mxejse="cbHdlr" async='1' ae="toggle" fldInfo='{&quot;length&quot;:&quot;&quot;,&quot;inttype&quot;:&quot;&quot;,&quot;eventpriority&quot;:2}'><img border="0" alt="Temporary Address Indicator: unchecked" tabindex="-1" align="texttop" id="mx2393_img"  class="checkbox  " src="../webclient/skins-20170809-1350/tivoli09/images/cb_unchecked.gif"  imgtype="gif" imgname="cb_" checked="unchecked" style="cursor:default" readonly="false" onfocus="this.parentNode.focus()"/></a></td>
			</tr>
		</tbody>
	</table>
]]></component>
<component vis="true" id="mx2398_holder" compid="mx2398"><![CDATA[<label ctype="label"  id="mx2398"    noclick="1"   targetid="mx2398"    class="text label  label  " style="display:block;padding-left:2px;padding-top:2px;;;;;" for="mx2400" title="Reported By">Reported By:</label>]]></component>
<component vis="true" id="mx2400_holder" compid="mx2400"><![CDATA[<input   role="textbox"  id="mx2400" class="fld text  "     ctype="textbox"   li="mx2401"  db="mx2187"   maxlength="30" style=";width:75.0px;"   async='1'  ae="setvalue"    type="text" title="Reported By" value="" ov="" work="1" fldInfo='{&quot;length&quot;:&quot;30&quot;,&quot;inttype&quot;:&quot;0&quot;}'/>]]></component>
	<compvalue id="mx2400"><![CDATA[]]></compvalue>
<component vis="true" id="mx2406_holder" compid="mx2406"><![CDATA[<label ctype="label"  id="mx2406"    noclick="1"   targetid="mx2406"    class="text label  label  " style="display:block;padding-left:2px;padding-top:2px;;;;;" for="mx2408" title="Other Information">Other Information:</label>]]></component>
<component vis="true" id="mx2408_holder" compid="mx2408"><![CDATA[<textarea id="mx2408"   class="fld text multilinetextbox   ta "   escamp="false" ctype="textarea" tabindex="0" async='1' ae="setvalue"   maxlength="80"   startatzero="true"  style="overflow:auto;width:300px;height:100px;;" work="1" dType="0" fldInfo="{&quot;length&quot;:&quot;80&quot;,&quot;inttype&quot;:&quot;0&quot;}" linkedimage="mx2409"></textarea>]]></component>
	<compvalue id="mx2408"><![CDATA[]]></compvalue>
	<component id="mx2418_holder"><![CDATA[<script>
		var el = document.getElementById("mx2418");
		if(el)
		{
			el.style.display="";
		}
	</script>]]></component>
<component vis="true" id="mx2417_holder" compid="mx2417"><![CDATA[<a  href="javascript: void(0);" ctype="toggleimage" ev="true" tabindex="0"  compid="mx2417"  title="Minimize Special Info Section"><img id="mx2417"  aria-disabled="true" aria-hidden="true"  tabindex="-1" border="0" class="ti   " src="../webclient/skins-20170809-1350/tivoli09/images/minimize.gif" source="minimize.gif" imgtype="" ev="true" align="top" style="display:block;margin:0px;"  alt="Minimize Special Info Section"  /></a>
]]></component>
<component vis="true" id="mx2458_holder" compid="mx2458"><![CDATA[<label ctype="label"  id="mx2458"    noclick="1"   targetid="mx2458"    class="text label  label  " style="display:block;padding-left:2px;padding-top:2px;;;;;" for="mx2460" title="Contract Indicator">Contract Indicator:</label>]]></component>
<component vis="true" id="mx2460_holder" compid="mx2460"><![CDATA[<input   role="textbox"  id="mx2460" class="fld text  "     ctype="textbox"   li="mx2461"  db="mx2187"   maxlength="1" style=";width:70.0px;"   async='1'  ae="setvalue"    type="text" title="Contract Indicator: U" value="U" ov="U" work="1" fldInfo='{&quot;length&quot;:&quot;1&quot;,&quot;inttype&quot;:&quot;0&quot;,&quot;lookup&quot;:&quot;valuelist&quot;,&quot;eventpriority&quot;:2}'/>]]></component>
	<compvalue id="mx2460"><![CDATA[U]]></compvalue>
<component vis="true" id="mx2466_holder" compid="mx2466"><![CDATA[<label ctype="label"  id="mx2466"    noclick="1"   targetid="mx2466"    class="text label  label  " style="display:block;padding-left:2px;padding-top:2px;;;;;" for="mx2468" title="IGT">IGT:</label>]]></component>
<component vis="true" id="mx2468_holder" compid="mx2468"><![CDATA[<input   role="textbox"  id="mx2468" class="fld text  "     ctype="textbox"   li="mx2469"  db="mx2187"   maxlength="12" style=";width:75.0px;"   async='1'  ae="setvalue"    type="text" title="IGT" value="" ov="" work="1" fldInfo='{&quot;length&quot;:&quot;12&quot;,&quot;inttype&quot;:&quot;1&quot;}'/>]]></component>
	<compvalue id="mx2468"><![CDATA[]]></compvalue>
<component vis="true" id="mx2486_holder" compid="mx2486"><![CDATA[<label ctype="label"  id="mx2486"    noclick="1"   targetid="mx2486"    class="text label  label  " style="display:block;padding-left:2px;padding-top:2px;;;;;" for="mx2488" title="Special Needs">Special Needs:</label>]]></component>
<component vis="true" id="mx2488_holder" compid="mx2488"><![CDATA[<input   role="textbox"  id="mx2488" class="fld text  "     ctype="textbox"   li="mx2489"  db="mx2187"   maxlength="48" style=";width:300.0px;"   async='1'  ae="setvalue"    type="text" title="Special Needs" value="" ov="" work="1" fldInfo='{&quot;length&quot;:&quot;48&quot;,&quot;inttype&quot;:&quot;0&quot;}'/>]]></component>
	<compvalue id="mx2488"><![CDATA[]]></compvalue>
<component vis="true" id="mx2494_holder" compid="mx2494"><![CDATA[<label ctype="label"  id="mx2494"    noclick="1"   targetid="mx2494"    class="text label  label  " style="display:block;padding-left:2px;padding-top:2px;;;;;" for="mx2496" title="Special Instruction">Special Instruction:</label>]]></component>
<component vis="true" id="mx2496_holder" compid="mx2496"><![CDATA[<textarea id="mx2496"   class="fld text multilinetextbox   ta "   escamp="false" ctype="textarea" tabindex="0" async='1' ae="setvalue"   maxlength="500"   startatzero="true"  style="overflow:auto;width:300px;height:100px;;" work="1" dType="0" fldInfo="{&quot;length&quot;:&quot;500&quot;,&quot;inttype&quot;:&quot;0&quot;}" linkedimage="mx2497"></textarea>]]></component>
	<compvalue id="mx2496"><![CDATA[]]></compvalue>
<component vis="true" id="mx2502_holder" compid="mx2502"><![CDATA[<label ctype="label"  id="mx2502"    noclick="1"   targetid="mx2502"    class="text label  label  " style="display:block;padding-left:2px;padding-top:2px;;;;;" for="mx2504" title="Special End User Category">Special End User Category:</label>]]></component>
<component vis="true" id="mx2504_holder" compid="mx2504"><![CDATA[<input   role="textbox"  id="mx2504" class="fld text  "     ctype="textbox"   li="mx2505"  db="mx2187"   maxlength="250" style=";width:300.0px;"   async='1'  ae="setvalue"    type="text" title="Special End User Category" value="" ov="" work="1" fldInfo='{&quot;length&quot;:&quot;250&quot;,&quot;inttype&quot;:&quot;0&quot;}'/>]]></component>
	<compvalue id="mx2504"><![CDATA[]]></compvalue>
<component vis="true" id="mx2510_holder" compid="mx2510"><![CDATA[<label ctype="label"  id="mx2510"    noclick="1"   targetid="mx2510"    class="text label  label  " style="display:block;padding-left:2px;padding-top:2px;;;;;" for="mx2512" title="Grid Reference">Grid Reference:</label>]]></component>
<component vis="true" id="mx2512_holder" compid="mx2512"><![CDATA[<input   role="textbox"  id="mx2512" class="fld text  "     ctype="textbox"   li="mx2513"  db="mx2187"   maxlength="35" style=";width:300.0px;"   async='1'  ae="setvalue"    type="text" title="Grid Reference" value="" ov="" work="1" fldInfo='{&quot;length&quot;:&quot;35&quot;,&quot;inttype&quot;:&quot;0&quot;}'/>]]></component>
	<compvalue id="mx2512"><![CDATA[]]></compvalue>
	<component id="mx2522_holder"><![CDATA[<script>
		var el = document.getElementById("mx2522");
		if(el)
		{
			el.style.display="";
		}
	</script>]]></component>
<component vis="true" id="mx2521_holder" compid="mx2521"><![CDATA[<a  href="javascript: void(0);" ctype="toggleimage" ev="true" tabindex="0"  compid="mx2521"  title="Minimize General Section"><img id="mx2521"  aria-disabled="true" aria-hidden="true"  tabindex="-1" border="0" class="ti   " src="../webclient/skins-20170809-1350/tivoli09/images/minimize.gif" source="minimize.gif" imgtype="" ev="true" align="top" style="display:block;margin:0px;"  alt="Minimize General Section"  /></a>
]]></component>

	<component id="mx2208_holder"><![CDATA[<script>
        el = document.getElementById("mx2208");
        if(el)
        {
            
			el.style.display="";
			el.setAttribute("aria-hidden" , "false");
			el.setAttribute("rownum", "0" );
		}
		el = document.getElementById("mx2208_inner");
		if(el)
		{
				el.style.display="";
				el.setAttribute("aria-hidden" , "false");
		}
	</script>]]></component>

<deferredscript><![CDATA[scrollScreen('0','0');resetLogoutTimer(true);if(tpaeConfig.validationOn) {setButtonEnabled(saveButton,true)};]]></deferredscript></server_response>