{
  "FilterHeaders": [
    {
      "Header": "xhrseqnum",
      "IncludeInScript": true
    },
    {
      "Header": "x-requested-with",
      "IncludeInScript": true
    },
    {
      "Header": "user-agent",
      "IncludeInScript": false
    },
    {
      "Header": "pageseqnum",
      "IncludeInScript": true
    },
    {
      "Header": "cache-control",
      "IncludeInScript": false
    },
    {
      "Header": "accept-language",
      "IncludeInScript": false
    },
    {
      "Header": "accept-encoding",
      "IncludeInScript": false
    },
    {
      "Header": "accept",
      "IncludeInScript": false
    },
    {
      "Header": "_qm_try",
      "IncludeInScript": true
    }
  ],
  "FilterResources": [
    {
      "IsNonResource": true,
      "type": "text/xml"
    },
    {
      "IsNonResource": false,
      "type": "text/plain"
    },
    {
      "IsNonResource": true,
      "type": "text/html"
    },
    {
      "IsNonResource": false,
      "type": "text/css"
    },
    {
      "IsNonResource": false,
      "type": "image/png"
    },
    {
      "IsNonResource": false,
      "type": "image/jpeg"
    },
    {
      "IsNonResource": false,
      "type": "image/gif"
    },
    {
      "IsNonResource": false,
      "type": "application/x-javascript"
    }
  ],
  "GeneralInfo": {
    "BrowserVersion": "",
    "MaxUsedConnections": 54,
    "RecordedBrowser": "Internet Explorer",
    "RecordingDate": "Apr-26-2018",
    "RecordingDuration": 591938,
    "RecordingTimeStamp": 1524735060,
    "TotalBytesReceived": 2503087,
    "TotalBytesSent": 112101,
    "TotalRequests": 209
  },
  "HostInfo": [
    {
      "DomainName": "porud755",
      "Domains": [
        {
          "HTTPVersion": "HTTP/1.1",
          "IP": "10.70.20.109",
          "IncludeInScript": true,
          "Name": "porud755",
          "Port": 80,
          "Requests": [
            {
              "CompressionType": "",
              "DataType": "text/html",
              "DownloadTime": 235,
              "EventId": 832,
              "HttpStatus": 200,
              "Size": 6918,
              "URL": "http://porud755/maximo/webclient/login/login.jsp"
            },
            {
              "CompressionType": "",
              "DataType": "text/html",
              "DownloadTime": 203,
              "EventId": 830,
              "HttpStatus": 302,
              "Size": 0,
              "URL": "http://porud755/maximo/webclient/login/logout.jsp?uisessionid=18&csrftoken=cigf0i1bef9vfuj5hu8qrfev5h"
            },
            {
              "CompressionType": "",
              "DataType": "text/xml",
              "DownloadTime": 47,
              "EventId": 828,
              "HttpStatus": 200,
              "Size": 251,
              "URL": "http://porud755/maximo/ui/maximo.jsp"
            },
            {
              "CompressionType": "",
              "DataType": "text/xml",
              "DownloadTime": 109,
              "EventId": 818,
              "HttpStatus": 200,
              "Size": 31353,
              "URL": "http://porud755/maximo/ui/maximo.jsp"
            },
            {
              "CompressionType": "",
              "DataType": "text/xml",
              "DownloadTime": 203,
              "EventId": 811,
              "HttpStatus": 200,
              "Size": 32957,
              "URL": "http://porud755/maximo/ui/maximo.jsp"
            },
            {
              "CompressionType": "",
              "DataType": "text/xml",
              "DownloadTime": 156,
              "EventId": 809,
              "HttpStatus": 200,
              "Size": 866,
              "URL": "http://porud755/maximo/ui/maximo.jsp"
            },
            {
              "CompressionType": "",
              "DataType": "text/xml",
              "DownloadTime": 110,
              "EventId": 807,
              "HttpStatus": 200,
              "Size": 866,
              "URL": "http://porud755/maximo/ui/maximo.jsp"
            },
            {
              "CompressionType": "",
              "DataType": "text/xml",
              "DownloadTime": 62,
              "EventId": 805,
              "HttpStatus": 200,
              "Size": 866,
              "URL": "http://porud755/maximo/ui/maximo.jsp"
            },
            {
              "CompressionType": "",
              "DataType": "image/gif",
              "DownloadTime": 32,
              "EventId": 803,
              "HttpStatus": 200,
              "Size": 5931,
              "URL": "http://porud755/maximo/webclient/skins-20170809-1350/tivoli09/images/progressbar.gif"
            },
            {
              "CompressionType": "",
              "DataType": "text/xml",
              "DownloadTime": 31,
              "EventId": 800,
              "HttpStatus": 200,
              "Size": 5925,
              "URL": "http://porud755/maximo/ui/maximo.jsp"
            },
            {
              "CompressionType": "",
              "DataType": "text/xml",
              "DownloadTime": 94,
              "EventId": 797,
              "HttpStatus": 200,
              "Size": 2812,
              "URL": "http://porud755/maximo/ui/maximo.jsp"
            },
            {
              "CompressionType": "",
              "DataType": "text/xml",
              "DownloadTime": 203,
              "EventId": 795,
              "HttpStatus": 200,
              "Size": 718,
              "URL": "http://porud755/maximo/ui/maximo.jsp"
            },
            {
              "CompressionType": "",
              "DataType": "image/gif",
              "DownloadTime": 47,
              "EventId": 793,
              "HttpStatus": 200,
              "Size": 623,
              "URL": "http://porud755/maximo/webclient/skins-20170809-1350/tivoli09/images/IE_dropdown_over.gif"
            },
            {
              "CompressionType": "",
              "DataType": "image/gif",
              "DownloadTime": 31,
              "EventId": 786,
              "HttpStatus": 200,
              "Size": 384,
              "URL": "http://porud755/maximo/webclient/skins-20170809-1350/tivoli09/images/IE_dropdown.gif"
            },
            {
              "CompressionType": "",
              "DataType": "text/xml",
              "DownloadTime": 6812,
              "EventId": 780,
              "HttpStatus": 200,
              "Size": 25641,
              "URL": "http://porud755/maximo/ui/maximo.jsp"
            },
            {
              "CompressionType": "",
              "DataType": "text/html",
              "DownloadTime": 63,
              "EventId": 763,
              "HttpStatus": 200,
              "Size": 169370,
              "URL": "http://porud755/maximo/ui/maximo.jsp?event=render&targetid=emgwotrack&value=rerender&uisessionid=18&csrftoken=cigf0i1bef9vfuj5hu8qrfev5h"
            },
            {
              "CompressionType": "",
              "DataType": "text/xml",
              "DownloadTime": 2094,
              "EventId": 761,
              "HttpStatus": 200,
              "Size": 286,
              "URL": "http://porud755/maximo/ui/maximo.jsp"
            },
            {
              "CompressionType": "",
              "DataType": "text/xml",
              "DownloadTime": 375,
              "EventId": 752,
              "HttpStatus": 200,
              "Size": 41310,
              "URL": "http://porud755/maximo/ui/maximo.jsp"
            },
            {
              "CompressionType": "",
              "DataType": "image/gif",
              "DownloadTime": 31,
              "EventId": 747,
              "HttpStatus": 200,
              "Size": 625,
              "URL": "http://porud755/maximo/webclient/skins-20170809-1350/tivoli09/images/btn_addtobookmarks.gif"
            },
            {
              "CompressionType": "",
              "DataType": "text/xml",
              "DownloadTime": 969,
              "EventId": 736,
              "HttpStatus": 200,
              "Size": 97548,
              "URL": "http://porud755/maximo/ui/maximo.jsp"
            },
            {
              "CompressionType": "",
              "DataType": "image/png",
              "DownloadTime": 47,
              "EventId": 724,
              "HttpStatus": 200,
              "Size": 11304,
              "URL": "http://porud755/maximo/webclient/skins-20170809-1350/tivoli09/images/banner_swoosh_applink.png"
            },
            {
              "CompressionType": "",
              "DataType": "image/png",
              "DownloadTime": 47,
              "EventId": 722,
              "HttpStatus": 200,
              "Size": 195,
              "URL": "http://porud755/maximo/webclient/skins-20170809-1350/tivoli09/images/banner_bkg_applink.png"
            },
            {
              "CompressionType": "",
              "DataType": "image/gif",
              "DownloadTime": 79,
              "EventId": 719,
              "HttpStatus": 200,
              "Size": 324,
              "URL": "http://porud755/maximo/webclient/skins-20170809-1350/tivoli09/images/btn_applinkReturnValue.gif"
            },
            {
              "CompressionType": "",
              "DataType": "image/gif",
              "DownloadTime": 156,
              "EventId": 716,
              "HttpStatus": 200,
              "Size": 303,
              "URL": "http://porud755/maximo/webclient/skins-20170809-1350/tivoli09/images/btn_applinkReturn.gif"
            },
            {
              "CompressionType": "",
              "DataType": "image/gif",
              "DownloadTime": 47,
              "EventId": 714,
              "HttpStatus": 200,
              "Size": 758,
              "URL": "http://porud755/maximo/webclient/skins-20170809-1350/tivoli09/images/nav_icon_insert.gif"
            },
            {
              "CompressionType": "",
              "DataType": "image/gif",
              "DownloadTime": 78,
              "EventId": 708,
              "HttpStatus": 200,
              "Size": 142,
              "URL": "http://porud755/maximo/webclient/skins-20170809-1350/tivoli09/images/appimg_generic.gif"
            },
            {
              "CompressionType": "",
              "DataType": "text/html",
              "DownloadTime": 94,
              "EventId": 694,
              "HttpStatus": 200,
              "Size": 91096,
              "URL": "http://porud755/maximo/ui/maximo.jsp?event=gotoapp&value=XMPRN&uisessionid=18&csrftoken=cigf0i1bef9vfuj5hu8qrfev5h"
            },
            {
              "CompressionType": "",
              "DataType": "text/xml",
              "DownloadTime": 31,
              "EventId": 692,
              "HttpStatus": 200,
              "Size": 264,
              "URL": "http://porud755/maximo/ui/maximo.jsp"
            },
            {
              "CompressionType": "",
              "DataType": "image/gif",
              "DownloadTime": 31,
              "EventId": 686,
              "HttpStatus": 200,
              "Size": 585,
              "URL": "http://porud755/maximo/webclient/skins-20170809-1350/tivoli09/images/menu_icon_link.gif"
            },
            {
              "CompressionType": "",
              "DataType": "text/xml",
              "DownloadTime": 78,
              "EventId": 684,
              "HttpStatus": 200,
              "Size": 724,
              "URL": "http://porud755/maximo/ui/maximo.jsp"
            },
            {
              "CompressionType": "",
              "DataType": "image/gif",
              "DownloadTime": 62,
              "EventId": 682,
              "HttpStatus": 200,
              "Size": 1305,
              "URL": "http://porud755/maximo/webclient/skins-20170809-1350/tivoli09/images/img_menu_over.gif"
            },
            {
              "CompressionType": "",
              "DataType": "image/gif",
              "DownloadTime": 31,
              "EventId": 675,
              "HttpStatus": 200,
              "Size": 329,
              "URL": "http://porud755/maximo/webclient/skins-20170809-1350/tivoli09/images/img_row_select.gif"
            },
            {
              "CompressionType": "",
              "DataType": "text/xml",
              "DownloadTime": 187,
              "EventId": 669,
              "HttpStatus": 200,
              "Size": 37005,
              "URL": "http://porud755/maximo/ui/maximo.jsp"
            },
            {
              "CompressionType": "",
              "DataType": "image/gif",
              "DownloadTime": 46,
              "EventId": 663,
              "HttpStatus": 200,
              "Size": 655,
              "URL": "http://porud755/maximo/webclient/skins-20170809-1350/tivoli09/images/qf_find_disabled.gif"
            },
            {
              "CompressionType": "",
              "DataType": "image/gif",
              "DownloadTime": 47,
              "EventId": 660,
              "HttpStatus": 200,
              "Size": 547,
              "URL": "http://porud755/maximo/webclient/skins-20170809-1350/tivoli09/images/tablebtn_filter_off.gif"
            },
            {
              "CompressionType": "",
              "DataType": "text/xml",
              "DownloadTime": 157,
              "EventId": 647,
              "HttpStatus": 200,
              "Size": 110148,
              "URL": "http://porud755/maximo/ui/maximo.jsp"
            },
            {
              "CompressionType": "",
              "DataType": "text/xml",
              "DownloadTime": 63,
              "EventId": 642,
              "HttpStatus": 200,
              "Size": 2342,
              "URL": "http://porud755/maximo/ui/maximo.jsp"
            },
            {
              "CompressionType": "",
              "DataType": "text/xml",
              "DownloadTime": 687,
              "EventId": 632,
              "HttpStatus": 200,
              "Size": 2341,
              "URL": "http://porud755/maximo/ui/maximo.jsp"
            },
            {
              "CompressionType": "",
              "DataType": "image/png",
              "DownloadTime": 31,
              "EventId": 630,
              "HttpStatus": 200,
              "Size": 120,
              "URL": "http://porud755/maximo/webclient/javascript/dojo-20130903-1504/dijit/themes/tundra/images/buttonEnabled.png"
            },
            {
              "CompressionType": "",
              "DataType": "image/png",
              "DownloadTime": 32,
              "EventId": 628,
              "HttpStatus": 200,
              "Size": 338,
              "URL": "http://porud755/maximo/webclient/javascript/dojo-20130903-1504/dijit/themes/tundra/images/spriteArrows.png"
            },
            {
              "CompressionType": "",
              "DataType": "image/png",
              "DownloadTime": 47,
              "EventId": 625,
              "HttpStatus": 200,
              "Size": 2195,
              "URL": "http://porud755/maximo/webclient/javascript/dojo-20130903-1504/dijit/themes/tundra/images/spriteRoundedIconsSmall.png"
            },
            {
              "CompressionType": "",
              "DataType": "image/png",
              "DownloadTime": 62,
              "EventId": 623,
              "HttpStatus": 200,
              "Size": 161,
              "URL": "http://porud755/maximo/webclient/javascript/dojo-20130903-1504/dijit/themes/tundra/images/calendarDayLabel.png"
            },
            {
              "CompressionType": "",
              "DataType": "image/png",
              "DownloadTime": 62,
              "EventId": 620,
              "HttpStatus": 200,
              "Size": 151,
              "URL": "http://porud755/maximo/webclient/javascript/dojo-20130903-1504/dijit/themes/tundra/images/titleBar.png"
            },
            {
              "CompressionType": "",
              "DataType": "image/png",
              "DownloadTime": 62,
              "EventId": 617,
              "HttpStatus": 200,
              "Size": 172,
              "URL": "http://porud755/maximo/webclient/javascript/dojo-20130903-1504/dijit/themes/tundra/images/calendarYearLabel.png"
            },
            {
              "CompressionType": "",
              "DataType": "text/html",
              "DownloadTime": 156,
              "EventId": 614,
              "HttpStatus": 200,
              "Size": 73,
              "URL": "http://porud755/maximo/webclient/javascript/dojo-20130903-1504/dojo/resources/blank.html"
            },
            {
              "CompressionType": "",
              "DataType": "application/x-javascript",
              "DownloadTime": 31,
              "EventId": 608,
              "HttpStatus": 200,
              "Size": 653,
              "URL": "http://porud755/maximo/webclient/javascript/dojo-20130903-1504/dojo/cldr/nls/en-gb/gregorian.js"
            },
            {
              "CompressionType": "",
              "DataType": "image/gif",
              "DownloadTime": 31,
              "EventId": 606,
              "HttpStatus": 200,
              "Size": 1320,
              "URL": "http://porud755/maximo/webclient/skins-20170809-1350/tivoli09/images/img_date_time_over.gif"
            },
            {
              "CompressionType": "",
              "DataType": "text/xml",
              "DownloadTime": 313,
              "EventId": 593,
              "HttpStatus": 200,
              "Size": 6308,
              "URL": "http://porud755/maximo/ui/maximo.jsp"
            },
            {
              "CompressionType": "",
              "DataType": "text/xml",
              "DownloadTime": 94,
              "EventId": 589,
              "HttpStatus": 200,
              "Size": 16679,
              "URL": "http://porud755/maximo/ui/maximo.jsp"
            },
            {
              "CompressionType": "",
              "DataType": "text/xml",
              "DownloadTime": 110,
              "EventId": 580,
              "HttpStatus": 200,
              "Size": 41017,
              "URL": "http://porud755/maximo/ui/maximo.jsp"
            },
            {
              "CompressionType": "",
              "DataType": "text/xml",
              "DownloadTime": 484,
              "EventId": 574,
              "HttpStatus": 200,
              "Size": 3238,
              "URL": "http://porud755/maximo/ui/maximo.jsp"
            },
            {
              "CompressionType": "",
              "DataType": "image/gif",
              "DownloadTime": 47,
              "EventId": 572,
              "HttpStatus": 200,
              "Size": 626,
              "URL": "http://porud755/maximo/webclient/skins-20170809-1350/tivoli09/images/qf_clear.gif"
            },
            {
              "CompressionType": "",
              "DataType": "text/xml",
              "DownloadTime": 172,
              "EventId": 567,
              "HttpStatus": 200,
              "Size": 17394,
              "URL": "http://porud755/maximo/ui/maximo.jsp"
            },
            {
              "CompressionType": "",
              "DataType": "image/gif",
              "DownloadTime": 47,
              "EventId": 560,
              "HttpStatus": 200,
              "Size": 603,
              "URL": "http://porud755/maximo/webclient/skins-20170809-1350/tivoli09/images/tablebtn_next_on.gif"
            },
            {
              "CompressionType": "",
              "DataType": "image/gif",
              "DownloadTime": 62,
              "EventId": 558,
              "HttpStatus": 200,
              "Size": 237,
              "URL": "http://porud755/maximo/webclient/skins-20170809-1350/tivoli09/images/tablebtn_download.gif"
            },
            {
              "CompressionType": "",
              "DataType": "image/gif",
              "DownloadTime": 125,
              "EventId": 556,
              "HttpStatus": 200,
              "Size": 606,
              "URL": "http://porud755/maximo/webclient/skins-20170809-1350/tivoli09/images/tablebtn_nextdown_on.gif"
            },
            {
              "CompressionType": "",
              "DataType": "text/xml",
              "DownloadTime": 2281,
              "EventId": 537,
              "HttpStatus": 200,
              "Size": 101619,
              "URL": "http://porud755/maximo/ui/maximo.jsp"
            },
            {
              "CompressionType": "",
              "DataType": "image/gif",
              "DownloadTime": 94,
              "EventId": 535,
              "HttpStatus": 200,
              "Size": 1330,
              "URL": "http://porud755/maximo/webclient/skins-20170809-1350/tivoli09/images/img_lookup_over.gif"
            },
            {
              "CompressionType": "",
              "DataType": "application/x-javascript",
              "DownloadTime": 47,
              "EventId": 525,
              "HttpStatus": 200,
              "Size": 2680,
              "URL": "http://porud755/maximo/webclient/javascript/dojo-20130903-1504/dojo/cldr/nls/en/islamic.js"
            },
            {
              "CompressionType": "",
              "DataType": "application/x-javascript",
              "DownloadTime": 63,
              "EventId": 523,
              "HttpStatus": 200,
              "Size": 3512,
              "URL": "http://porud755/maximo/webclient/javascript/dojo-20130903-1504/dojo/cldr/nls/en/gregorian.js"
            },
            {
              "CompressionType": "",
              "DataType": "application/x-javascript",
              "DownloadTime": 125,
              "EventId": 508,
              "HttpStatus": 200,
              "Size": 175974,
              "URL": "http://porud755/maximo/webclient/javascript/dojo-20130903-1504/layers/mbs/calendar.js"
            },
            {
              "CompressionType": "",
              "DataType": "image/gif",
              "DownloadTime": 47,
              "EventId": 506,
              "HttpStatus": 200,
              "Size": 926,
              "URL": "http://porud755/maximo/webclient/skins-20170809-1350/tivoli09/images/cb_unchecked.gif"
            },
            {
              "CompressionType": "",
              "DataType": "image/gif",
              "DownloadTime": 47,
              "EventId": 504,
              "HttpStatus": 200,
              "Size": 690,
              "URL": "http://porud755/maximo/webclient/skins-20170809-1350/tivoli09/images/img_date_time.gif"
            },
            {
              "CompressionType": "",
              "DataType": "image/gif",
              "DownloadTime": 62,
              "EventId": 502,
              "HttpStatus": 200,
              "Size": 925,
              "URL": "http://porud755/maximo/webclient/skins-20170809-1350/tivoli09/images/cb_uncheckedreadonly.gif"
            },
            {
              "CompressionType": "",
              "DataType": "image/gif",
              "DownloadTime": 78,
              "EventId": 500,
              "HttpStatus": 200,
              "Size": 959,
              "URL": "http://porud755/maximo/webclient/skins-20170809-1350/tivoli09/images/cb_checked.gif"
            },
            {
              "CompressionType": "",
              "DataType": "image/gif",
              "DownloadTime": 141,
              "EventId": 498,
              "HttpStatus": 200,
              "Size": 631,
              "URL": "http://porud755/maximo/webclient/skins-20170809-1350/tivoli09/images/img_longdescription_off.gif"
            },
            {
              "CompressionType": "",
              "DataType": "image/gif",
              "DownloadTime": 62,
              "EventId": 496,
              "HttpStatus": 200,
              "Size": 836,
              "URL": "http://porud755/maximo/webclient/skins-20170809-1350/tivoli09/images/required_label.gif"
            },
            {
              "CompressionType": "",
              "DataType": "image/gif",
              "DownloadTime": 93,
              "EventId": 493,
              "HttpStatus": 200,
              "Size": 660,
              "URL": "http://porud755/maximo/webclient/skins-20170809-1350/tivoli09/images/img_attachments.gif"
            },
            {
              "CompressionType": "",
              "DataType": "image/gif",
              "DownloadTime": 78,
              "EventId": 490,
              "HttpStatus": 200,
              "Size": 807,
              "URL": "http://porud755/maximo/webclient/skins-20170809-1350/tivoli09/images/required.gif"
            },
            {
              "CompressionType": "",
              "DataType": "text/xml",
              "DownloadTime": 4250,
              "EventId": 462,
              "HttpStatus": 200,
              "Size": 142184,
              "URL": "http://porud755/maximo/ui/maximo.jsp"
            },
            {
              "CompressionType": "",
              "DataType": "image/gif",
              "DownloadTime": 141,
              "EventId": 452,
              "HttpStatus": 200,
              "Size": 345,
              "URL": "http://porud755/maximo/webclient/skins-20170809-1350/tivoli09/images/img_menu.gif"
            },
            {
              "CompressionType": "",
              "DataType": "image/gif",
              "DownloadTime": 63,
              "EventId": 450,
              "HttpStatus": 200,
              "Size": 600,
              "URL": "http://porud755/maximo/webclient/skins-20170809-1350/tivoli09/images/img_lookup.gif"
            },
            {
              "CompressionType": "",
              "DataType": "image/gif",
              "DownloadTime": 109,
              "EventId": 448,
              "HttpStatus": 200,
              "Size": 856,
              "URL": "http://porud755/maximo/webclient/skins-20170809-1350/tivoli09/images/table_cb_unchecked.gif"
            },
            {
              "CompressionType": "",
              "DataType": "image/gif",
              "DownloadTime": 109,
              "EventId": 446,
              "HttpStatus": 200,
              "Size": 204,
              "URL": "http://porud755/maximo/webclient/skins-20170809-1350/tivoli09/images/minimize.gif"
            },
            {
              "CompressionType": "",
              "DataType": "image/gif",
              "DownloadTime": 94,
              "EventId": 444,
              "HttpStatus": 200,
              "Size": 237,
              "URL": "http://porud755/maximo/webclient/skins-20170809-1350/tivoli09/images/tablebtn_download_off.gif"
            },
            {
              "CompressionType": "",
              "DataType": "image/gif",
              "DownloadTime": 125,
              "EventId": 442,
              "HttpStatus": 200,
              "Size": 612,
              "URL": "http://porud755/maximo/webclient/skins-20170809-1350/tivoli09/images/tablebtn_previous_off.gif"
            },
            {
              "CompressionType": "",
              "DataType": "image/gif",
              "DownloadTime": 78,
              "EventId": 440,
              "HttpStatus": 200,
              "Size": 601,
              "URL": "http://porud755/maximo/webclient/skins-20170809-1350/tivoli09/images/tablebtn_next_off.gif"
            },
            {
              "CompressionType": "",
              "DataType": "image/gif",
              "DownloadTime": 47,
              "EventId": 438,
              "HttpStatus": 200,
              "Size": 605,
              "URL": "http://porud755/maximo/webclient/skins-20170809-1350/tivoli09/images/tablebtn_nextdown_off.gif"
            },
            {
              "CompressionType": "",
              "DataType": "image/gif",
              "DownloadTime": 79,
              "EventId": 436,
              "HttpStatus": 200,
              "Size": 613,
              "URL": "http://porud755/maximo/webclient/skins-20170809-1350/tivoli09/images/tablebtn_nextup_off.gif"
            },
            {
              "CompressionType": "",
              "DataType": "image/gif",
              "DownloadTime": 110,
              "EventId": 434,
              "HttpStatus": 200,
              "Size": 1054,
              "URL": "http://porud755/maximo/webclient/skins-20170809-1350/tivoli09/images/qf_find.gif"
            },
            {
              "CompressionType": "",
              "DataType": "image/gif",
              "DownloadTime": 94,
              "EventId": 432,
              "HttpStatus": 200,
              "Size": 1136,
              "URL": "http://porud755/maximo/webclient/skins-20170809-1350/tivoli09/images/listab_refresh.gif"
            },
            {
              "CompressionType": "",
              "DataType": "image/gif",
              "DownloadTime": 78,
              "EventId": 430,
              "HttpStatus": 200,
              "Size": 625,
              "URL": "http://porud755/maximo/webclient/skins-20170809-1350/tivoli09/images/qf_clear_disabled.gif"
            },
            {
              "CompressionType": "",
              "DataType": "image/gif",
              "DownloadTime": 94,
              "EventId": 428,
              "HttpStatus": 200,
              "Size": 94,
              "URL": "http://porud755/maximo/webclient/skins-20170809-1350/tivoli09/images/img_arrow_quickfilter.gif"
            },
            {
              "CompressionType": "",
              "DataType": "image/gif",
              "DownloadTime": 94,
              "EventId": 426,
              "HttpStatus": 200,
              "Size": 875,
              "URL": "http://porud755/maximo/webclient/skins-20170809-1350/tivoli09/images/tablebtn_divider.gif"
            },
            {
              "CompressionType": "",
              "DataType": "image/gif",
              "DownloadTime": 93,
              "EventId": 424,
              "HttpStatus": 200,
              "Size": 339,
              "URL": "http://porud755/maximo/webclient/skins-20170809-1350/tivoli09/images/atb_bookmark.gif"
            },
            {
              "CompressionType": "",
              "DataType": "image/gif",
              "DownloadTime": 62,
              "EventId": 422,
              "HttpStatus": 200,
              "Size": 670,
              "URL": "http://porud755/maximo/webclient/skins-20170809-1350/tivoli09/images/atb_save.gif"
            },
            {
              "CompressionType": "",
              "DataType": "image/gif",
              "DownloadTime": 63,
              "EventId": 420,
              "HttpStatus": 200,
              "Size": 344,
              "URL": "http://porud755/maximo/webclient/skins-20170809-1350/tivoli09/images/tablebtn_filter_on.gif"
            },
            {
              "CompressionType": "",
              "DataType": "image/gif",
              "DownloadTime": 93,
              "EventId": 418,
              "HttpStatus": 200,
              "Size": 1054,
              "URL": "http://porud755/maximo/webclient/skins-20170809-1350/tivoli09/images/atb_search.gif"
            },
            {
              "CompressionType": "",
              "DataType": "image/gif",
              "DownloadTime": 94,
              "EventId": 416,
              "HttpStatus": 200,
              "Size": 488,
              "URL": "http://porud755/maximo/webclient/skins-20170809-1350/tivoli09/images/nav_icon_route.gif"
            },
            {
              "CompressionType": "",
              "DataType": "image/gif",
              "DownloadTime": 94,
              "EventId": 414,
              "HttpStatus": 200,
              "Size": 148,
              "URL": "http://porud755/maximo/webclient/skins-20170809-1350/tivoli09/images/atb_popoutmenu.gif"
            },
            {
              "CompressionType": "",
              "DataType": "image/gif",
              "DownloadTime": 110,
              "EventId": 412,
              "HttpStatus": 200,
              "Size": 139,
              "URL": "http://porud755/maximo/webclient/skins-20170809-1350/tivoli09/images/appimg_report.gif"
            },
            {
              "CompressionType": "",
              "DataType": "image/gif",
              "DownloadTime": 109,
              "EventId": 410,
              "HttpStatus": 200,
              "Size": 1179,
              "URL": "http://porud755/maximo/webclient/skins-20170809-1350/tivoli09/images/nav_icon_createQueryBasedReport.gif"
            },
            {
              "CompressionType": "",
              "DataType": "image/gif",
              "DownloadTime": 125,
              "EventId": 408,
              "HttpStatus": 200,
              "Size": 1089,
              "URL": "http://porud755/maximo/webclient/skins-20170809-1350/tivoli09/images/nav_icon_kpi.gif"
            },
            {
              "CompressionType": "",
              "DataType": "image/gif",
              "DownloadTime": 78,
              "EventId": 406,
              "HttpStatus": 200,
              "Size": 1162,
              "URL": "http://porud755/maximo/webclient/skins-20170809-1350/tivoli09/images/nav_icon_changestatus.gif"
            },
            {
              "CompressionType": "",
              "DataType": "image/gif",
              "DownloadTime": 140,
              "EventId": 404,
              "HttpStatus": 200,
              "Size": 1090,
              "URL": "http://porud755/maximo/webclient/skins-20170809-1350/tivoli09/images/nav_icon_clear.gif"
            },
            {
              "CompressionType": "",
              "DataType": "image/gif",
              "DownloadTime": 63,
              "EventId": 402,
              "HttpStatus": 200,
              "Size": 1124,
              "URL": "http://porud755/maximo/webclient/skins-20170809-1350/tivoli09/images/nav_icon_previous.gif"
            },
            {
              "CompressionType": "",
              "DataType": "image/gif",
              "DownloadTime": 63,
              "EventId": 400,
              "HttpStatus": 200,
              "Size": 1114,
              "URL": "http://porud755/maximo/webclient/skins-20170809-1350/tivoli09/images/nav_icon_next.gif"
            },
            {
              "CompressionType": "",
              "DataType": "image/gif",
              "DownloadTime": 125,
              "EventId": 398,
              "HttpStatus": 200,
              "Size": 1176,
              "URL": "http://porud755/maximo/webclient/skins-20170809-1350/tivoli09/images/nav_icon_save.gif"
            },
            {
              "CompressionType": "",
              "DataType": "image/gif",
              "DownloadTime": 94,
              "EventId": 396,
              "HttpStatus": 200,
              "Size": 744,
              "URL": "http://porud755/maximo/webclient/skins-20170809-1350/tivoli09/images/nav_icon_insertkey.gif"
            },
            {
              "CompressionType": "",
              "DataType": "image/gif",
              "DownloadTime": 157,
              "EventId": 394,
              "HttpStatus": 200,
              "Size": 533,
              "URL": "http://porud755/maximo/webclient/skins-20170809-1350/tivoli09/images/table_columnHeader_bkg.gif"
            },
            {
              "CompressionType": "",
              "DataType": "image/gif",
              "DownloadTime": 94,
              "EventId": 392,
              "HttpStatus": 200,
              "Size": 151,
              "URL": "http://porud755/maximo/webclient/skins-20170809-1350/tivoli09/images/table_filterRow_bkg.gif"
            },
            {
              "CompressionType": "",
              "DataType": "image/gif",
              "DownloadTime": 94,
              "EventId": 390,
              "HttpStatus": 200,
              "Size": 964,
              "URL": "http://porud755/maximo/webclient/skins-20170809-1350/tivoli09/images/table_toolbar_rcap.gif"
            },
            {
              "CompressionType": "",
              "DataType": "image/gif",
              "DownloadTime": 94,
              "EventId": 388,
              "HttpStatus": 200,
              "Size": 963,
              "URL": "http://porud755/maximo/webclient/skins-20170809-1350/tivoli09/images/table_toolbar_lcap.gif"
            },
            {
              "CompressionType": "",
              "DataType": "image/gif",
              "DownloadTime": 110,
              "EventId": 386,
              "HttpStatus": 200,
              "Size": 147,
              "URL": "http://porud755/maximo/webclient/skins-20170809-1350/tivoli09/images/nav_btn_menuArrow_Search.gif"
            },
            {
              "CompressionType": "",
              "DataType": "image/gif",
              "DownloadTime": 78,
              "EventId": 384,
              "HttpStatus": 200,
              "Size": 305,
              "URL": "http://porud755/maximo/webclient/skins-20170809-1350/tivoli09/images/table_toolbar_bkg.gif"
            },
            {
              "CompressionType": "",
              "DataType": "image/gif",
              "DownloadTime": 78,
              "EventId": 382,
              "HttpStatus": 200,
              "Size": 157,
              "URL": "http://porud755/maximo/webclient/skins-20170809-1350/tivoli09/images/toolbar/toolbar_bkg.gif"
            },
            {
              "CompressionType": "",
              "DataType": "image/gif",
              "DownloadTime": 62,
              "EventId": 380,
              "HttpStatus": 200,
              "Size": 288,
              "URL": "http://porud755/maximo/webclient/skins-20170809-1350/tivoli09/images/toolbar/toolbarsep.gif"
            },
            {
              "CompressionType": "",
              "DataType": "image/gif",
              "DownloadTime": 78,
              "EventId": 377,
              "HttpStatus": 200,
              "Size": 1146,
              "URL": "http://porud755/maximo/webclient/skins-20170809-1350/tivoli09/images/quicksearch.gif"
            },
            {
              "CompressionType": "",
              "DataType": "image/gif",
              "DownloadTime": 125,
              "EventId": 374,
              "HttpStatus": 200,
              "Size": 390,
              "URL": "http://porud755/maximo/webclient/skins-20170809-1350/tivoli09/images/IE_toolbar_dropdown.gif"
            },
            {
              "CompressionType": "",
              "DataType": "image/gif",
              "DownloadTime": 93,
              "EventId": 367,
              "HttpStatus": 200,
              "Size": 140,
              "URL": "http://porud755/maximo/webclient/skins-20170809-1350/tivoli09/images/appimg_wotrack.gif"
            },
            {
              "CompressionType": "",
              "DataType": "text/html",
              "DownloadTime": 890,
              "EventId": 353,
              "HttpStatus": 200,
              "Size": 109688,
              "URL": "http://porud755/maximo/ui/?event=loadapp&value=emgwotrack&uisessionid=18&csrftoken=cigf0i1bef9vfuj5hu8qrfev5h"
            },
            {
              "CompressionType": "",
              "DataType": "text/xml",
              "DownloadTime": 32,
              "EventId": 351,
              "HttpStatus": 200,
              "Size": 259,
              "URL": "http://porud755/maximo/ui/maximo.jsp"
            },
            {
              "CompressionType": "",
              "DataType": "image/gif",
              "DownloadTime": 16,
              "EventId": 341,
              "HttpStatus": 200,
              "Size": 881,
              "URL": "http://porud755/maximo/webclient/skins-20170809-1350/tivoli09/images/menus/item_over.gif"
            },
            {
              "CompressionType": "",
              "DataType": "image/png",
              "DownloadTime": 47,
              "EventId": 339,
              "HttpStatus": 200,
              "Size": 233,
              "URL": "http://porud755/maximo/webclient/skins-20170809-1350/tivoli09/images/menus/menuback.png"
            },
            {
              "CompressionType": "",
              "DataType": "image/gif",
              "DownloadTime": 78,
              "EventId": 337,
              "HttpStatus": 200,
              "Size": 1157,
              "URL": "http://porud755/maximo/webclient/skins-20170809-1350/tivoli09/images/modimg_taskMgmt.gif"
            },
            {
              "CompressionType": "",
              "DataType": "image/gif",
              "DownloadTime": 63,
              "EventId": 335,
              "HttpStatus": 200,
              "Size": 1132,
              "URL": "http://porud755/maximo/webclient/skins-20170809-1350/tivoli09/images/modimg_wo.gif"
            },
            {
              "CompressionType": "",
              "DataType": "image/gif",
              "DownloadTime": 62,
              "EventId": 333,
              "HttpStatus": 200,
              "Size": 1160,
              "URL": "http://porud755/maximo/webclient/skins-20170809-1350/tivoli09/images/modimg_util.gif"
            },
            {
              "CompressionType": "",
              "DataType": "image/gif",
              "DownloadTime": 94,
              "EventId": 331,
              "HttpStatus": 200,
              "Size": 1068,
              "URL": "http://porud755/maximo/webclient/skins-20170809-1350/tivoli09/images/modimg_sd.gif"
            },
            {
              "CompressionType": "",
              "DataType": "image/gif",
              "DownloadTime": 78,
              "EventId": 329,
              "HttpStatus": 200,
              "Size": 1134,
              "URL": "http://porud755/maximo/webclient/skins-20170809-1350/tivoli09/images/modimg_sla.gif"
            },
            {
              "CompressionType": "",
              "DataType": "image/gif",
              "DownloadTime": 78,
              "EventId": 327,
              "HttpStatus": 200,
              "Size": 1146,
              "URL": "http://porud755/maximo/webclient/skins-20170809-1350/tivoli09/images/modimg_release.gif"
            },
            {
              "CompressionType": "",
              "DataType": "image/gif",
              "DownloadTime": 63,
              "EventId": 325,
              "HttpStatus": 200,
              "Size": 650,
              "URL": "http://porud755/maximo/webclient/skins-20170809-1350/tivoli09/images/modimg_ssdr.gif"
            },
            {
              "CompressionType": "",
              "DataType": "image/gif",
              "DownloadTime": 78,
              "EventId": 323,
              "HttpStatus": 200,
              "Size": 679,
              "URL": "http://porud755/maximo/webclient/skins-20170809-1350/tivoli09/images/modimg_purchase.gif"
            },
            {
              "CompressionType": "",
              "DataType": "image/gif",
              "DownloadTime": 62,
              "EventId": 321,
              "HttpStatus": 200,
              "Size": 1129,
              "URL": "http://porud755/maximo/webclient/skins-20170809-1350/tivoli09/images/modimg_security.gif"
            },
            {
              "CompressionType": "",
              "DataType": "image/gif",
              "DownloadTime": 78,
              "EventId": 319,
              "HttpStatus": 200,
              "Size": 1036,
              "URL": "http://porud755/maximo/webclient/skins-20170809-1350/tivoli09/images/modimg_pm.gif"
            },
            {
              "CompressionType": "",
              "DataType": "image/gif",
              "DownloadTime": 93,
              "EventId": 317,
              "HttpStatus": 200,
              "Size": 1232,
              "URL": "http://porud755/maximo/webclient/skins-20170809-1350/tivoli09/images/modimg_int.gif"
            },
            {
              "CompressionType": "",
              "DataType": "image/gif",
              "DownloadTime": 94,
              "EventId": 315,
              "HttpStatus": 200,
              "Size": 717,
              "URL": "http://porud755/maximo/webclient/skins-20170809-1350/tivoli09/images/modimg_inventor.gif"
            },
            {
              "CompressionType": "",
              "DataType": "image/gif",
              "DownloadTime": 47,
              "EventId": 313,
              "HttpStatus": 200,
              "Size": 200,
              "URL": "http://porud755/maximo/webclient/skins-20170809-1350/tivoli09/images/modimg_plans.gif"
            },
            {
              "CompressionType": "",
              "DataType": "image/gif",
              "DownloadTime": 110,
              "EventId": 311,
              "HttpStatus": 200,
              "Size": 653,
              "URL": "http://porud755/maximo/webclient/skins-20170809-1350/tivoli09/images/modimg_configItems.gif"
            },
            {
              "CompressionType": "",
              "DataType": "image/gif",
              "DownloadTime": 110,
              "EventId": 309,
              "HttpStatus": 200,
              "Size": 1116,
              "URL": "http://porud755/maximo/webclient/skins-20170809-1350/tivoli09/images/modimg_contract.gif"
            },
            {
              "CompressionType": "",
              "DataType": "image/gif",
              "DownloadTime": 94,
              "EventId": 307,
              "HttpStatus": 200,
              "Size": 1159,
              "URL": "http://porud755/maximo/webclient/skins-20170809-1350/tivoli09/images/modimg_asset.gif"
            },
            {
              "CompressionType": "",
              "DataType": "image/gif",
              "DownloadTime": 93,
              "EventId": 305,
              "HttpStatus": 200,
              "Size": 476,
              "URL": "http://porud755/maximo/webclient/skins-20170809-1350/tivoli09/images/modimg_financial.gif"
            },
            {
              "CompressionType": "",
              "DataType": "image/gif",
              "DownloadTime": 110,
              "EventId": 303,
              "HttpStatus": 200,
              "Size": 1147,
              "URL": "http://porud755/maximo/webclient/skins-20170809-1350/tivoli09/images/modimg_change.gif"
            },
            {
              "CompressionType": "",
              "DataType": "image/gif",
              "DownloadTime": 109,
              "EventId": 299,
              "HttpStatus": 200,
              "Size": 841,
              "URL": "http://porud755/maximo/webclient/skins-20170809-1350/tivoli09/images/menus/blank.gif"
            },
            {
              "CompressionType": "",
              "DataType": "image/gif",
              "DownloadTime": 94,
              "EventId": 297,
              "HttpStatus": 200,
              "Size": 1217,
              "URL": "http://porud755/maximo/webclient/skins-20170809-1350/tivoli09/images/modimg_setup.gif"
            },
            {
              "CompressionType": "",
              "DataType": "text/plain",
              "DownloadTime": 47,
              "EventId": 276,
              "HttpStatus": 200,
              "Size": 39438,
              "URL": "http://porud755/maximo/webclient/skins-20170809-1350/tivoli09/images/maximo-icon.ico"
            },
            {
              "CompressionType": "",
              "DataType": "image/gif",
              "DownloadTime": 47,
              "EventId": 274,
              "HttpStatus": 200,
              "Size": 43,
              "URL": "http://porud755/maximo/webclient/javascript/dojo-20130903-1504/dojo/resources/blank.gif"
            },
            {
              "CompressionType": "",
              "DataType": "application/x-javascript",
              "DownloadTime": 32,
              "EventId": 271,
              "HttpStatus": 200,
              "Size": 2934,
              "URL": "http://porud755/maximo/webclient/javascript/dojo-20130903-1504/dojo/fx/Toggler.js"
            },
            {
              "CompressionType": "",
              "DataType": "application/x-javascript",
              "DownloadTime": 31,
              "EventId": 269,
              "HttpStatus": 200,
              "Size": 12256,
              "URL": "http://porud755/maximo/webclient/javascript/dojo-20130903-1504/dojo/fx.js"
            },
            {
              "CompressionType": "",
              "DataType": "application/x-javascript",
              "DownloadTime": 31,
              "EventId": 267,
              "HttpStatus": 200,
              "Size": 455,
              "URL": "http://porud755/maximo/webclient/javascript/dojo-20130903-1504/dojo/cldr/nls/en/number.js"
            },
            {
              "CompressionType": "",
              "DataType": "image/gif",
              "DownloadTime": 78,
              "EventId": 265,
              "HttpStatus": 200,
              "Size": 832,
              "URL": "http://porud755/maximo/webclient/skins-20170809-1350/tivoli09/images/blank.gif"
            },
            {
              "CompressionType": "",
              "DataType": "image/gif",
              "DownloadTime": 78,
              "EventId": 263,
              "HttpStatus": 200,
              "Size": 853,
              "URL": "http://porud755/maximo/webclient/skins-20170809-1350/tivoli09/images/dialogs/drag_header_middle.gif"
            },
            {
              "CompressionType": "",
              "DataType": "image/gif",
              "DownloadTime": 94,
              "EventId": 261,
              "HttpStatus": 200,
              "Size": 931,
              "URL": "http://porud755/maximo/webclient/skins-20170809-1350/tivoli09/images/ibm_logo_white.gif"
            },
            {
              "CompressionType": "",
              "DataType": "image/gif",
              "DownloadTime": 79,
              "EventId": 259,
              "HttpStatus": 200,
              "Size": 3531,
              "URL": "http://porud755/maximo/webclient/skins-20170809-1350/tivoli09/images/wait.gif"
            },
            {
              "CompressionType": "",
              "DataType": "image/png",
              "DownloadTime": 78,
              "EventId": 257,
              "HttpStatus": 200,
              "Size": 205,
              "URL": "http://porud755/maximo/webclient/skins-20170809-1350/tivoli09/images/banner_bkg.png"
            },
            {
              "CompressionType": "",
              "DataType": "image/png",
              "DownloadTime": 109,
              "EventId": 255,
              "HttpStatus": 200,
              "Size": 15891,
              "URL": "http://porud755/maximo/webclient/skins-20170809-1350/tivoli09/images/banner_swoosh.png"
            },
            {
              "CompressionType": "",
              "DataType": "image/gif",
              "DownloadTime": 125,
              "EventId": 253,
              "HttpStatus": 200,
              "Size": 1092,
              "URL": "http://porud755/maximo/webclient/skins-20170809-1350/tivoli09/images/btn_changecontent.gif"
            },
            {
              "CompressionType": "",
              "DataType": "image/gif",
              "DownloadTime": 156,
              "EventId": 251,
              "HttpStatus": 200,
              "Size": 1107,
              "URL": "http://porud755/maximo/webclient/skins-20170809-1350/tivoli09/images/btn_savetemplate.gif"
            },
            {
              "CompressionType": "",
              "DataType": "image/gif",
              "DownloadTime": 141,
              "EventId": 249,
              "HttpStatus": 200,
              "Size": 1122,
              "URL": "http://porud755/maximo/webclient/skins-20170809-1350/tivoli09/images/icon_details.gif"
            },
            {
              "CompressionType": "",
              "DataType": "image/gif",
              "DownloadTime": 156,
              "EventId": 247,
              "HttpStatus": 200,
              "Size": 1106,
              "URL": "http://porud755/maximo/webclient/skins-20170809-1350/tivoli09/images/btn_deletetemplate.gif"
            },
            {
              "CompressionType": "",
              "DataType": "image/gif",
              "DownloadTime": 157,
              "EventId": 245,
              "HttpStatus": 200,
              "Size": 289,
              "URL": "http://porud755/maximo/webclient/skins-20170809-1350/tivoli09/images/btn_help.gif"
            },
            {
              "CompressionType": "",
              "DataType": "image/gif",
              "DownloadTime": 109,
              "EventId": 243,
              "HttpStatus": 200,
              "Size": 1071,
              "URL": "http://porud755/maximo/webclient/skins-20170809-1350/tivoli09/images/btn_cancelchanges.gif"
            },
            {
              "CompressionType": "",
              "DataType": "application/x-javascript",
              "DownloadTime": 31,
              "EventId": 232,
              "HttpStatus": 200,
              "Size": 137463,
              "URL": "http://porud755/maximo/webclient/javascript/dojo-20130903-1504/layers/mbs/popuplayer.js"
            },
            {
              "CompressionType": "",
              "DataType": "image/gif",
              "DownloadTime": 47,
              "EventId": 230,
              "HttpStatus": 200,
              "Size": 300,
              "URL": "http://porud755/maximo/webclient/skins-20170809-1350/tivoli09/images/btn_signout.gif"
            },
            {
              "CompressionType": "",
              "DataType": "image/gif",
              "DownloadTime": 78,
              "EventId": 227,
              "HttpStatus": 200,
              "Size": 291,
              "URL": "http://porud755/maximo/webclient/skins-20170809-1350/tivoli09/images/btn_startcenter.gif"
            },
            {
              "CompressionType": "",
              "DataType": "image/gif",
              "DownloadTime": 109,
              "EventId": 224,
              "HttpStatus": 200,
              "Size": 187,
              "URL": "http://porud755/maximo/webclient/skins-20170809-1350/tivoli09/images/btn_reporting.gif"
            },
            {
              "CompressionType": "",
              "DataType": "image/gif",
              "DownloadTime": 31,
              "EventId": 221,
              "HttpStatus": 200,
              "Size": 879,
              "URL": "http://porud755/maximo/webclient/skins-20170809-1350/tivoli09/images/btn_profile.gif"
            },
            {
              "CompressionType": "",
              "DataType": "image/gif",
              "DownloadTime": 47,
              "EventId": 218,
              "HttpStatus": 200,
              "Size": 932,
              "URL": "http://porud755/maximo/webclient/skins-20170809-1350/tivoli09/images/gotoarrow.gif"
            },
            {
              "CompressionType": "",
              "DataType": "image/gif",
              "DownloadTime": 94,
              "EventId": 214,
              "HttpStatus": 200,
              "Size": 847,
              "URL": "http://porud755/maximo/webclient/skins-20170809-1350/tivoli09/images/btn_bboard.gif"
            },
            {
              "CompressionType": "",
              "DataType": "image/gif",
              "DownloadTime": 110,
              "EventId": 211,
              "HttpStatus": 200,
              "Size": 2104,
              "URL": "http://porud755/maximo/webclient/skins-20170809-1350/tivoli09/images/appimg_startcntr.gif"
            },
            {
              "CompressionType": "",
              "DataType": "image/gif",
              "DownloadTime": 62,
              "EventId": 209,
              "HttpStatus": 200,
              "Size": 559,
              "URL": "http://porud755/maximo/webclient/skins-20170809-1350/tivoli09/images/information.gif"
            },
            {
              "CompressionType": "",
              "DataType": "application/x-javascript",
              "DownloadTime": 94,
              "EventId": 207,
              "HttpStatus": 200,
              "Size": 6238,
              "URL": "http://porud755/maximo/webclient/javascript/dojo-20130903-1504/dojo/window.js"
            },
            {
              "CompressionType": "",
              "DataType": "application/x-javascript",
              "DownloadTime": 109,
              "EventId": 205,
              "HttpStatus": 200,
              "Size": 12923,
              "URL": "http://porud755/maximo/webclient/javascript/tpae-20170809-1350/dojo_library.js"
            },
            {
              "CompressionType": "",
              "DataType": "application/x-javascript",
              "DownloadTime": 93,
              "EventId": 202,
              "HttpStatus": 200,
              "Size": 130831,
              "URL": "http://porud755/maximo/webclient/javascript/dojo-20130903-1504/dojo/dojo.js"
            },
            {
              "CompressionType": "",
              "DataType": "image/png",
              "DownloadTime": 63,
              "EventId": 200,
              "HttpStatus": 200,
              "Size": 609,
              "URL": "http://porud755/maximo/webclient/skins-20170809-1350/tivoli09/images/async/question.png"
            },
            {
              "CompressionType": "",
              "DataType": "image/png",
              "DownloadTime": 62,
              "EventId": 198,
              "HttpStatus": 200,
              "Size": 714,
              "URL": "http://porud755/maximo/webclient/skins-20170809-1350/tivoli09/images/async/smartfill.png"
            },
            {
              "CompressionType": "",
              "DataType": "image/png",
              "DownloadTime": 78,
              "EventId": 196,
              "HttpStatus": 200,
              "Size": 629,
              "URL": "http://porud755/maximo/webclient/skins-20170809-1350/tivoli09/images/async/warning.png"
            },
            {
              "CompressionType": "",
              "DataType": "image/gif",
              "DownloadTime": 79,
              "EventId": 194,
              "HttpStatus": 200,
              "Size": 605,
              "URL": "http://porud755/maximo/webclient/skins-20170809-1350/tivoli09/images/async/working.gif"
            },
            {
              "CompressionType": "",
              "DataType": "image/gif",
              "DownloadTime": 109,
              "EventId": 192,
              "HttpStatus": 200,
              "Size": 845,
              "URL": "http://porud755/maximo/webclient/skins-20170809-1350/tivoli09/images/menus/menusub.gif"
            },
            {
              "CompressionType": "",
              "DataType": "image/png",
              "DownloadTime": 63,
              "EventId": 190,
              "HttpStatus": 200,
              "Size": 795,
              "URL": "http://porud755/maximo/webclient/skins-20170809-1350/tivoli09/images/async/error.png"
            },
            {
              "CompressionType": "",
              "DataType": "image/png",
              "DownloadTime": 62,
              "EventId": 188,
              "HttpStatus": 200,
              "Size": 180,
              "URL": "http://porud755/maximo/webclient/skins-20170809-1350/tivoli09/images/async/edited.png"
            },
            {
              "CompressionType": "",
              "DataType": "image/gif",
              "DownloadTime": 78,
              "EventId": 186,
              "HttpStatus": 200,
              "Size": 1265,
              "URL": "http://porud755/maximo/webclient/skins-20170809-1350/tivoli09/images/tb_button_highlight.gif"
            },
            {
              "CompressionType": "",
              "DataType": "image/gif",
              "DownloadTime": 78,
              "EventId": 184,
              "HttpStatus": 200,
              "Size": 829,
              "URL": "http://porud755/maximo/webclient/skins-20170809-1350/tivoli09/images/tabs/over.gif"
            },
            {
              "CompressionType": "",
              "DataType": "image/gif",
              "DownloadTime": 93,
              "EventId": 182,
              "HttpStatus": 200,
              "Size": 877,
              "URL": "http://porud755/maximo/webclient/skins-20170809-1350/tivoli09/images/tabs/off.gif"
            },
            {
              "CompressionType": "",
              "DataType": "image/gif",
              "DownloadTime": 47,
              "EventId": 180,
              "HttpStatus": 200,
              "Size": 828,
              "URL": "http://porud755/maximo/webclient/skins-20170809-1350/tivoli09/images/designer/formtabon_selected.gif"
            },
            {
              "CompressionType": "",
              "DataType": "image/gif",
              "DownloadTime": 78,
              "EventId": 178,
              "HttpStatus": 200,
              "Size": 815,
              "URL": "http://porud755/maximo/webclient/skins-20170809-1350/tivoli09/images/tabs/sub_row.gif"
            },
            {
              "CompressionType": "",
              "DataType": "application/x-javascript",
              "DownloadTime": 93,
              "EventId": 176,
              "HttpStatus": 200,
              "Size": 13089,
              "URL": "http://porud755/maximo/webclient/javascript/tpae-20170809-1350/dataproxy.js"
            },
            {
              "CompressionType": "",
              "DataType": "image/gif",
              "DownloadTime": 47,
              "EventId": 174,
              "HttpStatus": 200,
              "Size": 839,
              "URL": "http://porud755/maximo/webclient/skins-20170809-1350/tivoli09/images/tabs/row.gif"
            },
            {
              "CompressionType": "",
              "DataType": "application/x-javascript",
              "DownloadTime": 109,
              "EventId": 170,
              "HttpStatus": 200,
              "Size": 5025,
              "URL": "http://porud755/maximo/webclient/javascript/tpae-20170809-1350/sessiontimer.js"
            },
            {
              "CompressionType": "",
              "DataType": "application/x-javascript",
              "DownloadTime": 109,
              "EventId": 164,
              "HttpStatus": 200,
              "Size": 2454,
              "URL": "http://porud755/maximo/webclient/javascript/tpae-20170809-1350/wfdesign.js"
            },
            {
              "CompressionType": "",
              "DataType": "application/x-javascript",
              "DownloadTime": 110,
              "EventId": 162,
              "HttpStatus": 200,
              "Size": 13566,
              "URL": "http://porud755/maximo/webclient/javascript/tpae-20170809-1350/designer.js"
            },
            {
              "CompressionType": "",
              "DataType": "text/css",
              "DownloadTime": 94,
              "EventId": 158,
              "HttpStatus": 200,
              "Size": 402,
              "URL": "http://porud755/maximo/webclient/skins-20170809-1350/tivoli09/css/extended.css"
            },
            {
              "CompressionType": "",
              "DataType": "application/x-javascript",
              "DownloadTime": 62,
              "EventId": 156,
              "HttpStatus": 200,
              "Size": 74613,
              "URL": "http://porud755/maximo/webclient/javascript/tpae-20170809-1350/async.js"
            },
            {
              "CompressionType": "",
              "DataType": "application/x-javascript",
              "DownloadTime": 78,
              "EventId": 151,
              "HttpStatus": 200,
              "Size": 1804,
              "URL": "http://porud755/maximo/webclient/skins-20170809-1350/tivoli09/js/skinlibrary.js"
            },
            {
              "CompressionType": "",
              "DataType": "application/x-javascript",
              "DownloadTime": 110,
              "EventId": 148,
              "HttpStatus": 200,
              "Size": 284,
              "URL": "http://porud755/maximo/webclient/javascript/tpae-20170809-1350/library_ex.js"
            },
            {
              "CompressionType": "",
              "DataType": "application/x-javascript",
              "DownloadTime": 94,
              "EventId": 144,
              "HttpStatus": 200,
              "Size": 29484,
              "URL": "http://porud755/maximo/webclient/javascript/tpae-20170809-1350/navsection.js"
            },
            {
              "CompressionType": "",
              "DataType": "application/x-javascript",
              "DownloadTime": 94,
              "EventId": 141,
              "HttpStatus": 200,
              "Size": 156724,
              "URL": "http://porud755/maximo/webclient/javascript/tpae-20170809-1350/library.js"
            },
            {
              "CompressionType": "",
              "DataType": "application/x-javascript",
              "DownloadTime": 109,
              "EventId": 139,
              "HttpStatus": 200,
              "Size": 7099,
              "URL": "http://porud755/maximo/webclient/javascript/tpae-20170809-1350/browser_library.js"
            },
            {
              "CompressionType": "",
              "DataType": "application/x-javascript",
              "DownloadTime": 47,
              "EventId": 136,
              "HttpStatus": 200,
              "Size": 40757,
              "URL": "http://porud755/maximo/webclient/javascript/tpae-20170809-1350/menus.js"
            },
            {
              "CompressionType": "",
              "DataType": "application/x-javascript",
              "DownloadTime": 94,
              "EventId": 132,
              "HttpStatus": 200,
              "Size": 718,
              "URL": "http://porud755/maximo/webclient/javascript/tpae-20170809-1350/prototype.js"
            },
            {
              "CompressionType": "",
              "DataType": "application/x-javascript",
              "DownloadTime": 109,
              "EventId": 127,
              "HttpStatus": 200,
              "Size": 20526,
              "URL": "http://porud755/maximo/webclient/javascript/tpae-20170809-1350/deprecated.js"
            },
            {
              "CompressionType": "",
              "DataType": "application/x-javascript",
              "DownloadTime": 63,
              "EventId": 124,
              "HttpStatus": 200,
              "Size": 1238,
              "URL": "http://porud755/maximo/webclient/javascript/tpae-20170809-1350/constants.js"
            },
            {
              "CompressionType": "",
              "DataType": "text/css",
              "DownloadTime": 63,
              "EventId": 117,
              "HttpStatus": 200,
              "Size": 70513,
              "URL": "http://porud755/maximo/webclient/skins-20170809-1350/tivoli09/css/maximo.css"
            },
            {
              "CompressionType": "",
              "DataType": "text/css",
              "DownloadTime": 62,
              "EventId": 115,
              "HttpStatus": 200,
              "Size": 80792,
              "URL": "http://porud755/maximo/webclient/javascript/dojo-20130903-1504/dijit/themes/tundra/tundra.css"
            },
            {
              "CompressionType": "",
              "DataType": "text/css",
              "DownloadTime": 78,
              "EventId": 113,
              "HttpStatus": 200,
              "Size": 593,
              "URL": "http://porud755/maximo/webclient/javascript/dojo-20130903-1504/dojox/html/resources/ellipsis.css"
            },
            {
              "CompressionType": "",
              "DataType": "text/css",
              "DownloadTime": 47,
              "EventId": 110,
              "HttpStatus": 200,
              "Size": 1735,
              "URL": "http://porud755/maximo/webclient/javascript/dojo-20130903-1504/dojo/resources/dojo.css"
            },
            {
              "CompressionType": "",
              "DataType": "text/html",
              "DownloadTime": 2125,
              "EventId": 95,
              "HttpStatus": 200,
              "Size": 59668,
              "URL": "http://porud755/maximo/ui/login"
            },
            {
              "CompressionType": "",
              "DataType": "image/png",
              "DownloadTime": 31,
              "EventId": 93,
              "HttpStatus": 200,
              "Size": 298,
              "URL": "http://porud755/maximo/webclient/login/images/buttonHover_tiv.png"
            },
            {
              "CompressionType": "",
              "DataType": "text/plain",
              "DownloadTime": 47,
              "EventId": 48,
              "HttpStatus": 200,
              "Size": 39438,
              "URL": "http://porud755/maximo/webclient/images/maximo-icon.ico"
            },
            {
              "CompressionType": "",
              "DataType": "image/png",
              "DownloadTime": 110,
              "EventId": 42,
              "HttpStatus": 200,
              "Size": 322,
              "URL": "http://porud755/maximo/webclient/login/images/buttonEnabled_tiv.png"
            },
            {
              "CompressionType": "",
              "DataType": "image/png",
              "DownloadTime": 93,
              "EventId": 40,
              "HttpStatus": 200,
              "Size": 140,
              "URL": "http://porud755/maximo/webclient/login/images/ge_login_txtbox.png"
            },
            {
              "CompressionType": "",
              "DataType": "image/png",
              "DownloadTime": 94,
              "EventId": 36,
              "HttpStatus": 200,
              "Size": 1344,
              "URL": "http://porud755/maximo/webclient/login/images/ge_bkgnd.png"
            },
            {
              "CompressionType": "",
              "DataType": "image/jpeg",
              "DownloadTime": 125,
              "EventId": 34,
              "HttpStatus": 200,
              "Size": 95757,
              "URL": "http://porud755/maximo/webclient/login/images/ge_login_bkgnd.jpg"
            },
            {
              "CompressionType": "",
              "DataType": "image/png",
              "DownloadTime": 94,
              "EventId": 32,
              "HttpStatus": 200,
              "Size": 412,
              "URL": "http://porud755/maximo/webclient/login/images/ge_login_dialog_bkgnd.png"
            },
            {
              "CompressionType": "",
              "DataType": "image/png",
              "DownloadTime": 203,
              "EventId": 28,
              "HttpStatus": 200,
              "Size": 19257,
              "URL": "http://porud755/maximo/webclient/login/images/mx_icon.png"
            },
            {
              "CompressionType": "",
              "DataType": "image/gif",
              "DownloadTime": 218,
              "EventId": 26,
              "HttpStatus": 200,
              "Size": 157,
              "URL": "http://porud755/maximo/webclient/login/images/ibm-logo-white.gif"
            },
            {
              "CompressionType": "",
              "DataType": "image/png",
              "DownloadTime": 219,
              "EventId": 24,
              "HttpStatus": 200,
              "Size": 872,
              "URL": "http://porud755/maximo/webclient/login/images/tivoli_brandmark.png"
            },
            {
              "CompressionType": "",
              "DataType": "text/css",
              "DownloadTime": 94,
              "EventId": 22,
              "HttpStatus": 200,
              "Size": 708,
              "URL": "http://porud755/maximo/webclient/login/css/tivoli09/login.css"
            },
            {
              "CompressionType": "",
              "DataType": "text/css",
              "DownloadTime": 63,
              "EventId": 18,
              "HttpStatus": 200,
              "Size": 2988,
              "URL": "http://porud755/maximo/webclient/login/css/login.css"
            },
            {
              "CompressionType": "",
              "DataType": "text/html",
              "DownloadTime": 109,
              "EventId": 9,
              "HttpStatus": 200,
              "Size": 6918,
              "URL": "http://porud755/maximo/webclient/login/login.jsp"
            }
          ],
          "SSLCipher": "None",
          "SSLVersion": "None"
        }
      ],
      "IncludeInScript": true
    }
  ],
  "WebSocket": {
    "IncludeInScript": false,
    "IsScriptIncludeWebSocket": false
  },
  "NumberOfCorrelations": 14
}