<?xml version="1.0" encoding="UTF-8" ?>
<server_response csrftoken="gc4p438j5hqvsqqv4bqepi5rad">
	<component id="mx900_holder"><![CDATA[<script>
		var el = document.getElementById("mx900");
		if(el)
		{
			el.style.display="";
		}
	</script>]]></component>
<component vis="true" id="mx899_holder" compid="mx899"><![CDATA[<a  href="javascript: void(0);" ctype="toggleimage" ev="true" tabindex="0"  compid="mx899"  title="Minimize Section"><img id="mx899"  aria-disabled="true" aria-hidden="true"  tabindex="-1" border="0" class="ti   " src="../webclient/skins-20170809-1350/tivoli09/images/minimize.gif" source="minimize.gif" imgtype="" ev="true" align="top" style="display:block;margin:0px;"  alt="Minimize Section"  /></a>
]]></component>
<component vis="true" id="mx930_holder" compid="mx930"><![CDATA[<input   role="textbox"  id="mx930" class="fld text   "     ctype="textbox"   li="mx931"     maxlength="100" style=";width:300.0px;"   async='1'  ae="setvalue"    type="text" title="Description: Gas Escape" value="Gas Escape" ov="Gas Escape" work="1" fldInfo='{&quot;length&quot;:&quot;100&quot;,&quot;inttype&quot;:&quot;0&quot;}'/>]]></component>
	<compvalue id="mx930"><![CDATA[Gas Escape]]></compvalue>
<component vis="true" id="mx1025_holder" compid="mx1025"><![CDATA[<input  aria-required="true"  role="textbox"  id="mx1025" class="fld text  fld fld_req"     ctype="textbox"   li="mx1026"     maxlength="15" style=";width:75.0px;"   async='1'  ae="setvalue"    type="text" title="Job Type: ESC" value="ESC" ov="ESC" work="1" fldInfo='{&quot;length&quot;:&quot;15&quot;,&quot;inttype&quot;:&quot;1&quot;,&quot;lookup&quot;:&quot;XJOBTYPE&quot;,&quot;eventpriority&quot;:2,&quot;required&quot;:true}'/>]]></component>
	<compvalue id="mx1025"><![CDATA[ESC]]></compvalue>
	<component id="mx1123_holder"><![CDATA[<script>
		var el = document.getElementById("mx1123");
		if(el)
		{
			el.style.display="";
		}
	</script>]]></component>
	<component id="mx1267_holder"><![CDATA[<script>
		var el = document.getElementById("mx1267");
		if(el)
		{
			el.style.display="";
		}
	</script>]]></component>
	<component id="mx1324_holder"><![CDATA[<script>
		var el = document.getElementById("mx1324");
		if(el)
		{
			el.style.display="";
		}
	</script>]]></component>
	<component id="mx1420_holder"><![CDATA[<script>
		var el = document.getElementById("mx1420");
		if(el)
		{
			el.style.display="";
		}
	</script>]]></component>
	<component id="mx1544_holder"><![CDATA[<script>
		var el = document.getElementById("mx1544");
		if(el)
		{
			el.style.display="";
		}
	</script>]]></component>
<component vis="true" id="mx1630_holder" compid="mx1630" replacemethod="NONE"><![CDATA[
			<script>
			cancelTimerCalls();
			cancelQueryTimeout();
			dialogCount--;
			showObjs();
			var dialogToRemove=getElement("mx1630_inner");
			if(dialogToRemove)
			{
				removePageAutoFill("1");
				dialogTD=dialogToRemove.parentNode;
				dialogRow=dialogTD.parentNode;
				dialogRow.deleteCell(dialogTD.cellIndex);
				removeModalWaitLayer();
			}
			</script>
		]]></component>


<deferredscript><![CDATA[focusItem('mx1025',true);resetLogoutTimer(true);if(tpaeConfig.validationOn) {setButtonEnabled(saveButton,true)};]]></deferredscript></server_response>