<?xml version="1.0" encoding="UTF-8" ?>
<server_response csrftoken="gc4p438j5hqvsqqv4bqepi5rad">
	<component id="mx900_holder"><![CDATA[<script>
		var el = document.getElementById("mx900");
		if(el)
		{
			el.style.display="";
		}
	</script>]]></component>
	<component id="mx1123_holder"><![CDATA[<script>
		var el = document.getElementById("mx1123");
		if(el)
		{
			el.style.display="";
		}
	</script>]]></component>
<component vis="true" id="mx1162_holder" compid="mx1162"><![CDATA[<script>
		dojo.require('layers.mbs.calendar');
		dojo.require('dojo.date.locale');
			dojo.require('ibm.tivoli.mbs.dijit.DateTimeCalendar');
	</script><input   role="textbox"  id="mx1162" class="fld text  "     ctype="textbox"   li="mx1163"      style=";width:127.5px;" df="1"  async='1' PopupType="ibm.tivoli.mbs.dijit.DateTimeCalendar" constraints="{datePattern:'dd/MM/yyyy', timePattern:'HH:mm:ss',locale:'en-gb',visibleRange: 'T03:30:00'}" datePackage="" lang="en-gb" lng="en" dojoValue='1524506400000' ae="setvalue"    type="text" title="Scheduled Start: 23/04/2018 19:00:00" value="" work="1" fldInfo='{&quot;length&quot;:&quot;10&quot;,&quot;inttype&quot;:&quot;4&quot;,&quot;lookup&quot;:&quot;datelookup&quot;,&quot;eventpriority&quot;:1}'/>	<script type="text/javascript">
		dojo.require("ibm.tivoli.mbs.html");
		formatCalendar('mx1162',ibm.tivoli.mbs.html.decodeEntities('23/04/2018 19:00:00'));
	</script>
]]></component>
	<compvalue id="mx1162"><![CDATA[23/04/2018 19:00:00]]></compvalue>
	<component id="mx1267_holder"><![CDATA[<script>
		var el = document.getElementById("mx1267");
		if(el)
		{
			el.style.display="";
		}
	</script>]]></component>
	<component id="mx1324_holder"><![CDATA[<script>
		var el = document.getElementById("mx1324");
		if(el)
		{
			el.style.display="";
		}
	</script>]]></component>
	<component id="mx1420_holder"><![CDATA[<script>
		var el = document.getElementById("mx1420");
		if(el)
		{
			el.style.display="";
		}
	</script>]]></component>
	<component id="mx1544_holder"><![CDATA[<script>
		var el = document.getElementById("mx1544");
		if(el)
		{
			el.style.display="";
		}
	</script>]]></component>

<deferredscript><![CDATA[stopFocus=false;reFocusItem();scrollScreen('0','0');resetLogoutTimer(true);if(tpaeConfig.validationOn) {setButtonEnabled(saveButton,true)};]]></deferredscript></server_response>