<?xml version="1.0" encoding="UTF-8" ?>
<server_response csrftoken="gc4p438j5hqvsqqv4bqepi5rad">
	<component id="mx2839_holder"><![CDATA[<script>
		var el = document.getElementById("mx2839");
		if(el)
		{
			el.style.display="";
		}
	</script>]]></component>

			<component id="mx2867_holder"><![CDATA[<script>
		var el = document.getElementById("mx2867");
		if(el)
		{
			el.style.display="";
		}
	</script>]]></component>
<component vis="true" id="mx2866_holder" compid="mx2866"><![CDATA[<a  href="javascript: void(0);" ctype="toggleimage" ev="true" tabindex="0"  compid="mx2866"  title="Minimize Section"><img id="mx2866"  aria-disabled="true" aria-hidden="true"  tabindex="-1" border="0" class="ti   " src="../webclient/skins-20170809-1350/tivoli09/images/minimize.gif" source="minimize.gif" imgtype="" ev="true" align="top" style="display:block;margin:0px;"  alt="Minimize Section"  /></a>
]]></component>
<component vis="true" id="mx2903_holder" compid="mx2903"><![CDATA[<label ctype="label"  id="mx2903"    noclick="1"   targetid="mx2903"    class="text label  label  " style="display:block;padding-left:2px;padding-top:2px;;;;;" for="mx2905" title="New Status"><img class='required_label' width='8px' height='8px' align='absmiddle' border='0' src='../webclient/skins-20170809-1350/tivoli09/images/required_label.gif' alt=''/>New Status:</label>]]></component>
<component vis="true" id="mx2905_holder" compid="mx2905"><![CDATA[<input  aria-required="true"  role="combobox" aria-autocomplete="none"  id="mx2905" class="fld text cbt  ibfld fld_req"     ctype="textbox"   li="mx2906" liclick="1"    maxlength="16" style=";width:75.0px;"      sue="1"  readonly="readonly" type="text" title="New Status: For Scheduling" value="For Scheduling" ov="For Scheduling" work="1" fldInfo='{&quot;length&quot;:&quot;16&quot;,&quot;inttype&quot;:&quot;1&quot;,&quot;eventpriority&quot;:1,&quot;required&quot;:true}'/>]]></component>
	<compvalue id="mx2905"><![CDATA[For Scheduling]]></compvalue>
<component vis="true" id="mx2906_holder" compid="mx2906"><![CDATA[<img sf="1"   ctype="image" alt="Drop-down image"  src="../webclient/skins-20170809-1350/tivoli09/images/IE_dropdown.gif" source="IE_dropdown" imgtype=".gif" style="cursor:default;display:inline;margin:0px" border="0"  lc="mx2905"  class="di " align="absmiddle"    ev="combobox" id="mx2906" tabindex="-1" title="Drop-down image"/>]]></component>
		<component id="mx2957_holder"><![CDATA[<script>
		addLoadMethod("updateDisplay('mx2957','')");
		</script>]]></component>

		<finalscript><![CDATA[
			makeDialogScroll('mx2845','status',-1);
		]]></finalscript>
<deferredscript><![CDATA[focusItem('mx2905',true);scrollScreen('1','0');resetLogoutTimer(true);if(tpaeConfig.validationOn) {setButtonEnabled(saveButton,false)};]]></deferredscript></server_response>