{
  "FilterHeaders": [
    {
      "Header": "xhrseqnum",
      "IncludeInScript": true
    },
    {
      "Header": "x-requested-with",
      "IncludeInScript": true
    },
    {
      "Header": "user-agent",
      "IncludeInScript": false
    },
    {
      "Header": "pageseqnum",
      "IncludeInScript": true
    },
    {
      "Header": "cache-control",
      "IncludeInScript": false
    },
    {
      "Header": "accept-language",
      "IncludeInScript": false
    },
    {
      "Header": "accept-encoding",
      "IncludeInScript": false
    },
    {
      "Header": "accept",
      "IncludeInScript": false
    },
    {
      "Header": "_qm_try",
      "IncludeInScript": true
    }
  ],
  "FilterResources": [
    {
      "IsNonResource": true,
      "type": "text/xml"
    },
    {
      "IsNonResource": false,
      "type": "text/plain"
    },
    {
      "IsNonResource": true,
      "type": "text/html"
    },
    {
      "IsNonResource": false,
      "type": "text/css"
    },
    {
      "IsNonResource": false,
      "type": "image/png"
    },
    {
      "IsNonResource": false,
      "type": "image/jpeg"
    },
    {
      "IsNonResource": false,
      "type": "image/gif"
    },
    {
      "IsNonResource": false,
      "type": "application/x-javascript"
    }
  ],
  "GeneralInfo": {
    "BrowserVersion": "",
    "MaxUsedConnections": 56,
    "RecordedBrowser": "Internet Explorer",
    "RecordingDate": "Apr-22-2018",
    "RecordingDuration": 596875,
    "RecordingTimeStamp": 1524403411,
    "TotalBytesReceived": 2631619,
    "TotalBytesSent": 109960,
    "TotalRequests": 207
  },
  "HostInfo": [
    {
      "DomainName": "porud755",
      "Domains": [
        {
          "HTTPVersion": "HTTP/1.1",
          "IP": "10.70.20.109",
          "IncludeInScript": true,
          "Name": "porud755",
          "Port": 80,
          "Requests": [
            {
              "CompressionType": "",
              "DataType": "text/html",
              "DownloadTime": 297,
              "EventId": 1357,
              "HttpStatus": 200,
              "Size": 6918,
              "URL": "http://porud755/maximo/webclient/login/login.jsp"
            },
            {
              "CompressionType": "",
              "DataType": "text/html",
              "DownloadTime": 218,
              "EventId": 1355,
              "HttpStatus": 302,
              "Size": 0,
              "URL": "http://porud755/maximo/webclient/login/logout.jsp?uisessionid=265&csrftoken=gc4p438j5hqvsqqv4bqepi5rad"
            },
            {
              "CompressionType": "",
              "DataType": "text/xml",
              "DownloadTime": 32,
              "EventId": 1353,
              "HttpStatus": 200,
              "Size": 252,
              "URL": "http://porud755/maximo/ui/maximo.jsp"
            },
            {
              "CompressionType": "",
              "DataType": "text/xml",
              "DownloadTime": 234,
              "EventId": 1345,
              "HttpStatus": 200,
              "Size": 32917,
              "URL": "http://porud755/maximo/ui/maximo.jsp"
            },
            {
              "CompressionType": "",
              "DataType": "text/xml",
              "DownloadTime": 141,
              "EventId": 1343,
              "HttpStatus": 200,
              "Size": 866,
              "URL": "http://porud755/maximo/ui/maximo.jsp"
            },
            {
              "CompressionType": "",
              "DataType": "text/xml",
              "DownloadTime": 125,
              "EventId": 1341,
              "HttpStatus": 200,
              "Size": 866,
              "URL": "http://porud755/maximo/ui/maximo.jsp"
            },
            {
              "CompressionType": "",
              "DataType": "text/xml",
              "DownloadTime": 172,
              "EventId": 1339,
              "HttpStatus": 200,
              "Size": 866,
              "URL": "http://porud755/maximo/ui/maximo.jsp"
            },
            {
              "CompressionType": "",
              "DataType": "text/xml",
              "DownloadTime": 125,
              "EventId": 1337,
              "HttpStatus": 200,
              "Size": 866,
              "URL": "http://porud755/maximo/ui/maximo.jsp"
            },
            {
              "CompressionType": "",
              "DataType": "text/xml",
              "DownloadTime": 140,
              "EventId": 1335,
              "HttpStatus": 200,
              "Size": 866,
              "URL": "http://porud755/maximo/ui/maximo.jsp"
            },
            {
              "CompressionType": "",
              "DataType": "image/gif",
              "DownloadTime": 31,
              "EventId": 1333,
              "HttpStatus": 200,
              "Size": 5931,
              "URL": "http://porud755/maximo/webclient/skins-20170809-1350/tivoli09/images/progressbar.gif"
            },
            {
              "CompressionType": "",
              "DataType": "text/xml",
              "DownloadTime": 47,
              "EventId": 1330,
              "HttpStatus": 200,
              "Size": 5925,
              "URL": "http://porud755/maximo/ui/maximo.jsp"
            },
            {
              "CompressionType": "",
              "DataType": "text/xml",
              "DownloadTime": 140,
              "EventId": 1324,
              "HttpStatus": 200,
              "Size": 2812,
              "URL": "http://porud755/maximo/ui/maximo.jsp"
            },
            {
              "CompressionType": "",
              "DataType": "text/xml",
              "DownloadTime": 110,
              "EventId": 1322,
              "HttpStatus": 200,
              "Size": 718,
              "URL": "http://porud755/maximo/ui/maximo.jsp"
            },
            {
              "CompressionType": "",
              "DataType": "image/gif",
              "DownloadTime": 140,
              "EventId": 1320,
              "HttpStatus": 200,
              "Size": 623,
              "URL": "http://porud755/maximo/webclient/skins-20170809-1350/tivoli09/images/IE_dropdown_over.gif"
            },
            {
              "CompressionType": "",
              "DataType": "image/gif",
              "DownloadTime": 47,
              "EventId": 1313,
              "HttpStatus": 200,
              "Size": 384,
              "URL": "http://porud755/maximo/webclient/skins-20170809-1350/tivoli09/images/IE_dropdown.gif"
            },
            {
              "CompressionType": "",
              "DataType": "text/xml",
              "DownloadTime": 7719,
              "EventId": 1307,
              "HttpStatus": 200,
              "Size": 25641,
              "URL": "http://porud755/maximo/ui/maximo.jsp"
            },
            {
              "CompressionType": "",
              "DataType": "text/html",
              "DownloadTime": 47,
              "EventId": 1289,
              "HttpStatus": 200,
              "Size": 169250,
              "URL": "http://porud755/maximo/ui/maximo.jsp?event=render&targetid=emgwotrack&value=rerender&uisessionid=265&csrftoken=gc4p438j5hqvsqqv4bqepi5rad"
            },
            {
              "CompressionType": "",
              "DataType": "text/xml",
              "DownloadTime": 1281,
              "EventId": 1287,
              "HttpStatus": 200,
              "Size": 287,
              "URL": "http://porud755/maximo/ui/maximo.jsp"
            },
            {
              "CompressionType": "",
              "DataType": "text/xml",
              "DownloadTime": 250,
              "EventId": 1273,
              "HttpStatus": 200,
              "Size": 78597,
              "URL": "http://porud755/maximo/ui/maximo.jsp"
            },
            {
              "CompressionType": "",
              "DataType": "image/gif",
              "DownloadTime": 31,
              "EventId": 1268,
              "HttpStatus": 200,
              "Size": 625,
              "URL": "http://porud755/maximo/webclient/skins-20170809-1350/tivoli09/images/btn_addtobookmarks.gif"
            },
            {
              "CompressionType": "",
              "DataType": "text/xml",
              "DownloadTime": 9938,
              "EventId": 1244,
              "HttpStatus": 200,
              "Size": 252223,
              "URL": "http://porud755/maximo/ui/maximo.jsp"
            },
            {
              "CompressionType": "",
              "DataType": "image/png",
              "DownloadTime": 47,
              "EventId": 1226,
              "HttpStatus": 200,
              "Size": 11304,
              "URL": "http://porud755/maximo/webclient/skins-20170809-1350/tivoli09/images/banner_swoosh_applink.png"
            },
            {
              "CompressionType": "",
              "DataType": "image/gif",
              "DownloadTime": 94,
              "EventId": 1224,
              "HttpStatus": 200,
              "Size": 758,
              "URL": "http://porud755/maximo/webclient/skins-20170809-1350/tivoli09/images/nav_icon_insert.gif"
            },
            {
              "CompressionType": "",
              "DataType": "image/png",
              "DownloadTime": 63,
              "EventId": 1222,
              "HttpStatus": 200,
              "Size": 195,
              "URL": "http://porud755/maximo/webclient/skins-20170809-1350/tivoli09/images/banner_bkg_applink.png"
            },
            {
              "CompressionType": "",
              "DataType": "image/gif",
              "DownloadTime": 187,
              "EventId": 1220,
              "HttpStatus": 200,
              "Size": 303,
              "URL": "http://porud755/maximo/webclient/skins-20170809-1350/tivoli09/images/btn_applinkReturn.gif"
            },
            {
              "CompressionType": "",
              "DataType": "image/gif",
              "DownloadTime": 188,
              "EventId": 1218,
              "HttpStatus": 200,
              "Size": 324,
              "URL": "http://porud755/maximo/webclient/skins-20170809-1350/tivoli09/images/btn_applinkReturnValue.gif"
            },
            {
              "CompressionType": "",
              "DataType": "image/gif",
              "DownloadTime": 94,
              "EventId": 1215,
              "HttpStatus": 200,
              "Size": 142,
              "URL": "http://porud755/maximo/webclient/skins-20170809-1350/tivoli09/images/appimg_generic.gif"
            },
            {
              "CompressionType": "",
              "DataType": "text/html",
              "DownloadTime": 1875,
              "EventId": 1200,
              "HttpStatus": 200,
              "Size": 91104,
              "URL": "http://porud755/maximo/ui/maximo.jsp?event=gotoapp&value=XMPRN&uisessionid=265&csrftoken=gc4p438j5hqvsqqv4bqepi5rad"
            },
            {
              "CompressionType": "",
              "DataType": "text/xml",
              "DownloadTime": 125,
              "EventId": 1198,
              "HttpStatus": 200,
              "Size": 265,
              "URL": "http://porud755/maximo/ui/maximo.jsp"
            },
            {
              "CompressionType": "",
              "DataType": "image/gif",
              "DownloadTime": 31,
              "EventId": 1193,
              "HttpStatus": 200,
              "Size": 585,
              "URL": "http://porud755/maximo/webclient/skins-20170809-1350/tivoli09/images/menu_icon_link.gif"
            },
            {
              "CompressionType": "",
              "DataType": "text/xml",
              "DownloadTime": 62,
              "EventId": 1191,
              "HttpStatus": 200,
              "Size": 724,
              "URL": "http://porud755/maximo/ui/maximo.jsp"
            },
            {
              "CompressionType": "",
              "DataType": "image/gif",
              "DownloadTime": 31,
              "EventId": 1185,
              "HttpStatus": 200,
              "Size": 329,
              "URL": "http://porud755/maximo/webclient/skins-20170809-1350/tivoli09/images/img_row_select.gif"
            },
            {
              "CompressionType": "",
              "DataType": "text/xml",
              "DownloadTime": 109,
              "EventId": 1178,
              "HttpStatus": 200,
              "Size": 37006,
              "URL": "http://porud755/maximo/ui/maximo.jsp"
            },
            {
              "CompressionType": "",
              "DataType": "image/gif",
              "DownloadTime": 32,
              "EventId": 1172,
              "HttpStatus": 200,
              "Size": 655,
              "URL": "http://porud755/maximo/webclient/skins-20170809-1350/tivoli09/images/qf_find_disabled.gif"
            },
            {
              "CompressionType": "",
              "DataType": "image/gif",
              "DownloadTime": 156,
              "EventId": 1170,
              "HttpStatus": 200,
              "Size": 547,
              "URL": "http://porud755/maximo/webclient/skins-20170809-1350/tivoli09/images/tablebtn_filter_off.gif"
            },
            {
              "CompressionType": "",
              "DataType": "text/xml",
              "DownloadTime": 93,
              "EventId": 1155,
              "HttpStatus": 200,
              "Size": 110148,
              "URL": "http://porud755/maximo/ui/maximo.jsp"
            },
            {
              "CompressionType": "",
              "DataType": "text/xml",
              "DownloadTime": 172,
              "EventId": 1147,
              "HttpStatus": 200,
              "Size": 2342,
              "URL": "http://porud755/maximo/ui/maximo.jsp"
            },
            {
              "CompressionType": "",
              "DataType": "text/xml",
              "DownloadTime": 375,
              "EventId": 1140,
              "HttpStatus": 200,
              "Size": 2341,
              "URL": "http://porud755/maximo/ui/maximo.jsp"
            },
            {
              "CompressionType": "",
              "DataType": "image/png",
              "DownloadTime": 47,
              "EventId": 1138,
              "HttpStatus": 200,
              "Size": 120,
              "URL": "http://porud755/maximo/webclient/javascript/dojo-20130903-1504/dijit/themes/tundra/images/buttonEnabled.png"
            },
            {
              "CompressionType": "",
              "DataType": "image/png",
              "DownloadTime": 78,
              "EventId": 1136,
              "HttpStatus": 200,
              "Size": 161,
              "URL": "http://porud755/maximo/webclient/javascript/dojo-20130903-1504/dijit/themes/tundra/images/calendarDayLabel.png"
            },
            {
              "CompressionType": "",
              "DataType": "image/png",
              "DownloadTime": 109,
              "EventId": 1133,
              "HttpStatus": 200,
              "Size": 2195,
              "URL": "http://porud755/maximo/webclient/javascript/dojo-20130903-1504/dijit/themes/tundra/images/spriteRoundedIconsSmall.png"
            },
            {
              "CompressionType": "",
              "DataType": "image/png",
              "DownloadTime": 63,
              "EventId": 1131,
              "HttpStatus": 200,
              "Size": 338,
              "URL": "http://porud755/maximo/webclient/javascript/dojo-20130903-1504/dijit/themes/tundra/images/spriteArrows.png"
            },
            {
              "CompressionType": "",
              "DataType": "image/png",
              "DownloadTime": 94,
              "EventId": 1129,
              "HttpStatus": 200,
              "Size": 172,
              "URL": "http://porud755/maximo/webclient/javascript/dojo-20130903-1504/dijit/themes/tundra/images/calendarYearLabel.png"
            },
            {
              "CompressionType": "",
              "DataType": "image/png",
              "DownloadTime": 63,
              "EventId": 1126,
              "HttpStatus": 200,
              "Size": 151,
              "URL": "http://porud755/maximo/webclient/javascript/dojo-20130903-1504/dijit/themes/tundra/images/titleBar.png"
            },
            {
              "CompressionType": "",
              "DataType": "text/html",
              "DownloadTime": 109,
              "EventId": 1120,
              "HttpStatus": 200,
              "Size": 73,
              "URL": "http://porud755/maximo/webclient/javascript/dojo-20130903-1504/dojo/resources/blank.html"
            },
            {
              "CompressionType": "",
              "DataType": "application/x-javascript",
              "DownloadTime": 31,
              "EventId": 1114,
              "HttpStatus": 200,
              "Size": 653,
              "URL": "http://porud755/maximo/webclient/javascript/dojo-20130903-1504/dojo/cldr/nls/en-gb/gregorian.js"
            },
            {
              "CompressionType": "",
              "DataType": "image/gif",
              "DownloadTime": 31,
              "EventId": 1112,
              "HttpStatus": 200,
              "Size": 1320,
              "URL": "http://porud755/maximo/webclient/skins-20170809-1350/tivoli09/images/img_date_time_over.gif"
            },
            {
              "CompressionType": "",
              "DataType": "text/xml",
              "DownloadTime": 469,
              "EventId": 1103,
              "HttpStatus": 200,
              "Size": 6308,
              "URL": "http://porud755/maximo/ui/maximo.jsp"
            },
            {
              "CompressionType": "",
              "DataType": "text/xml",
              "DownloadTime": 157,
              "EventId": 1094,
              "HttpStatus": 200,
              "Size": 41018,
              "URL": "http://porud755/maximo/ui/maximo.jsp"
            },
            {
              "CompressionType": "",
              "DataType": "image/gif",
              "DownloadTime": 31,
              "EventId": 1087,
              "HttpStatus": 200,
              "Size": 1317,
              "URL": "http://porud755/maximo/webclient/skins-20170809-1350/tivoli09/images/img_longdescription_off_over.gif"
            },
            {
              "CompressionType": "",
              "DataType": "text/xml",
              "DownloadTime": 578,
              "EventId": 1085,
              "HttpStatus": 200,
              "Size": 3238,
              "URL": "http://porud755/maximo/ui/maximo.jsp"
            },
            {
              "CompressionType": "",
              "DataType": "image/gif",
              "DownloadTime": 31,
              "EventId": 1083,
              "HttpStatus": 200,
              "Size": 237,
              "URL": "http://porud755/maximo/webclient/skins-20170809-1350/tivoli09/images/tablebtn_download.gif"
            },
            {
              "CompressionType": "",
              "DataType": "image/gif",
              "DownloadTime": 78,
              "EventId": 1081,
              "HttpStatus": 200,
              "Size": 603,
              "URL": "http://porud755/maximo/webclient/skins-20170809-1350/tivoli09/images/tablebtn_next_on.gif"
            },
            {
              "CompressionType": "",
              "DataType": "image/gif",
              "DownloadTime": 47,
              "EventId": 1078,
              "HttpStatus": 200,
              "Size": 606,
              "URL": "http://porud755/maximo/webclient/skins-20170809-1350/tivoli09/images/tablebtn_nextdown_on.gif"
            },
            {
              "CompressionType": "",
              "DataType": "text/xml",
              "DownloadTime": 234,
              "EventId": 1066,
              "HttpStatus": 200,
              "Size": 101620,
              "URL": "http://porud755/maximo/ui/maximo.jsp"
            },
            {
              "CompressionType": "",
              "DataType": "image/gif",
              "DownloadTime": 31,
              "EventId": 1064,
              "HttpStatus": 200,
              "Size": 1305,
              "URL": "http://porud755/maximo/webclient/skins-20170809-1350/tivoli09/images/img_menu_over.gif"
            },
            {
              "CompressionType": "",
              "DataType": "image/gif",
              "DownloadTime": 31,
              "EventId": 1062,
              "HttpStatus": 200,
              "Size": 1330,
              "URL": "http://porud755/maximo/webclient/skins-20170809-1350/tivoli09/images/img_lookup_over.gif"
            },
            {
              "CompressionType": "",
              "DataType": "application/x-javascript",
              "DownloadTime": 32,
              "EventId": 1050,
              "HttpStatus": 200,
              "Size": 2680,
              "URL": "http://porud755/maximo/webclient/javascript/dojo-20130903-1504/dojo/cldr/nls/en/islamic.js"
            },
            {
              "CompressionType": "",
              "DataType": "application/x-javascript",
              "DownloadTime": 31,
              "EventId": 1048,
              "HttpStatus": 200,
              "Size": 3512,
              "URL": "http://porud755/maximo/webclient/javascript/dojo-20130903-1504/dojo/cldr/nls/en/gregorian.js"
            },
            {
              "CompressionType": "",
              "DataType": "application/x-javascript",
              "DownloadTime": 32,
              "EventId": 1035,
              "HttpStatus": 200,
              "Size": 175974,
              "URL": "http://porud755/maximo/webclient/javascript/dojo-20130903-1504/layers/mbs/calendar.js"
            },
            {
              "CompressionType": "",
              "DataType": "image/gif",
              "DownloadTime": 31,
              "EventId": 1033,
              "HttpStatus": 200,
              "Size": 926,
              "URL": "http://porud755/maximo/webclient/skins-20170809-1350/tivoli09/images/cb_unchecked.gif"
            },
            {
              "CompressionType": "",
              "DataType": "image/gif",
              "DownloadTime": 46,
              "EventId": 1031,
              "HttpStatus": 200,
              "Size": 925,
              "URL": "http://porud755/maximo/webclient/skins-20170809-1350/tivoli09/images/cb_uncheckedreadonly.gif"
            },
            {
              "CompressionType": "",
              "DataType": "image/gif",
              "DownloadTime": 62,
              "EventId": 1029,
              "HttpStatus": 200,
              "Size": 660,
              "URL": "http://porud755/maximo/webclient/skins-20170809-1350/tivoli09/images/img_attachments.gif"
            },
            {
              "CompressionType": "",
              "DataType": "image/gif",
              "DownloadTime": 47,
              "EventId": 1027,
              "HttpStatus": 200,
              "Size": 690,
              "URL": "http://porud755/maximo/webclient/skins-20170809-1350/tivoli09/images/img_date_time.gif"
            },
            {
              "CompressionType": "",
              "DataType": "image/gif",
              "DownloadTime": 63,
              "EventId": 1025,
              "HttpStatus": 200,
              "Size": 959,
              "URL": "http://porud755/maximo/webclient/skins-20170809-1350/tivoli09/images/cb_checked.gif"
            },
            {
              "CompressionType": "",
              "DataType": "image/gif",
              "DownloadTime": 46,
              "EventId": 1021,
              "HttpStatus": 200,
              "Size": 631,
              "URL": "http://porud755/maximo/webclient/skins-20170809-1350/tivoli09/images/img_longdescription_off.gif"
            },
            {
              "CompressionType": "",
              "DataType": "image/gif",
              "DownloadTime": 47,
              "EventId": 1019,
              "HttpStatus": 200,
              "Size": 836,
              "URL": "http://porud755/maximo/webclient/skins-20170809-1350/tivoli09/images/required_label.gif"
            },
            {
              "CompressionType": "",
              "DataType": "image/gif",
              "DownloadTime": 94,
              "EventId": 1014,
              "HttpStatus": 200,
              "Size": 807,
              "URL": "http://porud755/maximo/webclient/skins-20170809-1350/tivoli09/images/required.gif"
            },
            {
              "CompressionType": "",
              "DataType": "text/xml",
              "DownloadTime": 1859,
              "EventId": 995,
              "HttpStatus": 200,
              "Size": 142184,
              "URL": "http://porud755/maximo/ui/maximo.jsp"
            },
            {
              "CompressionType": "",
              "DataType": "image/gif",
              "DownloadTime": 32,
              "EventId": 985,
              "HttpStatus": 200,
              "Size": 345,
              "URL": "http://porud755/maximo/webclient/skins-20170809-1350/tivoli09/images/img_menu.gif"
            },
            {
              "CompressionType": "",
              "DataType": "image/gif",
              "DownloadTime": 47,
              "EventId": 983,
              "HttpStatus": 200,
              "Size": 600,
              "URL": "http://porud755/maximo/webclient/skins-20170809-1350/tivoli09/images/img_lookup.gif"
            },
            {
              "CompressionType": "",
              "DataType": "image/gif",
              "DownloadTime": 94,
              "EventId": 981,
              "HttpStatus": 200,
              "Size": 856,
              "URL": "http://porud755/maximo/webclient/skins-20170809-1350/tivoli09/images/table_cb_unchecked.gif"
            },
            {
              "CompressionType": "",
              "DataType": "image/gif",
              "DownloadTime": 79,
              "EventId": 979,
              "HttpStatus": 200,
              "Size": 204,
              "URL": "http://porud755/maximo/webclient/skins-20170809-1350/tivoli09/images/minimize.gif"
            },
            {
              "CompressionType": "",
              "DataType": "image/gif",
              "DownloadTime": 172,
              "EventId": 977,
              "HttpStatus": 200,
              "Size": 237,
              "URL": "http://porud755/maximo/webclient/skins-20170809-1350/tivoli09/images/tablebtn_download_off.gif"
            },
            {
              "CompressionType": "",
              "DataType": "image/gif",
              "DownloadTime": 203,
              "EventId": 975,
              "HttpStatus": 200,
              "Size": 601,
              "URL": "http://porud755/maximo/webclient/skins-20170809-1350/tivoli09/images/tablebtn_next_off.gif"
            },
            {
              "CompressionType": "",
              "DataType": "image/gif",
              "DownloadTime": 203,
              "EventId": 973,
              "HttpStatus": 200,
              "Size": 605,
              "URL": "http://porud755/maximo/webclient/skins-20170809-1350/tivoli09/images/tablebtn_nextdown_off.gif"
            },
            {
              "CompressionType": "",
              "DataType": "image/gif",
              "DownloadTime": 78,
              "EventId": 971,
              "HttpStatus": 200,
              "Size": 613,
              "URL": "http://porud755/maximo/webclient/skins-20170809-1350/tivoli09/images/tablebtn_nextup_off.gif"
            },
            {
              "CompressionType": "",
              "DataType": "image/gif",
              "DownloadTime": 110,
              "EventId": 969,
              "HttpStatus": 200,
              "Size": 1136,
              "URL": "http://porud755/maximo/webclient/skins-20170809-1350/tivoli09/images/listab_refresh.gif"
            },
            {
              "CompressionType": "",
              "DataType": "image/gif",
              "DownloadTime": 62,
              "EventId": 967,
              "HttpStatus": 200,
              "Size": 612,
              "URL": "http://porud755/maximo/webclient/skins-20170809-1350/tivoli09/images/tablebtn_previous_off.gif"
            },
            {
              "CompressionType": "",
              "DataType": "image/gif",
              "DownloadTime": 63,
              "EventId": 965,
              "HttpStatus": 200,
              "Size": 1054,
              "URL": "http://porud755/maximo/webclient/skins-20170809-1350/tivoli09/images/qf_find.gif"
            },
            {
              "CompressionType": "",
              "DataType": "image/gif",
              "DownloadTime": 109,
              "EventId": 963,
              "HttpStatus": 200,
              "Size": 94,
              "URL": "http://porud755/maximo/webclient/skins-20170809-1350/tivoli09/images/img_arrow_quickfilter.gif"
            },
            {
              "CompressionType": "",
              "DataType": "image/gif",
              "DownloadTime": 63,
              "EventId": 961,
              "HttpStatus": 200,
              "Size": 625,
              "URL": "http://porud755/maximo/webclient/skins-20170809-1350/tivoli09/images/qf_clear_disabled.gif"
            },
            {
              "CompressionType": "",
              "DataType": "image/gif",
              "DownloadTime": 94,
              "EventId": 959,
              "HttpStatus": 200,
              "Size": 344,
              "URL": "http://porud755/maximo/webclient/skins-20170809-1350/tivoli09/images/tablebtn_filter_on.gif"
            },
            {
              "CompressionType": "",
              "DataType": "image/gif",
              "DownloadTime": 94,
              "EventId": 957,
              "HttpStatus": 200,
              "Size": 875,
              "URL": "http://porud755/maximo/webclient/skins-20170809-1350/tivoli09/images/tablebtn_divider.gif"
            },
            {
              "CompressionType": "",
              "DataType": "image/gif",
              "DownloadTime": 110,
              "EventId": 955,
              "HttpStatus": 200,
              "Size": 339,
              "URL": "http://porud755/maximo/webclient/skins-20170809-1350/tivoli09/images/atb_bookmark.gif"
            },
            {
              "CompressionType": "",
              "DataType": "image/gif",
              "DownloadTime": 94,
              "EventId": 953,
              "HttpStatus": 200,
              "Size": 670,
              "URL": "http://porud755/maximo/webclient/skins-20170809-1350/tivoli09/images/atb_save.gif"
            },
            {
              "CompressionType": "",
              "DataType": "image/gif",
              "DownloadTime": 63,
              "EventId": 951,
              "HttpStatus": 200,
              "Size": 148,
              "URL": "http://porud755/maximo/webclient/skins-20170809-1350/tivoli09/images/atb_popoutmenu.gif"
            },
            {
              "CompressionType": "",
              "DataType": "image/gif",
              "DownloadTime": 62,
              "EventId": 949,
              "HttpStatus": 200,
              "Size": 1054,
              "URL": "http://porud755/maximo/webclient/skins-20170809-1350/tivoli09/images/atb_search.gif"
            },
            {
              "CompressionType": "",
              "DataType": "image/gif",
              "DownloadTime": 110,
              "EventId": 947,
              "HttpStatus": 200,
              "Size": 488,
              "URL": "http://porud755/maximo/webclient/skins-20170809-1350/tivoli09/images/nav_icon_route.gif"
            },
            {
              "CompressionType": "",
              "DataType": "image/gif",
              "DownloadTime": 47,
              "EventId": 945,
              "HttpStatus": 200,
              "Size": 1179,
              "URL": "http://porud755/maximo/webclient/skins-20170809-1350/tivoli09/images/nav_icon_createQueryBasedReport.gif"
            },
            {
              "CompressionType": "",
              "DataType": "image/gif",
              "DownloadTime": 63,
              "EventId": 943,
              "HttpStatus": 200,
              "Size": 139,
              "URL": "http://porud755/maximo/webclient/skins-20170809-1350/tivoli09/images/appimg_report.gif"
            },
            {
              "CompressionType": "",
              "DataType": "image/gif",
              "DownloadTime": 62,
              "EventId": 941,
              "HttpStatus": 200,
              "Size": 1162,
              "URL": "http://porud755/maximo/webclient/skins-20170809-1350/tivoli09/images/nav_icon_changestatus.gif"
            },
            {
              "CompressionType": "",
              "DataType": "image/gif",
              "DownloadTime": 47,
              "EventId": 939,
              "HttpStatus": 200,
              "Size": 1089,
              "URL": "http://porud755/maximo/webclient/skins-20170809-1350/tivoli09/images/nav_icon_kpi.gif"
            },
            {
              "CompressionType": "",
              "DataType": "image/gif",
              "DownloadTime": 109,
              "EventId": 937,
              "HttpStatus": 200,
              "Size": 1114,
              "URL": "http://porud755/maximo/webclient/skins-20170809-1350/tivoli09/images/nav_icon_next.gif"
            },
            {
              "CompressionType": "",
              "DataType": "image/gif",
              "DownloadTime": 78,
              "EventId": 935,
              "HttpStatus": 200,
              "Size": 1090,
              "URL": "http://porud755/maximo/webclient/skins-20170809-1350/tivoli09/images/nav_icon_clear.gif"
            },
            {
              "CompressionType": "",
              "DataType": "image/gif",
              "DownloadTime": 46,
              "EventId": 933,
              "HttpStatus": 200,
              "Size": 1124,
              "URL": "http://porud755/maximo/webclient/skins-20170809-1350/tivoli09/images/nav_icon_previous.gif"
            },
            {
              "CompressionType": "",
              "DataType": "image/gif",
              "DownloadTime": 78,
              "EventId": 931,
              "HttpStatus": 200,
              "Size": 151,
              "URL": "http://porud755/maximo/webclient/skins-20170809-1350/tivoli09/images/table_filterRow_bkg.gif"
            },
            {
              "CompressionType": "",
              "DataType": "image/gif",
              "DownloadTime": 47,
              "EventId": 929,
              "HttpStatus": 200,
              "Size": 1176,
              "URL": "http://porud755/maximo/webclient/skins-20170809-1350/tivoli09/images/nav_icon_save.gif"
            },
            {
              "CompressionType": "",
              "DataType": "image/gif",
              "DownloadTime": 78,
              "EventId": 927,
              "HttpStatus": 200,
              "Size": 533,
              "URL": "http://porud755/maximo/webclient/skins-20170809-1350/tivoli09/images/table_columnHeader_bkg.gif"
            },
            {
              "CompressionType": "",
              "DataType": "image/gif",
              "DownloadTime": 94,
              "EventId": 925,
              "HttpStatus": 200,
              "Size": 963,
              "URL": "http://porud755/maximo/webclient/skins-20170809-1350/tivoli09/images/table_toolbar_lcap.gif"
            },
            {
              "CompressionType": "",
              "DataType": "image/gif",
              "DownloadTime": 47,
              "EventId": 923,
              "HttpStatus": 200,
              "Size": 964,
              "URL": "http://porud755/maximo/webclient/skins-20170809-1350/tivoli09/images/table_toolbar_rcap.gif"
            },
            {
              "CompressionType": "",
              "DataType": "image/gif",
              "DownloadTime": 110,
              "EventId": 921,
              "HttpStatus": 200,
              "Size": 288,
              "URL": "http://porud755/maximo/webclient/skins-20170809-1350/tivoli09/images/toolbar/toolbarsep.gif"
            },
            {
              "CompressionType": "",
              "DataType": "image/gif",
              "DownloadTime": 62,
              "EventId": 919,
              "HttpStatus": 200,
              "Size": 305,
              "URL": "http://porud755/maximo/webclient/skins-20170809-1350/tivoli09/images/table_toolbar_bkg.gif"
            },
            {
              "CompressionType": "",
              "DataType": "image/gif",
              "DownloadTime": 62,
              "EventId": 916,
              "HttpStatus": 200,
              "Size": 744,
              "URL": "http://porud755/maximo/webclient/skins-20170809-1350/tivoli09/images/nav_icon_insertkey.gif"
            },
            {
              "CompressionType": "",
              "DataType": "image/gif",
              "DownloadTime": 78,
              "EventId": 914,
              "HttpStatus": 200,
              "Size": 1146,
              "URL": "http://porud755/maximo/webclient/skins-20170809-1350/tivoli09/images/quicksearch.gif"
            },
            {
              "CompressionType": "",
              "DataType": "image/gif",
              "DownloadTime": 31,
              "EventId": 912,
              "HttpStatus": 200,
              "Size": 147,
              "URL": "http://porud755/maximo/webclient/skins-20170809-1350/tivoli09/images/nav_btn_menuArrow_Search.gif"
            },
            {
              "CompressionType": "",
              "DataType": "image/gif",
              "DownloadTime": 63,
              "EventId": 908,
              "HttpStatus": 200,
              "Size": 157,
              "URL": "http://porud755/maximo/webclient/skins-20170809-1350/tivoli09/images/toolbar/toolbar_bkg.gif"
            },
            {
              "CompressionType": "",
              "DataType": "image/gif",
              "DownloadTime": 93,
              "EventId": 904,
              "HttpStatus": 200,
              "Size": 390,
              "URL": "http://porud755/maximo/webclient/skins-20170809-1350/tivoli09/images/IE_toolbar_dropdown.gif"
            },
            {
              "CompressionType": "",
              "DataType": "image/gif",
              "DownloadTime": 46,
              "EventId": 897,
              "HttpStatus": 200,
              "Size": 140,
              "URL": "http://porud755/maximo/webclient/skins-20170809-1350/tivoli09/images/appimg_wotrack.gif"
            },
            {
              "CompressionType": "",
              "DataType": "text/html",
              "DownloadTime": 172,
              "EventId": 887,
              "HttpStatus": 200,
              "Size": 109696,
              "URL": "http://porud755/maximo/ui/?event=loadapp&value=emgwotrack&uisessionid=265&csrftoken=gc4p438j5hqvsqqv4bqepi5rad"
            },
            {
              "CompressionType": "",
              "DataType": "text/xml",
              "DownloadTime": 31,
              "EventId": 885,
              "HttpStatus": 200,
              "Size": 260,
              "URL": "http://porud755/maximo/ui/maximo.jsp"
            },
            {
              "CompressionType": "",
              "DataType": "image/png",
              "DownloadTime": 32,
              "EventId": 875,
              "HttpStatus": 200,
              "Size": 233,
              "URL": "http://porud755/maximo/webclient/skins-20170809-1350/tivoli09/images/menus/menuback.png"
            },
            {
              "CompressionType": "",
              "DataType": "image/gif",
              "DownloadTime": 47,
              "EventId": 873,
              "HttpStatus": 200,
              "Size": 881,
              "URL": "http://porud755/maximo/webclient/skins-20170809-1350/tivoli09/images/menus/item_over.gif"
            },
            {
              "CompressionType": "",
              "DataType": "image/gif",
              "DownloadTime": 78,
              "EventId": 871,
              "HttpStatus": 200,
              "Size": 1132,
              "URL": "http://porud755/maximo/webclient/skins-20170809-1350/tivoli09/images/modimg_wo.gif"
            },
            {
              "CompressionType": "",
              "DataType": "image/gif",
              "DownloadTime": 47,
              "EventId": 869,
              "HttpStatus": 200,
              "Size": 1157,
              "URL": "http://porud755/maximo/webclient/skins-20170809-1350/tivoli09/images/modimg_taskMgmt.gif"
            },
            {
              "CompressionType": "",
              "DataType": "image/gif",
              "DownloadTime": 79,
              "EventId": 867,
              "HttpStatus": 200,
              "Size": 1160,
              "URL": "http://porud755/maximo/webclient/skins-20170809-1350/tivoli09/images/modimg_util.gif"
            },
            {
              "CompressionType": "",
              "DataType": "image/gif",
              "DownloadTime": 62,
              "EventId": 865,
              "HttpStatus": 200,
              "Size": 1134,
              "URL": "http://porud755/maximo/webclient/skins-20170809-1350/tivoli09/images/modimg_sla.gif"
            },
            {
              "CompressionType": "",
              "DataType": "image/gif",
              "DownloadTime": 94,
              "EventId": 863,
              "HttpStatus": 200,
              "Size": 650,
              "URL": "http://porud755/maximo/webclient/skins-20170809-1350/tivoli09/images/modimg_ssdr.gif"
            },
            {
              "CompressionType": "",
              "DataType": "image/gif",
              "DownloadTime": 62,
              "EventId": 861,
              "HttpStatus": 200,
              "Size": 1129,
              "URL": "http://porud755/maximo/webclient/skins-20170809-1350/tivoli09/images/modimg_security.gif"
            },
            {
              "CompressionType": "",
              "DataType": "image/gif",
              "DownloadTime": 109,
              "EventId": 859,
              "HttpStatus": 200,
              "Size": 1146,
              "URL": "http://porud755/maximo/webclient/skins-20170809-1350/tivoli09/images/modimg_release.gif"
            },
            {
              "CompressionType": "",
              "DataType": "image/gif",
              "DownloadTime": 47,
              "EventId": 857,
              "HttpStatus": 200,
              "Size": 1068,
              "URL": "http://porud755/maximo/webclient/skins-20170809-1350/tivoli09/images/modimg_sd.gif"
            },
            {
              "CompressionType": "",
              "DataType": "image/gif",
              "DownloadTime": 63,
              "EventId": 855,
              "HttpStatus": 200,
              "Size": 679,
              "URL": "http://porud755/maximo/webclient/skins-20170809-1350/tivoli09/images/modimg_purchase.gif"
            },
            {
              "CompressionType": "",
              "DataType": "image/gif",
              "DownloadTime": 47,
              "EventId": 853,
              "HttpStatus": 200,
              "Size": 1036,
              "URL": "http://porud755/maximo/webclient/skins-20170809-1350/tivoli09/images/modimg_pm.gif"
            },
            {
              "CompressionType": "",
              "DataType": "image/gif",
              "DownloadTime": 78,
              "EventId": 851,
              "HttpStatus": 200,
              "Size": 200,
              "URL": "http://porud755/maximo/webclient/skins-20170809-1350/tivoli09/images/modimg_plans.gif"
            },
            {
              "CompressionType": "",
              "DataType": "image/gif",
              "DownloadTime": 78,
              "EventId": 849,
              "HttpStatus": 200,
              "Size": 717,
              "URL": "http://porud755/maximo/webclient/skins-20170809-1350/tivoli09/images/modimg_inventor.gif"
            },
            {
              "CompressionType": "",
              "DataType": "image/gif",
              "DownloadTime": 62,
              "EventId": 847,
              "HttpStatus": 200,
              "Size": 1232,
              "URL": "http://porud755/maximo/webclient/skins-20170809-1350/tivoli09/images/modimg_int.gif"
            },
            {
              "CompressionType": "",
              "DataType": "image/gif",
              "DownloadTime": 63,
              "EventId": 845,
              "HttpStatus": 200,
              "Size": 653,
              "URL": "http://porud755/maximo/webclient/skins-20170809-1350/tivoli09/images/modimg_configItems.gif"
            },
            {
              "CompressionType": "",
              "DataType": "image/gif",
              "DownloadTime": 78,
              "EventId": 843,
              "HttpStatus": 200,
              "Size": 1116,
              "URL": "http://porud755/maximo/webclient/skins-20170809-1350/tivoli09/images/modimg_contract.gif"
            },
            {
              "CompressionType": "",
              "DataType": "image/gif",
              "DownloadTime": 78,
              "EventId": 841,
              "HttpStatus": 200,
              "Size": 1159,
              "URL": "http://porud755/maximo/webclient/skins-20170809-1350/tivoli09/images/modimg_asset.gif"
            },
            {
              "CompressionType": "",
              "DataType": "image/gif",
              "DownloadTime": 62,
              "EventId": 839,
              "HttpStatus": 200,
              "Size": 476,
              "URL": "http://porud755/maximo/webclient/skins-20170809-1350/tivoli09/images/modimg_financial.gif"
            },
            {
              "CompressionType": "",
              "DataType": "image/gif",
              "DownloadTime": 63,
              "EventId": 837,
              "HttpStatus": 200,
              "Size": 1147,
              "URL": "http://porud755/maximo/webclient/skins-20170809-1350/tivoli09/images/modimg_change.gif"
            },
            {
              "CompressionType": "",
              "DataType": "image/gif",
              "DownloadTime": 47,
              "EventId": 833,
              "HttpStatus": 200,
              "Size": 841,
              "URL": "http://porud755/maximo/webclient/skins-20170809-1350/tivoli09/images/menus/blank.gif"
            },
            {
              "CompressionType": "",
              "DataType": "image/gif",
              "DownloadTime": 31,
              "EventId": 831,
              "HttpStatus": 200,
              "Size": 1217,
              "URL": "http://porud755/maximo/webclient/skins-20170809-1350/tivoli09/images/modimg_setup.gif"
            },
            {
              "CompressionType": "",
              "DataType": "text/plain",
              "DownloadTime": 47,
              "EventId": 809,
              "HttpStatus": 200,
              "Size": 39438,
              "URL": "http://porud755/maximo/webclient/skins-20170809-1350/tivoli09/images/maximo-icon.ico"
            },
            {
              "CompressionType": "",
              "DataType": "image/gif",
              "DownloadTime": 32,
              "EventId": 807,
              "HttpStatus": 200,
              "Size": 43,
              "URL": "http://porud755/maximo/webclient/javascript/dojo-20130903-1504/dojo/resources/blank.gif"
            },
            {
              "CompressionType": "",
              "DataType": "application/x-javascript",
              "DownloadTime": 31,
              "EventId": 805,
              "HttpStatus": 200,
              "Size": 2934,
              "URL": "http://porud755/maximo/webclient/javascript/dojo-20130903-1504/dojo/fx/Toggler.js"
            },
            {
              "CompressionType": "",
              "DataType": "application/x-javascript",
              "DownloadTime": 32,
              "EventId": 802,
              "HttpStatus": 200,
              "Size": 12256,
              "URL": "http://porud755/maximo/webclient/javascript/dojo-20130903-1504/dojo/fx.js"
            },
            {
              "CompressionType": "",
              "DataType": "application/x-javascript",
              "DownloadTime": 47,
              "EventId": 800,
              "HttpStatus": 200,
              "Size": 455,
              "URL": "http://porud755/maximo/webclient/javascript/dojo-20130903-1504/dojo/cldr/nls/en/number.js"
            },
            {
              "CompressionType": "",
              "DataType": "image/png",
              "DownloadTime": 63,
              "EventId": 798,
              "HttpStatus": 200,
              "Size": 205,
              "URL": "http://porud755/maximo/webclient/skins-20170809-1350/tivoli09/images/banner_bkg.png"
            },
            {
              "CompressionType": "",
              "DataType": "image/gif",
              "DownloadTime": 63,
              "EventId": 796,
              "HttpStatus": 200,
              "Size": 832,
              "URL": "http://porud755/maximo/webclient/skins-20170809-1350/tivoli09/images/blank.gif"
            },
            {
              "CompressionType": "",
              "DataType": "image/gif",
              "DownloadTime": 78,
              "EventId": 794,
              "HttpStatus": 200,
              "Size": 3531,
              "URL": "http://porud755/maximo/webclient/skins-20170809-1350/tivoli09/images/wait.gif"
            },
            {
              "CompressionType": "",
              "DataType": "image/gif",
              "DownloadTime": 63,
              "EventId": 792,
              "HttpStatus": 200,
              "Size": 853,
              "URL": "http://porud755/maximo/webclient/skins-20170809-1350/tivoli09/images/dialogs/drag_header_middle.gif"
            },
            {
              "CompressionType": "",
              "DataType": "image/gif",
              "DownloadTime": 109,
              "EventId": 790,
              "HttpStatus": 200,
              "Size": 1122,
              "URL": "http://porud755/maximo/webclient/skins-20170809-1350/tivoli09/images/icon_details.gif"
            },
            {
              "CompressionType": "",
              "DataType": "image/png",
              "DownloadTime": 141,
              "EventId": 788,
              "HttpStatus": 200,
              "Size": 15891,
              "URL": "http://porud755/maximo/webclient/skins-20170809-1350/tivoli09/images/banner_swoosh.png"
            },
            {
              "CompressionType": "",
              "DataType": "image/gif",
              "DownloadTime": 140,
              "EventId": 786,
              "HttpStatus": 200,
              "Size": 1107,
              "URL": "http://porud755/maximo/webclient/skins-20170809-1350/tivoli09/images/btn_savetemplate.gif"
            },
            {
              "CompressionType": "",
              "DataType": "image/gif",
              "DownloadTime": 235,
              "EventId": 784,
              "HttpStatus": 200,
              "Size": 289,
              "URL": "http://porud755/maximo/webclient/skins-20170809-1350/tivoli09/images/btn_help.gif"
            },
            {
              "CompressionType": "",
              "DataType": "image/gif",
              "DownloadTime": 141,
              "EventId": 782,
              "HttpStatus": 200,
              "Size": 1092,
              "URL": "http://porud755/maximo/webclient/skins-20170809-1350/tivoli09/images/btn_changecontent.gif"
            },
            {
              "CompressionType": "",
              "DataType": "image/gif",
              "DownloadTime": 140,
              "EventId": 780,
              "HttpStatus": 200,
              "Size": 931,
              "URL": "http://porud755/maximo/webclient/skins-20170809-1350/tivoli09/images/ibm_logo_white.gif"
            },
            {
              "CompressionType": "",
              "DataType": "image/gif",
              "DownloadTime": 156,
              "EventId": 778,
              "HttpStatus": 200,
              "Size": 1071,
              "URL": "http://porud755/maximo/webclient/skins-20170809-1350/tivoli09/images/btn_cancelchanges.gif"
            },
            {
              "CompressionType": "",
              "DataType": "image/gif",
              "DownloadTime": 156,
              "EventId": 776,
              "HttpStatus": 200,
              "Size": 1106,
              "URL": "http://porud755/maximo/webclient/skins-20170809-1350/tivoli09/images/btn_deletetemplate.gif"
            },
            {
              "CompressionType": "",
              "DataType": "application/x-javascript",
              "DownloadTime": 31,
              "EventId": 766,
              "HttpStatus": 200,
              "Size": 137463,
              "URL": "http://porud755/maximo/webclient/javascript/dojo-20130903-1504/layers/mbs/popuplayer.js"
            },
            {
              "CompressionType": "",
              "DataType": "image/gif",
              "DownloadTime": 78,
              "EventId": 761,
              "HttpStatus": 200,
              "Size": 879,
              "URL": "http://porud755/maximo/webclient/skins-20170809-1350/tivoli09/images/btn_profile.gif"
            },
            {
              "CompressionType": "",
              "DataType": "image/gif",
              "DownloadTime": 31,
              "EventId": 758,
              "HttpStatus": 200,
              "Size": 300,
              "URL": "http://porud755/maximo/webclient/skins-20170809-1350/tivoli09/images/btn_signout.gif"
            },
            {
              "CompressionType": "",
              "DataType": "image/gif",
              "DownloadTime": 93,
              "EventId": 756,
              "HttpStatus": 200,
              "Size": 291,
              "URL": "http://porud755/maximo/webclient/skins-20170809-1350/tivoli09/images/btn_startcenter.gif"
            },
            {
              "CompressionType": "",
              "DataType": "image/gif",
              "DownloadTime": 125,
              "EventId": 753,
              "HttpStatus": 200,
              "Size": 559,
              "URL": "http://porud755/maximo/webclient/skins-20170809-1350/tivoli09/images/information.gif"
            },
            {
              "CompressionType": "",
              "DataType": "image/gif",
              "DownloadTime": 47,
              "EventId": 750,
              "HttpStatus": 200,
              "Size": 187,
              "URL": "http://porud755/maximo/webclient/skins-20170809-1350/tivoli09/images/btn_reporting.gif"
            },
            {
              "CompressionType": "",
              "DataType": "image/gif",
              "DownloadTime": 47,
              "EventId": 748,
              "HttpStatus": 200,
              "Size": 932,
              "URL": "http://porud755/maximo/webclient/skins-20170809-1350/tivoli09/images/gotoarrow.gif"
            },
            {
              "CompressionType": "",
              "DataType": "image/gif",
              "DownloadTime": 78,
              "EventId": 745,
              "HttpStatus": 200,
              "Size": 847,
              "URL": "http://porud755/maximo/webclient/skins-20170809-1350/tivoli09/images/btn_bboard.gif"
            },
            {
              "CompressionType": "",
              "DataType": "image/gif",
              "DownloadTime": 63,
              "EventId": 742,
              "HttpStatus": 200,
              "Size": 2104,
              "URL": "http://porud755/maximo/webclient/skins-20170809-1350/tivoli09/images/appimg_startcntr.gif"
            },
            {
              "CompressionType": "",
              "DataType": "image/png",
              "DownloadTime": 79,
              "EventId": 740,
              "HttpStatus": 200,
              "Size": 714,
              "URL": "http://porud755/maximo/webclient/skins-20170809-1350/tivoli09/images/async/smartfill.png"
            },
            {
              "CompressionType": "",
              "DataType": "application/x-javascript",
              "DownloadTime": 78,
              "EventId": 738,
              "HttpStatus": 200,
              "Size": 130831,
              "URL": "http://porud755/maximo/webclient/javascript/dojo-20130903-1504/dojo/dojo.js"
            },
            {
              "CompressionType": "",
              "DataType": "image/png",
              "DownloadTime": 125,
              "EventId": 735,
              "HttpStatus": 200,
              "Size": 609,
              "URL": "http://porud755/maximo/webclient/skins-20170809-1350/tivoli09/images/async/question.png"
            },
            {
              "CompressionType": "",
              "DataType": "application/x-javascript",
              "DownloadTime": 78,
              "EventId": 733,
              "HttpStatus": 200,
              "Size": 12923,
              "URL": "http://porud755/maximo/webclient/javascript/tpae-20170809-1350/dojo_library.js"
            },
            {
              "CompressionType": "",
              "DataType": "application/x-javascript",
              "DownloadTime": 78,
              "EventId": 731,
              "HttpStatus": 200,
              "Size": 6238,
              "URL": "http://porud755/maximo/webclient/javascript/dojo-20130903-1504/dojo/window.js"
            },
            {
              "CompressionType": "",
              "DataType": "image/png",
              "DownloadTime": 78,
              "EventId": 729,
              "HttpStatus": 200,
              "Size": 629,
              "URL": "http://porud755/maximo/webclient/skins-20170809-1350/tivoli09/images/async/warning.png"
            },
            {
              "CompressionType": "",
              "DataType": "image/png",
              "DownloadTime": 94,
              "EventId": 727,
              "HttpStatus": 200,
              "Size": 795,
              "URL": "http://porud755/maximo/webclient/skins-20170809-1350/tivoli09/images/async/error.png"
            },
            {
              "CompressionType": "",
              "DataType": "image/gif",
              "DownloadTime": 94,
              "EventId": 725,
              "HttpStatus": 200,
              "Size": 845,
              "URL": "http://porud755/maximo/webclient/skins-20170809-1350/tivoli09/images/menus/menusub.gif"
            },
            {
              "CompressionType": "",
              "DataType": "image/png",
              "DownloadTime": 47,
              "EventId": 723,
              "HttpStatus": 200,
              "Size": 180,
              "URL": "http://porud755/maximo/webclient/skins-20170809-1350/tivoli09/images/async/edited.png"
            },
            {
              "CompressionType": "",
              "DataType": "image/gif",
              "DownloadTime": 63,
              "EventId": 721,
              "HttpStatus": 200,
              "Size": 605,
              "URL": "http://porud755/maximo/webclient/skins-20170809-1350/tivoli09/images/async/working.gif"
            },
            {
              "CompressionType": "",
              "DataType": "image/gif",
              "DownloadTime": 93,
              "EventId": 719,
              "HttpStatus": 200,
              "Size": 1265,
              "URL": "http://porud755/maximo/webclient/skins-20170809-1350/tivoli09/images/tb_button_highlight.gif"
            },
            {
              "CompressionType": "",
              "DataType": "image/gif",
              "DownloadTime": 171,
              "EventId": 716,
              "HttpStatus": 200,
              "Size": 828,
              "URL": "http://porud755/maximo/webclient/skins-20170809-1350/tivoli09/images/designer/formtabon_selected.gif"
            },
            {
              "CompressionType": "",
              "DataType": "image/gif",
              "DownloadTime": 219,
              "EventId": 714,
              "HttpStatus": 200,
              "Size": 877,
              "URL": "http://porud755/maximo/webclient/skins-20170809-1350/tivoli09/images/tabs/off.gif"
            },
            {
              "CompressionType": "",
              "DataType": "image/gif",
              "DownloadTime": 156,
              "EventId": 712,
              "HttpStatus": 200,
              "Size": 829,
              "URL": "http://porud755/maximo/webclient/skins-20170809-1350/tivoli09/images/tabs/over.gif"
            },
            {
              "CompressionType": "",
              "DataType": "image/gif",
              "DownloadTime": 172,
              "EventId": 710,
              "HttpStatus": 200,
              "Size": 815,
              "URL": "http://porud755/maximo/webclient/skins-20170809-1350/tivoli09/images/tabs/sub_row.gif"
            },
            {
              "CompressionType": "",
              "DataType": "image/gif",
              "DownloadTime": 125,
              "EventId": 707,
              "HttpStatus": 200,
              "Size": 839,
              "URL": "http://porud755/maximo/webclient/skins-20170809-1350/tivoli09/images/tabs/row.gif"
            },
            {
              "CompressionType": "",
              "DataType": "application/x-javascript",
              "DownloadTime": 109,
              "EventId": 704,
              "HttpStatus": 200,
              "Size": 13089,
              "URL": "http://porud755/maximo/webclient/javascript/tpae-20170809-1350/dataproxy.js"
            },
            {
              "CompressionType": "",
              "DataType": "application/x-javascript",
              "DownloadTime": 94,
              "EventId": 701,
              "HttpStatus": 200,
              "Size": 5025,
              "URL": "http://porud755/maximo/webclient/javascript/tpae-20170809-1350/sessiontimer.js"
            },
            {
              "CompressionType": "",
              "DataType": "application/x-javascript",
              "DownloadTime": 109,
              "EventId": 697,
              "HttpStatus": 200,
              "Size": 1238,
              "URL": "http://porud755/maximo/webclient/javascript/tpae-20170809-1350/constants.js"
            },
            {
              "CompressionType": "",
              "DataType": "application/x-javascript",
              "DownloadTime": 109,
              "EventId": 693,
              "HttpStatus": 200,
              "Size": 2454,
              "URL": "http://porud755/maximo/webclient/javascript/tpae-20170809-1350/wfdesign.js"
            },
            {
              "CompressionType": "",
              "DataType": "application/x-javascript",
              "DownloadTime": 156,
              "EventId": 690,
              "HttpStatus": 200,
              "Size": 13566,
              "URL": "http://porud755/maximo/webclient/javascript/tpae-20170809-1350/designer.js"
            },
            {
              "CompressionType": "",
              "DataType": "application/x-javascript",
              "DownloadTime": 109,
              "EventId": 687,
              "HttpStatus": 200,
              "Size": 718,
              "URL": "http://porud755/maximo/webclient/javascript/tpae-20170809-1350/prototype.js"
            },
            {
              "CompressionType": "",
              "DataType": "text/css",
              "DownloadTime": 63,
              "EventId": 684,
              "HttpStatus": 200,
              "Size": 402,
              "URL": "http://porud755/maximo/webclient/skins-20170809-1350/tivoli09/css/extended.css"
            },
            {
              "CompressionType": "",
              "DataType": "application/x-javascript",
              "DownloadTime": 109,
              "EventId": 681,
              "HttpStatus": 200,
              "Size": 74613,
              "URL": "http://porud755/maximo/webclient/javascript/tpae-20170809-1350/async.js"
            },
            {
              "CompressionType": "",
              "DataType": "application/x-javascript",
              "DownloadTime": 172,
              "EventId": 676,
              "HttpStatus": 200,
              "Size": 1804,
              "URL": "http://porud755/maximo/webclient/skins-20170809-1350/tivoli09/js/skinlibrary.js"
            },
            {
              "CompressionType": "",
              "DataType": "application/x-javascript",
              "DownloadTime": 125,
              "EventId": 668,
              "HttpStatus": 200,
              "Size": 284,
              "URL": "http://porud755/maximo/webclient/javascript/tpae-20170809-1350/library_ex.js"
            },
            {
              "CompressionType": "",
              "DataType": "application/x-javascript",
              "DownloadTime": 125,
              "EventId": 664,
              "HttpStatus": 200,
              "Size": 156724,
              "URL": "http://porud755/maximo/webclient/javascript/tpae-20170809-1350/library.js"
            },
            {
              "CompressionType": "",
              "DataType": "application/x-javascript",
              "DownloadTime": 125,
              "EventId": 661,
              "HttpStatus": 200,
              "Size": 29484,
              "URL": "http://porud755/maximo/webclient/javascript/tpae-20170809-1350/navsection.js"
            },
            {
              "CompressionType": "",
              "DataType": "application/x-javascript",
              "DownloadTime": 203,
              "EventId": 656,
              "HttpStatus": 200,
              "Size": 40757,
              "URL": "http://porud755/maximo/webclient/javascript/tpae-20170809-1350/menus.js"
            },
            {
              "CompressionType": "",
              "DataType": "application/x-javascript",
              "DownloadTime": 297,
              "EventId": 653,
              "HttpStatus": 200,
              "Size": 7099,
              "URL": "http://porud755/maximo/webclient/javascript/tpae-20170809-1350/browser_library.js"
            },
            {
              "CompressionType": "",
              "DataType": "application/x-javascript",
              "DownloadTime": 125,
              "EventId": 645,
              "HttpStatus": 200,
              "Size": 20526,
              "URL": "http://porud755/maximo/webclient/javascript/tpae-20170809-1350/deprecated.js"
            },
            {
              "CompressionType": "",
              "DataType": "text/css",
              "DownloadTime": 312,
              "EventId": 641,
              "HttpStatus": 200,
              "Size": 80792,
              "URL": "http://porud755/maximo/webclient/javascript/dojo-20130903-1504/dijit/themes/tundra/tundra.css"
            },
            {
              "CompressionType": "",
              "DataType": "text/css",
              "DownloadTime": 250,
              "EventId": 629,
              "HttpStatus": 200,
              "Size": 593,
              "URL": "http://porud755/maximo/webclient/javascript/dojo-20130903-1504/dojox/html/resources/ellipsis.css"
            },
            {
              "CompressionType": "",
              "DataType": "text/css",
              "DownloadTime": 203,
              "EventId": 623,
              "HttpStatus": 200,
              "Size": 70513,
              "URL": "http://porud755/maximo/webclient/skins-20170809-1350/tivoli09/css/maximo.css"
            },
            {
              "CompressionType": "",
              "DataType": "text/css",
              "DownloadTime": 141,
              "EventId": 619,
              "HttpStatus": 200,
              "Size": 1735,
              "URL": "http://porud755/maximo/webclient/javascript/dojo-20130903-1504/dojo/resources/dojo.css"
            },
            {
              "CompressionType": "",
              "DataType": "text/html",
              "DownloadTime": 1344,
              "EventId": 600,
              "HttpStatus": 200,
              "Size": 59676,
              "URL": "http://porud755/maximo/ui/login"
            },
            {
              "CompressionType": "",
              "DataType": "text/plain",
              "DownloadTime": 63,
              "EventId": 564,
              "HttpStatus": 200,
              "Size": 39438,
              "URL": "http://porud755/maximo/webclient/images/maximo-icon.ico"
            },
            {
              "CompressionType": "",
              "DataType": "image/png",
              "DownloadTime": 63,
              "EventId": 559,
              "HttpStatus": 200,
              "Size": 140,
              "URL": "http://porud755/maximo/webclient/login/images/ge_login_txtbox.png"
            },
            {
              "CompressionType": "",
              "DataType": "image/png",
              "DownloadTime": 78,
              "EventId": 554,
              "HttpStatus": 200,
              "Size": 322,
              "URL": "http://porud755/maximo/webclient/login/images/buttonEnabled_tiv.png"
            },
            {
              "CompressionType": "",
              "DataType": "image/png",
              "DownloadTime": 63,
              "EventId": 552,
              "HttpStatus": 200,
              "Size": 1344,
              "URL": "http://porud755/maximo/webclient/login/images/ge_bkgnd.png"
            },
            {
              "CompressionType": "",
              "DataType": "image/jpeg",
              "DownloadTime": 47,
              "EventId": 549,
              "HttpStatus": 200,
              "Size": 95757,
              "URL": "http://porud755/maximo/webclient/login/images/ge_login_bkgnd.jpg"
            },
            {
              "CompressionType": "",
              "DataType": "image/png",
              "DownloadTime": 63,
              "EventId": 547,
              "HttpStatus": 200,
              "Size": 412,
              "URL": "http://porud755/maximo/webclient/login/images/ge_login_dialog_bkgnd.png"
            },
            {
              "CompressionType": "",
              "DataType": "image/png",
              "DownloadTime": 172,
              "EventId": 543,
              "HttpStatus": 200,
              "Size": 19257,
              "URL": "http://porud755/maximo/webclient/login/images/mx_icon.png"
            },
            {
              "CompressionType": "",
              "DataType": "image/gif",
              "DownloadTime": 172,
              "EventId": 541,
              "HttpStatus": 200,
              "Size": 157,
              "URL": "http://porud755/maximo/webclient/login/images/ibm-logo-white.gif"
            },
            {
              "CompressionType": "",
              "DataType": "text/css",
              "DownloadTime": 188,
              "EventId": 539,
              "HttpStatus": 200,
              "Size": 708,
              "URL": "http://porud755/maximo/webclient/login/css/tivoli09/login.css"
            },
            {
              "CompressionType": "",
              "DataType": "image/png",
              "DownloadTime": 110,
              "EventId": 537,
              "HttpStatus": 200,
              "Size": 872,
              "URL": "http://porud755/maximo/webclient/login/images/tivoli_brandmark.png"
            },
            {
              "CompressionType": "",
              "DataType": "text/css",
              "DownloadTime": 109,
              "EventId": 532,
              "HttpStatus": 200,
              "Size": 2988,
              "URL": "http://porud755/maximo/webclient/login/css/login.css"
            },
            {
              "CompressionType": "",
              "DataType": "text/html",
              "DownloadTime": 47,
              "EventId": 524,
              "HttpStatus": 200,
              "Size": 6918,
              "URL": "http://porud755/maximo/webclient/login/login.jsp"
            }
          ],
          "SSLCipher": "None",
          "SSLVersion": "None"
        }
      ],
      "IncludeInScript": true
    }
  ],
  "WebSocket": {
    "IncludeInScript": false,
    "IsScriptIncludeWebSocket": false
  },
  "NumberOfCorrelations": 5
}