<?xml version="1.0" encoding="UTF-8" ?>
<server_response csrftoken="js3h0v1u8ivk6ndoql4bpajeko">
<component vis="true" id="mx85_holder" compid="mx85"><![CDATA[]]></component>
<component vis="true" id="mx86_holder" compid="mx86"><![CDATA[<input   role="combobox" aria-autocomplete="none"  id="mx86" class="fld text tbctb  ib"  sa="1"   ctype="textbox"   li="mx87" liclick="1"     style=";width:110px;"      sue="1"  readonly="readonly" type="text" title="" value="" ov="" work="1"/>]]></component>
	<compvalue id="mx86"><![CDATA[]]></compvalue>
<component vis="true" id="mx87_holder" compid="mx87"><![CDATA[<img sf="1"   ctype="image" alt="Drop-down image"  src="../webclient/skins-20170809-1350/tivoli09/images/IE_toolbar_dropdown.gif" source="IE_toolbar_dropdown" imgtype=".gif" style="cursor:default;display:block;margin:0px" border="0"  lc="mx86"  class="di " align="absmiddle"     id="mx87" tabindex="-1" title="Drop-down image"/>]]></component>
<component vis="true" id="mx88_holder" compid="mx88"><![CDATA[<img sf="1" aria-hidden="true" active="0" ctype="image" alt=""  src="../webclient/skins-20170809-1350/tivoli09/images/blank.gif" source="blank.gif" imgtype="" style="display:block;margin:0px" border="0"      align="absmiddle" width="3px" height="30px"   id="mx88" title=""/>]]></component>
<component vis="true" id="mx293_holder" compid="mx293"><![CDATA[			<li role="presentation" id="mx293" ctype="toolbarbutton" ><a role="button" id="mx293_anchor" href='javascript:setClickElementId("mx293");sendEvent("click","mx293","")'  onkeydown="itemAKey(event,this)" title="Save MPRN    CTRL+ALT+S" onfocus="appendClass(this,'onhover')" onblur="removeClass(this,'onhover')"  eventtype="SAVE" class="on" ><img role="presentation" tabindex="-1" id="mx293_image" src="../webclient/skins-20170809-1350/tivoli09/images/nav_icon_save.gif" alt="Save MPRN    CTRL+ALT+S"/></a></li>
]]></component>
<component vis="true" id="mx295_holder" compid="mx295"><![CDATA[			<li role="presentation" id="mx295" ctype="toolbarbutton" ><a role="button" id="mx295_anchor" href='javascript:setClickElementId("mx295");sendEvent("click","mx295","")'  onkeydown="itemAKey(event,this)" title="Clear Changes    CTRL+ALT+C" onfocus="appendClass(this,'onhover')" onblur="removeClass(this,'onhover')"  eventtype="CLEAR" class="on" ><img role="presentation" tabindex="-1" id="mx295_image" src="../webclient/skins-20170809-1350/tivoli09/images/nav_icon_clear.gif" alt="Clear Changes    CTRL+ALT+C"/></a></li>
]]></component>
<component vis="true" id="mx299_holder" compid="mx299"><![CDATA[			<li role="presentation" class="tbSep" style="padding-left: 6px" id="mx299" ctype="toolbarbutton" ><a role="button" id="mx299_anchor" href='javascript:setClickElementId("mx299");sendEvent("click","mx299","")'  onkeydown="itemAKey(event,this)" title="Previous MPRN    CTRL+ALT+P" onfocus="appendClass(this,'onhover')" onblur="removeClass(this,'onhover')"  eventtype="PREVIOUS" class="on" ><img role="presentation" tabindex="-1" id="mx299_image" src="../webclient/skins-20170809-1350/tivoli09/images/nav_icon_previous.gif" alt="Previous MPRN    CTRL+ALT+P"/></a></li>
]]></component>
<component vis="true" id="mx301_holder" compid="mx301"><![CDATA[			<li role="presentation" id="mx301" ctype="toolbarbutton" ><a role="button" id="mx301_anchor" href='javascript:setClickElementId("mx301");sendEvent("click","mx301","")'  onkeydown="itemAKey(event,this)" title="Next MPRN    CTRL+ALT+N" onfocus="appendClass(this,'onhover')" onblur="removeClass(this,'onhover')"  eventtype="NEXT" class="on" ><img role="presentation" tabindex="-1" id="mx301_image" src="../webclient/skins-20170809-1350/tivoli09/images/nav_icon_next.gif" alt="Next MPRN    CTRL+ALT+N"/></a></li>
]]></component>
<component vis="true" id="mx305_holder" compid="mx305"><![CDATA[			<li role="presentation" class="tbSep" style="padding-left: 6px" id="mx305" ctype="toolbarbutton" disabled="disabled"><a role="button" id="mx305_anchor" href='javascript:setClickElementId("mx305");sendEvent("click","mx305","")'  onkeydown="itemAKey(event,this)" title="Create KPI    CTRL+ALT+K" onfocus="appendClass(this,'onhover')" onblur="removeClass(this,'onhover')"  disabled="true" aria-disabled="true" eventtype="CREATEKPI" class="off" ><img role="presentation" tabindex="-1" id="mx305_image" src="../webclient/skins-20170809-1350/tivoli09/images/nav_icon_kpi.gif" alt="Create KPI    CTRL+ALT+K"/></a></li>
]]></component>

			<component vis="true" id="mx194_holder" compid="mx194"><![CDATA[<script pre='true'>publishMessage({"channel":"widgetCleanup","message":["mx782","mx798","mx826","mx851","mx867","mx919","mx968","mx984","mx1020","mx1053","mx1069","mx1089","mx1106","mx1122","mx1166"]});</script>
				<script>
					dojo.publish("maintabchange",[{"id":"mx194","listtab":false}]);
					hideURLbar();
				</script>	
		
					<table role="presentation"  id="mx194" width="100%" class="  ">
						<!-- begin tabgroup mx194-->
				<tr   control="true" id="mx192_0"    style="vertical-align:top;">


		<td class="tabgroupback  " >
		
				<ul class="tabgroup" nowrap="nowrap" role="tablist" >
			<li role="presentation" id="mx196" ctype="tab"><a role="tab" tabindex="-1" id="mx196_anchor" title="List"  onfocus="appendClass(this,'offhover')" onblur="removeClass(this,'offhover')" class="text tablabeloff off "  onkeydown="if(event.keyCode==KEYCODE_SPACEBAR){sendEvent('click','mx196','');cancelEvent(event);}else {itemAKey(event,this)}" onmouseover="return noStatus()" href="javascript: sendEvent('click','mx196','');"><img id='mx196_er_img' src='../webclient/skins-20170809-1350/tivoli09/images/blank.gif' style='display:none' class='tab_blank_icon' title="" alt=""/>&nbsp;List</a></li>
			<li role="presentation" id="mx273" ctype="tab"><a role="tab" tabindex="0" id="mx273_anchor" title="MPRN"  onfocus="setCurrentfocusId(event, this);" class="text tablabelon on "  onkeydown="if(event.keyCode==KEYCODE_SPACEBAR){sendEvent('click','mx273','');cancelEvent(event);}else {itemAKey(event,this)}" onmouseover="return noStatus()" href="javascript: sendEvent('click','mx273','');"><img id='mx273_er_img' src='../webclient/skins-20170809-1350/tivoli09/images/blank.gif' style='display:none' class='tab_blank_icon' title="" alt=""/>&nbsp;MPRN</a></li>
			<li role="presentation" id="mx276" ctype="tab"><a role="tab" tabindex="-1" id="mx276_anchor" title="Record PSI"  onfocus="appendClass(this,'offhover')" onblur="removeClass(this,'offhover')" class="text tablabeloff off "  onkeydown="if(event.keyCode==KEYCODE_SPACEBAR){sendEvent('click','mx276','');cancelEvent(event);}else {itemAKey(event,this)}" onmouseover="return noStatus()" href="javascript: sendEvent('click','mx276','');"><img id='mx276_er_img' src='../webclient/skins-20170809-1350/tivoli09/images/blank.gif' style='display:none' class='tab_blank_icon' title="" alt=""/>&nbsp;Record PSI</a></li></ul>
		</td>
					</tr>

		<tr id="mx274"  control="true">
			<td id="mx187" class="  "  width="100%" >
				<table role="presentation" id="mx187_tabbody_table" summary="" class="tabBodyTable">
					
		<tr>
			<td id="mx783"  control="true" style="vertical-align:top;">
	
		<div id="mx783_compHolder" aria-live="polite"  style="padding:0px;margin:0px;vertical-align:top;height: 100%;display:"  >
		
			<table id="mx783_inner" role="presentation"  cellspacing="0" class="so   " cellpadding="0" height="100%" width="100%"   style="vertical-align:top;" ><tr id="mx783_1"  style="vertical-align:top;display:;" > 
	<td id="mx782" aria-live="polite"      style="display:;white-space:nowrap;padding-bottom: 2px;" class="section   " valign="top"  ><table role="presentation" control="true" id="mx781"   width="100%"  class="  " summary=""  style="width:100%;;;vertical-align:top">				<tr   control="true" id="mx787_0"    style="vertical-align:top;">

		<td id="mx790" aria-live="polite"  style="display:;;padding:0 2px;vertical-align: top" sc="true"  height="100%" class="sectioncol">
			<div id="mx790_div" style="height: 100%">
			
<table role="presentation" control="true" id="mx789"   width="100%" height="100%" class="  " summary=""  style="width:100%;height:100%;;;vertical-align:top">
		<tr>
			<td id="mx799"  control="true" style="vertical-align:top;">
	
		<div id="mx799_compHolder" aria-live="polite"  style="padding:0px;margin:0px;vertical-align:top;height: 100%;display:"  >
		
			<table id="mx799_inner" role="presentation"  cellspacing="0" class="so   " cellpadding="0" height="100%" width="100%"   style="vertical-align:top;" ><tr id="mx799_1"  style="vertical-align:top;display:;" > 
	<td id="mx798" aria-live="polite"      style="display:;white-space:nowrap;padding-bottom: 2px;" class="section   " valign="top"  ><table role="presentation" control="true" id="mx797"   width="100%"  class="  " summary=""  style="width:100%;;;vertical-align:top">				<tr   control="true" id="mx807_0"  class="  leafspacer" style="vertical-align:top;">
				<td    nowrap="nowrap"  id="mx806_0"  align="right"   valign="middle" style="vertical-align:middle;"><div aria-live="polite" id="mx801_holder" class="bc"><label ctype="label"  id="mx801"    noclick="1"   targetid="mx801"    class="text label  label  " style="display:block;padding-left:2px;padding-top:2px;;;;;" for="mx803" title="Premise Id">Premise Id:</label></div></td>
				<td    nowrap="nowrap"  id="mx806_1"     valign="middle" style="vertical-align:middle;"><div aria-live="polite" id="mx802_holder" class="bc"><img id="mx802" alt="required" align='absmiddle' src='../webclient/skins-20170809-1350/tivoli09/images/required.gif' style="visibility:hidden;" class="required "/></div><div aria-live="polite" id="mx803_holder" class="bc"><input  aria-readonly="true"  role="textbox"  id="mx803" class="fld text   fld fld_ro"     ctype="textbox"  dir="ltr" li="mx804"      style="padding-right:2px;text-align: right;;width:70.0px;"   async='1'  ae="setvalue"  tabindex="-1" readonly="readonly" type="text" title="Premise Id: 100,068,631" value="100,068,631" ov="100,068,631" work="1" fldInfo='{&quot;length&quot;:&quot;12&quot;,&quot;inttype&quot;:&quot;6&quot;,&quot;scale&quot;:&quot;0&quot;}'/></div><div aria-live="polite" id="mx804_holder" class="bc"><img sf="1" aria-hidden="true" active="0" ctype="image" alt=""  src="../webclient/skins-20170809-1350/tivoli09/images/blank.gif" source="blank" imgtype=".gif" style="display:inline;margin:0px;" border="0"  lc="mx803"    align="absmiddle" width='26px' height='26px'   id="mx804" title=""/></div></td>
				</tr>
				<tr   control="true" id="mx815_0"  class="  leafspacer" style="vertical-align:top;">
				<td    nowrap="nowrap"  id="mx814_0"  align="right"   valign="middle" style="vertical-align:middle;"><div aria-live="polite" id="mx809_holder" class="bc"><label ctype="label"  id="mx809"    noclick="1"   targetid="mx809"    class="text label  label  " style="display:block;padding-left:2px;padding-top:2px;;;;;" for="mx811" title="MPRN">MPRN:</label></div></td>
				<td    nowrap="nowrap"  id="mx814_1"     valign="middle" style="vertical-align:middle;"><div aria-live="polite" id="mx810_holder" class="bc"><img id="mx810" alt="required" align='absmiddle' src='../webclient/skins-20170809-1350/tivoli09/images/required.gif' style="visibility:hidden;" class="required "/></div><div aria-live="polite" id="mx811_holder" class="bc"><input  aria-readonly="true"  role="textbox"  id="mx811" class="fld text   fld fld_ro"     ctype="textbox"  dir="ltr" li="mx812"      style="padding-right:2px;text-align: right;;width:70.0px;"   async='1'  ae="setvalue"  tabindex="-1" readonly="readonly" type="text" title="MPRN: 546,431,208" value="546,431,208" ov="546,431,208" work="1" fldInfo='{&quot;length&quot;:&quot;10&quot;,&quot;inttype&quot;:&quot;6&quot;,&quot;scale&quot;:&quot;0&quot;,&quot;required&quot;:true}'/></div><div aria-live="polite" id="mx812_holder" class="bc"><img sf="1" aria-hidden="true" active="0" ctype="image" alt=""  src="../webclient/skins-20170809-1350/tivoli09/images/blank.gif" source="blank" imgtype=".gif" style="display:inline;margin:0px;" border="0"  lc="mx811"    align="absmiddle" width='26px' height='26px'   id="mx812" title=""/></div></td>
				</tr>
</table>
</td>
		</tr>
		
			</table>
		</div>
	
			</td>
		</tr>
	</table>

		</div>
	</td>

		<td id="mx818" aria-live="polite"  style="display:;;padding:0 2px;vertical-align: top" sc="true"  height="100%" class="sectioncol">
			<div id="mx818_div" style="height: 100%">
			
<table role="presentation" control="true" id="mx817"   width="100%" height="100%" class="  " summary=""  style="width:100%;height:100%;;;vertical-align:top">
		<tr>
			<td id="mx827"  control="true" style="vertical-align:top;">
	
		<div id="mx827_compHolder" aria-live="polite"  style="padding:0px;margin:0px;vertical-align:top;height: 100%;display:"  >
		
			<table id="mx827_inner" role="presentation"  cellspacing="0" class="so   " cellpadding="0" height="100%" width="100%"   style="vertical-align:top;" ><tr id="mx827_1"  style="vertical-align:top;display:;" > 
	<td id="mx826" aria-live="polite"      style="display:;white-space:nowrap;padding-bottom: 2px;" class="section   " valign="top"  ><table role="presentation" control="true" id="mx825"   width="100%"  class="  " summary=""  style="width:100%;;;vertical-align:top">				<tr   control="true" id="mx835_0"  class="  leafspacer" style="vertical-align:top;">
				<td    nowrap="nowrap"  id="mx834_0"  align="right"   valign="middle" style="vertical-align:middle;"><div aria-live="polite" id="mx829_holder" class="bc"><label ctype="label"  id="mx829"    noclick="1"   targetid="mx829"    class="text label  label  " style="display:block;padding-left:2px;padding-top:2px;;;;;" for="mx831" title="Status Code">Status Code:</label></div></td>
				<td    nowrap="nowrap"  id="mx834_1"     valign="middle" style="vertical-align:middle;"><div aria-live="polite" id="mx830_holder" class="bc"><img id="mx830" alt="required" align='absmiddle' src='../webclient/skins-20170809-1350/tivoli09/images/required.gif' style="visibility:hidden;" class="required "/></div><div aria-live="polite" id="mx831_holder" class="bc"><input  aria-readonly="true"  role="textbox"  id="mx831" class="fld text   fld fld_ro"     ctype="textbox"   li="mx832"     maxlength="2" style=";width:70.0px;"   async='1'  ae="setvalue"  tabindex="-1" readonly="readonly" type="text" title="Status Code: LI" value="LI" ov="LI" work="1" fldInfo='{&quot;length&quot;:&quot;2&quot;,&quot;inttype&quot;:&quot;0&quot;}'/></div><div aria-live="polite" id="mx832_holder" class="bc"><img sf="1" aria-hidden="true" active="0" ctype="image" alt=""  src="../webclient/skins-20170809-1350/tivoli09/images/blank.gif" source="blank" imgtype=".gif" style="display:inline;margin:0px;" border="0"  lc="mx831"    align="absmiddle" width='26px' height='26px'   id="mx832" title=""/></div></td>
				</tr>
				<tr   control="true" id="mx843_0"  class="  leafspacer" style="vertical-align:top;">
				<td    nowrap="nowrap"  id="mx842_0"  align="right"   valign="middle" style="vertical-align:middle;"><div aria-live="polite" id="mx837_holder" class="bc"><label ctype="label"  id="mx837"    noclick="1"   targetid="mx837"    class="text label  label  " style="display:block;padding-left:2px;padding-top:2px;;;;;" for="mx839" title="Site">Site:</label></div></td>
				<td    nowrap="nowrap"  id="mx842_1"     valign="middle" style="vertical-align:middle;"><div aria-live="polite" id="mx838_holder" class="bc"><img id="mx838" alt="required" align='absmiddle' src='../webclient/skins-20170809-1350/tivoli09/images/required.gif' style="visibility:hidden;" class="required "/></div><div aria-live="polite" id="mx839_holder" class="bc"><input  aria-readonly="true"  role="textbox"  id="mx839" class="fld text   fld fld_ro"     ctype="textbox"   li="mx840"     maxlength="8" style=";width:75.0px;"   async='1'  ae="setvalue"  tabindex="-1" readonly="readonly" type="text" title="Site: SOUTHERN" value="SOUTHERN" ov="SOUTHERN" work="1" fldInfo='{&quot;length&quot;:&quot;8&quot;,&quot;inttype&quot;:&quot;1&quot;,&quot;eventpriority&quot;:1}'/></div><div aria-live="polite" id="mx840_holder" class="bc"><img sf="1" aria-hidden="true" active="0" ctype="image" alt=""  src="../webclient/skins-20170809-1350/tivoli09/images/blank.gif" source="blank" imgtype=".gif" style="display:inline;margin:0px;" border="0"  lc="mx839"    align="absmiddle" width='26px' height='26px'   id="mx840" title=""/></div></td>
				</tr>
</table>
</td>
		</tr>
		
			</table>
		</div>
	
			</td>
		</tr>
	</table>

		</div>
	</td>
				</tr>
</table>
</td>
		</tr>
		
			</table>
		</div>
	
			</td>
		</tr>
	
		<tr>
			<td id="mx852"  control="true" style="vertical-align:top;">
	
		<div id="mx852_compHolder" aria-live="polite"  style="padding:0px;margin:0px;vertical-align:top;height: 100%;display:" class="sectionBS" >
		
			<table id="mx852_inner" role="presentation"  cellspacing="0" class="so   " cellpadding="0" height="100%" width="100%"   style="vertical-align:top;" ><tr id="mx852_0"  style="vertical-align:top;display:;" > 		<td id="mx849" class="hbouter"  style="padding:0px;;white-space:nowrap;"  role="presentation">
			<table cellspacing="0" cellpadding="0" style="width:100%;" class="" role="presentation">
				<tr>
						<td class="h_l"></td>
					<td id="mx849_header_0"  align="middle" class="hb   hbsh" valign="middle" style="padding:0px;white-space:nowrap;" width:100%;><div aria-live="polite" id="mx845_holder" class="bc"><h1 labelledby="mx845" style="display:inline" title="Address Details"><label ctype="label"  id="mx845"    noclick="1"   targetid="mx845"    class="text st  " style="display:block;padding-left:2px;padding-top:2px;;;;;" title="Address Details"><img id='mx845_er_img' src='../webclient/skins-20170809-1350/tivoli09/images/blank.gif' style='display:none' class='label_blank_icon' title="" alt=""/>Address Details</label></h1></div></td>
					<td id="mx849_header_1"  align="middle" class="hb   hbsh" valign="middle" style="padding:0px;white-space:nowrap;" width:100%;></td>
					<td id="mx849_header_2"  align="middle" class="hb   hbsh" valign="middle" style="padding:0px;white-space:nowrap;" width="100%"><div aria-live="polite" id="mx847_holder" class="bc">	<div id="mx847" name="mx847" class="text ts  ts  "  style="width:100%">&nbsp;</div>
</div></td>
					<td id="mx849_header_3"  align="middle" class="hb   hbsh" valign="middle" style="padding:0px;white-space:nowrap;" width="100%"><div aria-live="polite" id="mx848_holder" class="bc"><a  href="javascript: void(0);" ctype="toggleimage" ev="true" tabindex="0"  compid="mx848"  title="Minimize Address Details Section"><img id="mx848"  aria-disabled="true" aria-hidden="true"  tabindex="-1" border="0" class="ti   " src="../webclient/skins-20170809-1350/tivoli09/images/minimize.gif" source="minimize.gif" imgtype="" ev="true" align="top" style="display:block;margin:0px;"  alt="Minimize Address Details Section"  /></a>
</div></td>
					<td class="h_r"></td>
				</tr>
			</table>
		</td>

		</tr>
		<tr id="mx852_1"  style="vertical-align:top;display:;" > 
	<td id="mx851" aria-live="polite"      style="display:;white-space:nowrap;padding-bottom: 2px;" class="section   sectionb" valign="top"  ><table role="presentation" control="true" id="mx850"   width="100%"  class="  " summary=""  style="width:100%;;;vertical-align:top">				<tr   control="true" id="mx856_0"    style="vertical-align:top;">

		<td id="mx859" aria-live="polite"  style="display:;;padding:0 2px;vertical-align: top" sc="true"  height="100%" class="sectioncol">
			<div id="mx859_div" style="height: 100%">
			
<table role="presentation" control="true" id="mx858"   width="100%" height="100%" class="  " summary=""  style="width:100%;height:100%;;;vertical-align:top">
		<tr>
			<td id="mx868"  control="true" style="vertical-align:top;">
	
		<div id="mx868_compHolder" aria-live="polite"  style="padding:0px;margin:0px;vertical-align:top;height: 100%;display:"  >
		
			<table id="mx868_inner" role="presentation"  cellspacing="0" class="so   " cellpadding="0" height="100%" width="100%"   style="vertical-align:top;" ><tr id="mx868_1"  style="vertical-align:top;display:;" > 
	<td id="mx867" aria-live="polite"      style="display:;white-space:nowrap;padding-bottom: 2px;" class="section   " valign="top"  ><table role="presentation" control="true" id="mx866"   width="100%"  class="  " summary=""  style="width:100%;;;vertical-align:top">				<tr   control="true" id="mx876_0"  class="  leafspacer" style="vertical-align:top;">
				<td    nowrap="nowrap"  id="mx875_0"  align="right"   valign="middle" style="vertical-align:middle;"><div aria-live="polite" id="mx870_holder" class="bc"><label ctype="label"  id="mx870"    noclick="1"   targetid="mx870"    class="text label  label  " style="display:block;padding-left:2px;padding-top:2px;;;;;" for="mx872" title="Building Number">Building Number:</label></div></td>
				<td    nowrap="nowrap"  id="mx875_1"     valign="middle" style="vertical-align:middle;"><div aria-live="polite" id="mx871_holder" class="bc"><img id="mx871" alt="required" align='absmiddle' src='../webclient/skins-20170809-1350/tivoli09/images/required.gif' style="visibility:hidden;" class="required "/></div><div aria-live="polite" id="mx872_holder" class="bc"><input  aria-readonly="true"  role="textbox"  id="mx872" class="fld text   fld fld_ro"     ctype="textbox"  dir="ltr" li="mx873"      style="padding-right:2px;text-align: right;;width:75.0px;"   async='1'  ae="setvalue"  tabindex="-1" readonly="readonly" type="text" title="Building Number: 104" value="104" ov="104" work="1" fldInfo='{&quot;length&quot;:&quot;4&quot;,&quot;inttype&quot;:&quot;9&quot;,&quot;scale&quot;:&quot;0&quot;}'/></div><div aria-live="polite" id="mx873_holder" class="bc"><img sf="1" aria-hidden="true" active="0" ctype="image" alt=""  src="../webclient/skins-20170809-1350/tivoli09/images/blank.gif" source="blank" imgtype=".gif" style="display:inline;margin:0px;" border="0"  lc="mx872"    align="absmiddle" width='26px' height='26px'   id="mx873" title=""/></div></td>
				</tr>
				<tr   control="true" id="mx884_0"  class="  leafspacer" style="vertical-align:top;">
				<td    nowrap="nowrap"  id="mx883_0"  align="right"   valign="middle" style="vertical-align:middle;"><div aria-live="polite" id="mx878_holder" class="bc"><label ctype="label"  id="mx878"    noclick="1"   targetid="mx878"    class="text label  label  " style="display:block;padding-left:2px;padding-top:2px;;;;;" for="mx880" title="Building Name">Building Name:</label></div></td>
				<td    nowrap="nowrap"  id="mx883_1"     valign="middle" style="vertical-align:middle;"><div aria-live="polite" id="mx879_holder" class="bc"><img id="mx879" alt="required" align='absmiddle' src='../webclient/skins-20170809-1350/tivoli09/images/required.gif' style="visibility:hidden;" class="required "/></div><div aria-live="polite" id="mx880_holder" class="bc"><input  aria-readonly="true"  role="textbox"  id="mx880" class="fld text   fld fld_ro"     ctype="textbox"   li="mx881"     maxlength="50" style=";width:300.0px;"   async='1'  ae="setvalue"  tabindex="-1" readonly="readonly" type="text" title="Building Name: MR M ALDRIDGE" value="MR M ALDRIDGE" ov="MR M ALDRIDGE" work="1" fldInfo='{&quot;length&quot;:&quot;50&quot;,&quot;inttype&quot;:&quot;0&quot;}'/></div><div aria-live="polite" id="mx881_holder" class="bc"><img sf="1" aria-hidden="true" active="0" ctype="image" alt=""  src="../webclient/skins-20170809-1350/tivoli09/images/blank.gif" source="blank" imgtype=".gif" style="display:inline;margin:0px;" border="0"  lc="mx880"    align="absmiddle" width='26px' height='26px'   id="mx881" title=""/></div></td>
				</tr>
				<tr   control="true" id="mx892_0"  class="  leafspacer" style="vertical-align:top;">
				<td    nowrap="nowrap"  id="mx891_0"  align="right"   valign="middle" style="vertical-align:middle;"><div aria-live="polite" id="mx886_holder" class="bc"><label ctype="label"  id="mx886"    noclick="1"   targetid="mx886"    class="text label  label  " style="display:block;padding-left:2px;padding-top:2px;;;;;" for="mx888" title="Principal Street">Principal Street:</label></div></td>
				<td    nowrap="nowrap"  id="mx891_1"     valign="middle" style="vertical-align:middle;"><div aria-live="polite" id="mx887_holder" class="bc"><img id="mx887" alt="required" align='absmiddle' src='../webclient/skins-20170809-1350/tivoli09/images/required.gif' style="visibility:hidden;" class="required "/></div><div aria-live="polite" id="mx888_holder" class="bc"><input  aria-readonly="true"  role="textbox"  id="mx888" class="fld text   fld fld_ro"     ctype="textbox"   li="mx889"     maxlength="40" style=";width:300.0px;"   async='1'  ae="setvalue"  tabindex="-1" readonly="readonly" type="text" title="Principal Street: NEWLANDS PARK" value="NEWLANDS PARK" ov="NEWLANDS PARK" work="1" fldInfo='{&quot;length&quot;:&quot;40&quot;,&quot;inttype&quot;:&quot;0&quot;}'/></div><div aria-live="polite" id="mx889_holder" class="bc"><img sf="1" aria-hidden="true" active="0" ctype="image" alt=""  src="../webclient/skins-20170809-1350/tivoli09/images/blank.gif" source="blank" imgtype=".gif" style="display:inline;margin:0px;" border="0"  lc="mx888"    align="absmiddle" width='26px' height='26px'   id="mx889" title=""/></div></td>
				</tr>
				<tr   control="true" id="mx900_0"  class="  leafspacer" style="vertical-align:top;">
				<td    nowrap="nowrap"  id="mx899_0"  align="right"   valign="middle" style="vertical-align:middle;"><div aria-live="polite" id="mx894_holder" class="bc"><label ctype="label"  id="mx894"    noclick="1"   targetid="mx894"    class="text label  label  " style="display:block;padding-left:2px;padding-top:2px;;;;;" for="mx896" title="Dependant Street">Dependant Street:</label></div></td>
				<td    nowrap="nowrap"  id="mx899_1"     valign="middle" style="vertical-align:middle;"><div aria-live="polite" id="mx895_holder" class="bc"><img id="mx895" alt="required" align='absmiddle' src='../webclient/skins-20170809-1350/tivoli09/images/required.gif' style="visibility:hidden;" class="required "/></div><div aria-live="polite" id="mx896_holder" class="bc"><input  aria-readonly="true"  role="textbox"  id="mx896" class="fld text   fld fld_ro"     ctype="textbox"   li="mx897"     maxlength="40" style=";width:300.0px;"   async='1'  ae="setvalue"  tabindex="-1" readonly="readonly" type="text" title="Dependant Street" value="" ov="" work="1" fldInfo='{&quot;length&quot;:&quot;40&quot;,&quot;inttype&quot;:&quot;0&quot;}'/></div><div aria-live="polite" id="mx897_holder" class="bc"><img sf="1" aria-hidden="true" active="0" ctype="image" alt=""  src="../webclient/skins-20170809-1350/tivoli09/images/blank.gif" source="blank" imgtype=".gif" style="display:inline;margin:0px;" border="0"  lc="mx896"    align="absmiddle" width='26px' height='26px'   id="mx897" title=""/></div></td>
				</tr>
				<tr   control="true" id="mx908_0"  class="  leafspacer" style="vertical-align:top;">
				<td    nowrap="nowrap"  id="mx907_0"  align="right"   valign="middle" style="vertical-align:middle;"><div aria-live="polite" id="mx902_holder" class="bc"><label ctype="label"  id="mx902"    noclick="1"   targetid="mx902"    class="text label  label  " style="display:block;padding-left:2px;padding-top:2px;;;;;" for="mx904" title="County">County:</label></div></td>
				<td    nowrap="nowrap"  id="mx907_1"     valign="middle" style="vertical-align:middle;"><div aria-live="polite" id="mx903_holder" class="bc"><img id="mx903" alt="required" align='absmiddle' src='../webclient/skins-20170809-1350/tivoli09/images/required.gif' style="visibility:hidden;" class="required "/></div><div aria-live="polite" id="mx904_holder" class="bc"><input  aria-readonly="true"  role="textbox"  id="mx904" class="fld text   fld fld_ro"     ctype="textbox"   li="mx905"     maxlength="40" style=";width:300.0px;"   async='1'  ae="setvalue"  tabindex="-1" readonly="readonly" type="text" title="County: GREATER LONDON" value="GREATER LONDON" ov="GREATER LONDON" work="1" fldInfo='{&quot;length&quot;:&quot;40&quot;,&quot;inttype&quot;:&quot;0&quot;}'/></div><div aria-live="polite" id="mx905_holder" class="bc"><img sf="1" aria-hidden="true" active="0" ctype="image" alt=""  src="../webclient/skins-20170809-1350/tivoli09/images/blank.gif" source="blank" imgtype=".gif" style="display:inline;margin:0px;" border="0"  lc="mx904"    align="absmiddle" width='26px' height='26px'   id="mx905" title=""/></div></td>
				</tr>
</table>
</td>
		</tr>
		
			</table>
		</div>
	
			</td>
		</tr>
	</table>

		</div>
	</td>

		<td id="mx911" aria-live="polite"  style="display:;;padding:0 2px;vertical-align: top" sc="true"  height="100%" class="sectioncol">
			<div id="mx911_div" style="height: 100%">
			
<table role="presentation" control="true" id="mx910"   width="100%" height="100%" class="  " summary=""  style="width:100%;height:100%;;;vertical-align:top">
		<tr>
			<td id="mx920"  control="true" style="vertical-align:top;">
	
		<div id="mx920_compHolder" aria-live="polite"  style="padding:0px;margin:0px;vertical-align:top;height: 100%;display:"  >
		
			<table id="mx920_inner" role="presentation"  cellspacing="0" class="so   " cellpadding="0" height="100%" width="100%"   style="vertical-align:top;" ><tr id="mx920_1"  style="vertical-align:top;display:;" > 
	<td id="mx919" aria-live="polite"      style="display:;white-space:nowrap;padding-bottom: 2px;" class="section   " valign="top"  ><table role="presentation" control="true" id="mx918"   width="100%"  class="  " summary=""  style="width:100%;;;vertical-align:top">				<tr   control="true" id="mx928_0"  class="  leafspacer" style="vertical-align:top;">
				<td    nowrap="nowrap"  id="mx927_0"  align="right"   valign="middle" style="vertical-align:middle;"><div aria-live="polite" id="mx922_holder" class="bc"><label ctype="label"  id="mx922"    noclick="1"   targetid="mx922"    class="text label  label  " style="display:block;padding-left:2px;padding-top:2px;;;;;" for="mx924" title="Delivery Point Alias">Delivery Point Alias:</label></div></td>
				<td    nowrap="nowrap"  id="mx927_1"     valign="middle" style="vertical-align:middle;"><div aria-live="polite" id="mx923_holder" class="bc"><img id="mx923" alt="required" align='absmiddle' src='../webclient/skins-20170809-1350/tivoli09/images/required.gif' style="visibility:hidden;" class="required "/></div><div aria-live="polite" id="mx924_holder" class="bc"><input  aria-readonly="true"  role="textbox"  id="mx924" class="fld text   fld fld_ro"     ctype="textbox"   li="mx925"     maxlength="50" style=";width:300.0px;"   async='1'  ae="setvalue"  tabindex="-1" readonly="readonly" type="text" title="Delivery Point Alias" value="" ov="" work="1" fldInfo='{&quot;length&quot;:&quot;50&quot;,&quot;inttype&quot;:&quot;0&quot;}'/></div><div aria-live="polite" id="mx925_holder" class="bc"><img sf="1" aria-hidden="true" active="0" ctype="image" alt=""  src="../webclient/skins-20170809-1350/tivoli09/images/blank.gif" source="blank" imgtype=".gif" style="display:inline;margin:0px;" border="0"  lc="mx924"    align="absmiddle" width='26px' height='26px'   id="mx925" title=""/></div></td>
				</tr>
				<tr   control="true" id="mx936_0"  class="  leafspacer" style="vertical-align:top;">
				<td    nowrap="nowrap"  id="mx935_0"  align="right"   valign="middle" style="vertical-align:middle;"><div aria-live="polite" id="mx930_holder" class="bc"><label ctype="label"  id="mx930"    noclick="1"   targetid="mx930"    class="text label  label  " style="display:block;padding-left:2px;padding-top:2px;;;;;" for="mx932" title="Locality Name">Locality Name:</label></div></td>
				<td    nowrap="nowrap"  id="mx935_1"     valign="middle" style="vertical-align:middle;"><div aria-live="polite" id="mx931_holder" class="bc"><img id="mx931" alt="required" align='absmiddle' src='../webclient/skins-20170809-1350/tivoli09/images/required.gif' style="visibility:hidden;" class="required "/></div><div aria-live="polite" id="mx932_holder" class="bc"><input  aria-readonly="true"  role="textbox"  id="mx932" class="fld text   fld fld_ro"     ctype="textbox"   li="mx933"     maxlength="50" style=";width:300.0px;"   async='1'  ae="setvalue"  tabindex="-1" readonly="readonly" type="text" title="Locality Name" value="" ov="" work="1" fldInfo='{&quot;length&quot;:&quot;50&quot;,&quot;inttype&quot;:&quot;0&quot;}'/></div><div aria-live="polite" id="mx933_holder" class="bc"><img sf="1" aria-hidden="true" active="0" ctype="image" alt=""  src="../webclient/skins-20170809-1350/tivoli09/images/blank.gif" source="blank" imgtype=".gif" style="display:inline;margin:0px;" border="0"  lc="mx932"    align="absmiddle" width='26px' height='26px'   id="mx933" title=""/></div></td>
				</tr>
				<tr   control="true" id="mx944_0"  class="  leafspacer" style="vertical-align:top;">
				<td    nowrap="nowrap"  id="mx943_0"  align="right"   valign="middle" style="vertical-align:middle;"><div aria-live="polite" id="mx938_holder" class="bc"><label ctype="label"  id="mx938"    noclick="1"   targetid="mx938"    class="text label  label  " style="display:block;padding-left:2px;padding-top:2px;;;;;" for="mx940" title="Post Town">Post Town:</label></div></td>
				<td    nowrap="nowrap"  id="mx943_1"     valign="middle" style="vertical-align:middle;"><div aria-live="polite" id="mx939_holder" class="bc"><img id="mx939" alt="required" align='absmiddle' src='../webclient/skins-20170809-1350/tivoli09/images/required.gif' style="visibility:hidden;" class="required "/></div><div aria-live="polite" id="mx940_holder" class="bc"><input  aria-readonly="true"  role="textbox"  id="mx940" class="fld text   fld fld_ro"     ctype="textbox"   li="mx941"     maxlength="40" style=";width:300.0px;"   async='1'  ae="setvalue"  tabindex="-1" readonly="readonly" type="text" title="Post Town: LONDON" value="LONDON" ov="LONDON" work="1" fldInfo='{&quot;length&quot;:&quot;40&quot;,&quot;inttype&quot;:&quot;0&quot;}'/></div><div aria-live="polite" id="mx941_holder" class="bc"><img sf="1" aria-hidden="true" active="0" ctype="image" alt=""  src="../webclient/skins-20170809-1350/tivoli09/images/blank.gif" source="blank" imgtype=".gif" style="display:inline;margin:0px;" border="0"  lc="mx940"    align="absmiddle" width='26px' height='26px'   id="mx941" title=""/></div></td>
				</tr>
				<tr   control="true" id="mx952_0"  class="  leafspacer" style="vertical-align:top;">
				<td    nowrap="nowrap"  id="mx951_0"  align="right"   valign="middle" style="vertical-align:middle;"><div aria-live="polite" id="mx946_holder" class="bc"><label ctype="label"  id="mx946"    noclick="1"   targetid="mx946"    class="text label  label  " style="display:block;padding-left:2px;padding-top:2px;;;;;" for="mx948" title="Outcode">Outcode:</label></div></td>
				<td    nowrap="nowrap"  id="mx951_1"     valign="middle" style="vertical-align:middle;"><div aria-live="polite" id="mx947_holder" class="bc"><img id="mx947" alt="required" align='absmiddle' src='../webclient/skins-20170809-1350/tivoli09/images/required.gif' style="visibility:hidden;" class="required "/></div><div aria-live="polite" id="mx948_holder" class="bc"><input  aria-readonly="true"  role="textbox"  id="mx948" class="fld text   fld fld_ro"     ctype="textbox"   li="mx949"     maxlength="4" style=";width:75.0px;"   async='1'  ae="setvalue"  tabindex="-1" readonly="readonly" type="text" title="Outcode: SE26" value="SE26" ov="SE26" work="1" fldInfo='{&quot;length&quot;:&quot;4&quot;,&quot;inttype&quot;:&quot;0&quot;}'/></div><div aria-live="polite" id="mx949_holder" class="bc"><img sf="1" aria-hidden="true" active="0" ctype="image" alt=""  src="../webclient/skins-20170809-1350/tivoli09/images/blank.gif" source="blank" imgtype=".gif" style="display:inline;margin:0px;" border="0"  lc="mx948"    align="absmiddle" width='26px' height='26px'   id="mx949" title=""/></div></td>
				</tr>
				<tr   control="true" id="mx960_0"  class="  leafspacer" style="vertical-align:top;">
				<td    nowrap="nowrap"  id="mx959_0"  align="right"   valign="middle" style="vertical-align:middle;"><div aria-live="polite" id="mx954_holder" class="bc"><label ctype="label"  id="mx954"    noclick="1"   targetid="mx954"    class="text label  label  " style="display:block;padding-left:2px;padding-top:2px;;;;;" for="mx956" title="Incode">Incode:</label></div></td>
				<td    nowrap="nowrap"  id="mx959_1"     valign="middle" style="vertical-align:middle;"><div aria-live="polite" id="mx955_holder" class="bc"><img id="mx955" alt="required" align='absmiddle' src='../webclient/skins-20170809-1350/tivoli09/images/required.gif' style="visibility:hidden;" class="required "/></div><div aria-live="polite" id="mx956_holder" class="bc"><input  aria-readonly="true"  role="textbox"  id="mx956" class="fld text   fld fld_ro"     ctype="textbox"   li="mx957"     maxlength="4" style=";width:75.0px;"   async='1'  ae="setvalue"  tabindex="-1" readonly="readonly" type="text" title="Incode: 5NB" value="5NB" ov="5NB" work="1" fldInfo='{&quot;length&quot;:&quot;4&quot;,&quot;inttype&quot;:&quot;0&quot;}'/></div><div aria-live="polite" id="mx957_holder" class="bc"><img sf="1" aria-hidden="true" active="0" ctype="image" alt=""  src="../webclient/skins-20170809-1350/tivoli09/images/blank.gif" source="blank" imgtype=".gif" style="display:inline;margin:0px;" border="0"  lc="mx956"    align="absmiddle" width='26px' height='26px'   id="mx957" title=""/></div></td>
				</tr>
</table>
</td>
		</tr>
		
			</table>
		</div>
	
			</td>
		</tr>
	</table>

		</div>
	</td>
				</tr>
</table>
</td>
		</tr>
		
			</table>
		</div>
	
			</td>
		</tr>
	
		<tr>
			<td id="mx969"  control="true" style="vertical-align:top;">
	
		<div id="mx969_compHolder" aria-live="polite"  style="padding:0px;margin:0px;vertical-align:top;height: 100%;display:" class="sectionBS" >
		
			<table id="mx969_inner" role="presentation"  cellspacing="0" class="so   " cellpadding="0" height="100%" width="100%"   style="vertical-align:top;" ><tr id="mx969_0"  style="vertical-align:top;display:;" > 		<td id="mx966" class="hbouter"  style="padding:0px;;white-space:nowrap;"  role="presentation">
			<table cellspacing="0" cellpadding="0" style="width:100%;" class="" role="presentation">
				<tr>
						<td class="h_l"></td>
					<td id="mx966_header_0"  align="middle" class="hb   hbsh" valign="middle" style="padding:0px;white-space:nowrap;" width:100%;><div aria-live="polite" id="mx962_holder" class="bc"><h1 labelledby="mx962" style="display:inline" title="Contacts"><label ctype="label"  id="mx962"    noclick="1"   targetid="mx962"    class="text st  " style="display:block;padding-left:2px;padding-top:2px;;;;;" title="Contacts"><img id='mx962_er_img' src='../webclient/skins-20170809-1350/tivoli09/images/blank.gif' style='display:none' class='label_blank_icon' title="" alt=""/>Contacts</label></h1></div></td>
					<td id="mx966_header_1"  align="middle" class="hb   hbsh" valign="middle" style="padding:0px;white-space:nowrap;" width:100%;></td>
					<td id="mx966_header_2"  align="middle" class="hb   hbsh" valign="middle" style="padding:0px;white-space:nowrap;" width="100%"><div aria-live="polite" id="mx964_holder" class="bc">	<div id="mx964" name="mx964" class="text ts  ts  "  style="width:100%">&nbsp;</div>
</div></td>
					<td id="mx966_header_3"  align="middle" class="hb   hbsh" valign="middle" style="padding:0px;white-space:nowrap;" width="100%"><div aria-live="polite" id="mx965_holder" class="bc"><a  href="javascript: void(0);" ctype="toggleimage" ev="true" tabindex="0"  compid="mx965"  title="Minimize Contacts Section"><img id="mx965"  aria-disabled="true" aria-hidden="true"  tabindex="-1" border="0" class="ti   " src="../webclient/skins-20170809-1350/tivoli09/images/minimize.gif" source="minimize.gif" imgtype="" ev="true" align="top" style="display:block;margin:0px;"  alt="Minimize Contacts Section"  /></a>
</div></td>
					<td class="h_r"></td>
				</tr>
			</table>
		</td>

		</tr>
		<tr id="mx969_1"  style="vertical-align:top;display:;" > 
	<td id="mx968" aria-live="polite"      style="display:;white-space:nowrap;padding-bottom: 2px;" class="section   sectionb" valign="top"  ><table role="presentation" control="true" id="mx967"   width="100%"  class="  " summary=""  style="width:100%;;;vertical-align:top">				<tr   control="true" id="mx973_0"    style="vertical-align:top;">

		<td id="mx976" aria-live="polite"  style="display:;;padding:0 2px;vertical-align: top" sc="true"  height="100%" class="sectioncol">
			<div id="mx976_div" style="height: 100%">
			
<table role="presentation" control="true" id="mx975"   width="100%" height="100%" class="  " summary=""  style="width:100%;height:100%;;;vertical-align:top">
		<tr>
			<td id="mx985"  control="true" style="vertical-align:top;">
	
		<div id="mx985_compHolder" aria-live="polite"  style="padding:0px;margin:0px;vertical-align:top;height: 100%;display:"  >
		
			<table id="mx985_inner" role="presentation"  cellspacing="0" class="so   " cellpadding="0" height="100%" width="100%"   style="vertical-align:top;" ><tr id="mx985_1"  style="vertical-align:top;display:;" > 
	<td id="mx984" aria-live="polite"      style="display:;white-space:nowrap;padding-bottom: 2px;" class="section   " valign="top"  ><table role="presentation" control="true" id="mx983"   width="100%"  class="  " summary=""  style="width:100%;;;vertical-align:top">				<tr   control="true" id="mx993_0"  class="  leafspacer" style="vertical-align:top;">
				<td    nowrap="nowrap"  id="mx992_0"  align="right"   valign="middle" style="vertical-align:middle;"><div aria-live="polite" id="mx987_holder" class="bc"><label ctype="label"  id="mx987"    noclick="1"   targetid="mx987"    class="text label  label  " style="display:block;padding-left:2px;padding-top:2px;;;;;" for="mx989" title="First Name">First Name:</label></div></td>
				<td    nowrap="nowrap"  id="mx992_1"     valign="middle" style="vertical-align:middle;"><div aria-live="polite" id="mx988_holder" class="bc"><img id="mx988" alt="required" align='absmiddle' src='../webclient/skins-20170809-1350/tivoli09/images/required.gif' style="visibility:hidden;" class="required "/></div><div aria-live="polite" id="mx989_holder" class="bc"><input  aria-readonly="true"  role="textbox"  id="mx989" class="fld text   fld fld_ro"     ctype="textbox"   li="mx990"     maxlength="15" style=";width:75.0px;"   async='1'  ae="setvalue"  tabindex="-1" readonly="readonly" type="text" title="First Name" value="" ov="" work="1" fldInfo='{&quot;length&quot;:&quot;15&quot;,&quot;inttype&quot;:&quot;0&quot;}'/></div><div aria-live="polite" id="mx990_holder" class="bc"><img sf="1" aria-hidden="true" active="0" ctype="image" alt=""  src="../webclient/skins-20170809-1350/tivoli09/images/blank.gif" source="blank" imgtype=".gif" style="display:inline;margin:0px;" border="0"  lc="mx989"    align="absmiddle" width='26px' height='26px'   id="mx990" title=""/></div></td>
				</tr>
				<tr   control="true" id="mx1001_0"  class="  leafspacer" style="vertical-align:top;">
				<td    nowrap="nowrap"  id="mx1000_0"  align="right"   valign="middle" style="vertical-align:middle;"><div aria-live="polite" id="mx995_holder" class="bc"><label ctype="label"  id="mx995"    noclick="1"   targetid="mx995"    class="text label  label  " style="display:block;padding-left:2px;padding-top:2px;;;;;" for="mx997" title="Surname">Surname:</label></div></td>
				<td    nowrap="nowrap"  id="mx1000_1"     valign="middle" style="vertical-align:middle;"><div aria-live="polite" id="mx996_holder" class="bc"><img id="mx996" alt="required" align='absmiddle' src='../webclient/skins-20170809-1350/tivoli09/images/required.gif' style="visibility:hidden;" class="required "/></div><div aria-live="polite" id="mx997_holder" class="bc"><input  aria-readonly="true"  role="textbox"  id="mx997" class="fld text   fld fld_ro"     ctype="textbox"   li="mx998"     maxlength="60" style=";width:300.0px;"   async='1'  ae="setvalue"  tabindex="-1" readonly="readonly" type="text" title="Surname" value="" ov="" work="1" fldInfo='{&quot;length&quot;:&quot;60&quot;,&quot;inttype&quot;:&quot;0&quot;}'/></div><div aria-live="polite" id="mx998_holder" class="bc"><img sf="1" aria-hidden="true" active="0" ctype="image" alt=""  src="../webclient/skins-20170809-1350/tivoli09/images/blank.gif" source="blank" imgtype=".gif" style="display:inline;margin:0px;" border="0"  lc="mx997"    align="absmiddle" width='26px' height='26px'   id="mx998" title=""/></div></td>
				</tr>
				<tr   control="true" id="mx1009_0"  class="  leafspacer" style="vertical-align:top;">
				<td    nowrap="nowrap"  id="mx1008_0"  align="right"   valign="middle" style="vertical-align:middle;"><div aria-live="polite" id="mx1003_holder" class="bc"><label ctype="label"  id="mx1003"    noclick="1"   targetid="mx1003"    class="text label  label  " style="display:block;padding-left:2px;padding-top:2px;;;;;" for="mx1005" title="Initials">Initials:</label></div></td>
				<td    nowrap="nowrap"  id="mx1008_1"     valign="middle" style="vertical-align:middle;"><div aria-live="polite" id="mx1004_holder" class="bc"><img id="mx1004" alt="required" align='absmiddle' src='../webclient/skins-20170809-1350/tivoli09/images/required.gif' style="visibility:hidden;" class="required "/></div><div aria-live="polite" id="mx1005_holder" class="bc"><input  aria-readonly="true"  role="textbox"  id="mx1005" class="fld text   fld fld_ro"     ctype="textbox"   li="mx1006"     maxlength="4" style=";width:75.0px;"   async='1'  ae="setvalue"  tabindex="-1" readonly="readonly" type="text" title="Initials" value="" ov="" work="1" fldInfo='{&quot;length&quot;:&quot;4&quot;,&quot;inttype&quot;:&quot;0&quot;}'/></div><div aria-live="polite" id="mx1006_holder" class="bc"><img sf="1" aria-hidden="true" active="0" ctype="image" alt=""  src="../webclient/skins-20170809-1350/tivoli09/images/blank.gif" source="blank" imgtype=".gif" style="display:inline;margin:0px;" border="0"  lc="mx1005"    align="absmiddle" width='26px' height='26px'   id="mx1006" title=""/></div></td>
				</tr>
</table>
</td>
		</tr>
		
			</table>
		</div>
	
			</td>
		</tr>
	</table>

		</div>
	</td>

		<td id="mx1012" aria-live="polite"  style="display:;;padding:0 2px;vertical-align: top" sc="true"  height="100%" class="sectioncol">
			<div id="mx1012_div" style="height: 100%">
			
<table role="presentation" control="true" id="mx1011"   width="100%" height="100%" class="  " summary=""  style="width:100%;height:100%;;;vertical-align:top">
		<tr>
			<td id="mx1021"  control="true" style="vertical-align:top;">
	
		<div id="mx1021_compHolder" aria-live="polite"  style="padding:0px;margin:0px;vertical-align:top;height: 100%;display:"  >
		
			<table id="mx1021_inner" role="presentation"  cellspacing="0" class="so   " cellpadding="0" height="100%" width="100%"   style="vertical-align:top;" ><tr id="mx1021_1"  style="vertical-align:top;display:;" > 
	<td id="mx1020" aria-live="polite"      style="display:;white-space:nowrap;padding-bottom: 2px;" class="section   " valign="top"  ><table role="presentation" control="true" id="mx1019"   width="100%"  class="  " summary=""  style="width:100%;;;vertical-align:top">				<tr   control="true" id="mx1029_0"  class="  leafspacer" style="vertical-align:top;">
				<td    nowrap="nowrap"  id="mx1028_0"  align="right"   valign="middle" style="vertical-align:middle;"><div aria-live="polite" id="mx1023_holder" class="bc"><label ctype="label"  id="mx1023"    noclick="1"   targetid="mx1023"    class="text label  label  " style="display:block;padding-left:2px;padding-top:2px;;;;;" for="mx1025" title="Phone Number">Phone Number:</label></div></td>
				<td    nowrap="nowrap"  id="mx1028_1"     valign="middle" style="vertical-align:middle;"><div aria-live="polite" id="mx1024_holder" class="bc"><img id="mx1024" alt="required" align='absmiddle' src='../webclient/skins-20170809-1350/tivoli09/images/required.gif' style="visibility:hidden;" class="required "/></div><div aria-live="polite" id="mx1025_holder" class="bc"><input  aria-readonly="true"  role="textbox"  id="mx1025" class="fld text   fld fld_ro"     ctype="textbox"   li="mx1026"     maxlength="25" style=";width:75.0px;"   async='1'  ae="setvalue"  tabindex="-1" readonly="readonly" type="text" title="Phone Number" value="" ov="" work="1" fldInfo='{&quot;length&quot;:&quot;25&quot;,&quot;inttype&quot;:&quot;0&quot;}'/></div><div aria-live="polite" id="mx1026_holder" class="bc"><img sf="1" aria-hidden="true" active="0" ctype="image" alt=""  src="../webclient/skins-20170809-1350/tivoli09/images/blank.gif" source="blank" imgtype=".gif" style="display:inline;margin:0px;" border="0"  lc="mx1025"    align="absmiddle" width='26px' height='26px'   id="mx1026" title=""/></div></td>
				</tr>
				<tr   control="true" id="mx1037_0"  class="  leafspacer" style="vertical-align:top;">
				<td    nowrap="nowrap"  id="mx1036_0"  align="right"   valign="middle" style="vertical-align:middle;"><div aria-live="polite" id="mx1031_holder" class="bc"><label ctype="label"  id="mx1031"    noclick="1"   targetid="mx1031"    class="text label  label  " style="display:block;padding-left:2px;padding-top:2px;;;;;" for="mx1033" title="SEUC">SEUC:</label></div></td>
				<td    nowrap="nowrap"  id="mx1036_1"     valign="middle" style="vertical-align:middle;"><div aria-live="polite" id="mx1032_holder" class="bc"><img id="mx1032" alt="required" align='absmiddle' src='../webclient/skins-20170809-1350/tivoli09/images/required.gif' style="visibility:hidden;" class="required "/></div><div aria-live="polite" id="mx1033_holder" class="bc"><input  aria-readonly="true"  role="textbox"  id="mx1033" class="fld text   fld fld_ro"     ctype="textbox"   li="mx1034"     maxlength="250" style=";width:300.0px;"   async='1'  ae="setvalue"  tabindex="-1" readonly="readonly" type="text" title="SEUC" value="" ov="" work="1" fldInfo='{&quot;length&quot;:&quot;250&quot;,&quot;inttype&quot;:&quot;0&quot;}'/></div><div aria-live="polite" id="mx1034_holder" class="bc"><img sf="1" aria-hidden="true" active="0" ctype="image" alt=""  src="../webclient/skins-20170809-1350/tivoli09/images/blank.gif" source="blank" imgtype=".gif" style="display:inline;margin:0px;" border="0"  lc="mx1033"    align="absmiddle" width='26px' height='26px'   id="mx1034" title=""/></div></td>
				</tr>
				<tr   control="true" id="mx1045_0"  class="  leafspacer" style="vertical-align:top;">
				<td    nowrap="nowrap"  id="mx1044_0"  align="right"   valign="middle" style="vertical-align:middle;"><div aria-live="polite" id="mx1039_holder" class="bc"><label ctype="label"  id="mx1039"    noclick="1"   targetid="mx1039"    class="text label  label  " style="display:block;padding-left:2px;padding-top:2px;;;;;" for="mx1041" title="Special Instruction">Special Instruction:</label></div></td>
				<td    nowrap="nowrap"  id="mx1044_1"     valign="middle" style="vertical-align:middle;"><div aria-live="polite" id="mx1040_holder" class="bc"><img id="mx1040" alt="required" align='absmiddle' src='../webclient/skins-20170809-1350/tivoli09/images/required.gif' style="visibility:hidden;" class="required "/></div><div aria-live="polite" id="mx1041_holder" class="bc"><input  aria-readonly="true"  role="textbox"  id="mx1041" class="fld text   fld fld_ro"     ctype="textbox"   li="mx1042"     maxlength="40" style=";width:300.0px;"   async='1'  ae="setvalue"  tabindex="-1" readonly="readonly" type="text" title="Special Instruction" value="" ov="" work="1" fldInfo='{&quot;length&quot;:&quot;40&quot;,&quot;inttype&quot;:&quot;0&quot;}'/></div><div aria-live="polite" id="mx1042_holder" class="bc"><img sf="1" aria-hidden="true" active="0" ctype="image" alt=""  src="../webclient/skins-20170809-1350/tivoli09/images/blank.gif" source="blank" imgtype=".gif" style="display:inline;margin:0px;" border="0"  lc="mx1041"    align="absmiddle" width='26px' height='26px'   id="mx1042" title=""/></div></td>
				</tr>
</table>
</td>
		</tr>
		
			</table>
		</div>
	
			</td>
		</tr>
	</table>

		</div>
	</td>
				</tr>
</table>
</td>
		</tr>
		
			</table>
		</div>
	
			</td>
		</tr>
	
		<tr>
			<td id="mx1054"  control="true" style="vertical-align:top;">
	
		<div id="mx1054_compHolder" aria-live="polite"  style="padding:0px;margin:0px;vertical-align:top;height: 100%;display:" class="sectionBS" >
		
			<table id="mx1054_inner" role="presentation"  cellspacing="0" class="so   " cellpadding="0" height="100%" width="100%"   style="vertical-align:top;" ><tr id="mx1054_0"  style="vertical-align:top;display:;" > 		<td id="mx1051" class="hbouter"  style="padding:0px;;white-space:nowrap;"  role="presentation">
			<table cellspacing="0" cellpadding="0" style="width:100%;" class="" role="presentation">
				<tr>
						<td class="h_l"></td>
					<td id="mx1051_header_0"  align="middle" class="hb   hbsh" valign="middle" style="padding:0px;white-space:nowrap;" width:100%;><div aria-live="polite" id="mx1047_holder" class="bc"><h1 labelledby="mx1047" style="display:inline" title="Supplier Details"><label ctype="label"  id="mx1047"    noclick="1"   targetid="mx1047"    class="text st  " style="display:block;padding-left:2px;padding-top:2px;;;;;" title="Supplier Details"><img id='mx1047_er_img' src='../webclient/skins-20170809-1350/tivoli09/images/blank.gif' style='display:none' class='label_blank_icon' title="" alt=""/>Supplier Details</label></h1></div></td>
					<td id="mx1051_header_1"  align="middle" class="hb   hbsh" valign="middle" style="padding:0px;white-space:nowrap;" width:100%;></td>
					<td id="mx1051_header_2"  align="middle" class="hb   hbsh" valign="middle" style="padding:0px;white-space:nowrap;" width="100%"><div aria-live="polite" id="mx1049_holder" class="bc">	<div id="mx1049" name="mx1049" class="text ts  ts  "  style="width:100%">&nbsp;</div>
</div></td>
					<td id="mx1051_header_3"  align="middle" class="hb   hbsh" valign="middle" style="padding:0px;white-space:nowrap;" width="100%"><div aria-live="polite" id="mx1050_holder" class="bc"><a  href="javascript: void(0);" ctype="toggleimage" ev="true" tabindex="0"  compid="mx1050"  title="Minimize Supplier Details Section"><img id="mx1050"  aria-disabled="true" aria-hidden="true"  tabindex="-1" border="0" class="ti   " src="../webclient/skins-20170809-1350/tivoli09/images/minimize.gif" source="minimize.gif" imgtype="" ev="true" align="top" style="display:block;margin:0px;"  alt="Minimize Supplier Details Section"  /></a>
</div></td>
					<td class="h_r"></td>
				</tr>
			</table>
		</td>

		</tr>
		<tr id="mx1054_1"  style="vertical-align:top;display:;" > 
	<td id="mx1053" aria-live="polite"      style="display:;white-space:nowrap;padding-bottom: 2px;" class="section   sectionb" valign="top"  ><table role="presentation" control="true" id="mx1052"   width="100%"  class="  " summary=""  style="width:100%;;;vertical-align:top">				<tr   control="true" id="mx1058_0"    style="vertical-align:top;">

		<td id="mx1061" aria-live="polite"  style="display:;;padding:0 2px;vertical-align: top" sc="true"  height="100%" class="sectioncol">
			<div id="mx1061_div" style="height: 100%">
			
<table role="presentation" control="true" id="mx1060"   width="100%" height="100%" class="  " summary=""  style="width:100%;height:100%;;;vertical-align:top">
		<tr>
			<td id="mx1070"  control="true" style="vertical-align:top;">
	
		<div id="mx1070_compHolder" aria-live="polite"  style="padding:0px;margin:0px;vertical-align:top;height: 100%;display:"  >
		
			<table id="mx1070_inner" role="presentation"  cellspacing="0" class="so   " cellpadding="0" height="100%" width="100%"   style="vertical-align:top;" ><tr id="mx1070_1"  style="vertical-align:top;display:;" > 
	<td id="mx1069" aria-live="polite"      style="display:;white-space:nowrap;padding-bottom: 2px;" class="section   " valign="top"  ><table role="presentation" control="true" id="mx1068"   width="100%"  class="  " summary=""  style="width:100%;;;vertical-align:top">				<tr   control="true" id="mx1078_0"  class="  leafspacer" style="vertical-align:top;">
				<td    nowrap="nowrap"  id="mx1077_0"  align="right"   valign="middle" style="vertical-align:middle;"><div aria-live="polite" id="mx1072_holder" class="bc"><label ctype="label"  id="mx1072"    noclick="1"   targetid="mx1072"    class="text label  label  " style="display:block;padding-left:2px;padding-top:2px;;;;;" for="mx1074" title="Supplier Code">Supplier Code:</label></div></td>
				<td    nowrap="nowrap"  id="mx1077_1"     valign="middle" style="vertical-align:middle;"><div aria-live="polite" id="mx1073_holder" class="bc"><img id="mx1073" alt="required" align='absmiddle' src='../webclient/skins-20170809-1350/tivoli09/images/required.gif' style="visibility:hidden;" class="required "/></div><div aria-live="polite" id="mx1074_holder" class="bc"><input  aria-readonly="true"  role="textbox"  id="mx1074" class="fld text   fld fld_ro"     ctype="textbox"   li="mx1075"     maxlength="3" style=";width:75.0px;"   async='1'  ae="setvalue"  tabindex="-1" readonly="readonly" type="text" title="Supplier Code: NRZ" value="NRZ" ov="NRZ" work="1" fldInfo='{&quot;length&quot;:&quot;3&quot;,&quot;inttype&quot;:&quot;0&quot;}'/></div><div aria-live="polite" id="mx1075_holder" class="bc"><img sf="1" aria-hidden="true" active="0" ctype="image" alt=""  src="../webclient/skins-20170809-1350/tivoli09/images/blank.gif" source="blank" imgtype=".gif" style="display:inline;margin:0px;" border="0"  lc="mx1074"    align="absmiddle" width='26px' height='26px'   id="mx1075" title=""/></div></td>
				</tr>
</table>
</td>
		</tr>
		
			</table>
		</div>
	
			</td>
		</tr>
	</table>

		</div>
	</td>

		<td id="mx1081" aria-live="polite"  style="display:;;padding:0 2px;vertical-align: top" sc="true"  height="100%" class="sectioncol">
			<div id="mx1081_div" style="height: 100%">
			
<table role="presentation" control="true" id="mx1080"   width="100%" height="100%" class="  " summary=""  style="width:100%;height:100%;;;vertical-align:top">
		<tr>
			<td id="mx1090"  control="true" style="vertical-align:top;">
	
		<div id="mx1090_compHolder" aria-live="polite"  style="padding:0px;margin:0px;vertical-align:top;height: 100%;display:"  >
		
			<table id="mx1090_inner" role="presentation"  cellspacing="0" class="so   " cellpadding="0" height="100%" width="100%"   style="vertical-align:top;" ><tr id="mx1090_1"  style="vertical-align:top;display:;" > 
	<td id="mx1089" aria-live="polite"      style="display:;white-space:nowrap;padding-bottom: 2px;" class="section   " valign="top"  ><table role="presentation" control="true" id="mx1088"   width="100%"  class="  " summary=""  style="width:100%;;;vertical-align:top">				<tr   control="true" id="mx1098_0"  class="  leafspacer" style="vertical-align:top;">
				<td    nowrap="nowrap"  id="mx1097_0"  align="right"   valign="middle" style="vertical-align:middle;"><div aria-live="polite" id="mx1092_holder" class="bc"><label ctype="label"  id="mx1092"    noclick="1"   targetid="mx1092"    class="text label  label  " style="display:block;padding-left:2px;padding-top:2px;;;;;" for="mx1094" title="Supplier Name">Supplier Name:</label></div></td>
				<td    nowrap="nowrap"  id="mx1097_1"     valign="middle" style="vertical-align:middle;"><div aria-live="polite" id="mx1093_holder" class="bc"><img id="mx1093" alt="required" align='absmiddle' src='../webclient/skins-20170809-1350/tivoli09/images/required.gif' style="visibility:hidden;" class="required "/></div><div aria-live="polite" id="mx1094_holder" class="bc"><input  aria-readonly="true"  role="textbox"  id="mx1094" class="fld text   fld fld_ro"     ctype="textbox"   li="mx1095"     maxlength="40" style=";width:300.0px;"   async='1'  ae="setvalue"  tabindex="-1" readonly="readonly" type="text" title="Supplier Name: Npower Northern Limited" value="Npower Northern Limited" ov="Npower Northern Limited" work="1" fldInfo='{&quot;length&quot;:&quot;40&quot;,&quot;inttype&quot;:&quot;0&quot;}'/></div><div aria-live="polite" id="mx1095_holder" class="bc"><img sf="1" aria-hidden="true" active="0" ctype="image" alt=""  src="../webclient/skins-20170809-1350/tivoli09/images/blank.gif" source="blank" imgtype=".gif" style="display:inline;margin:0px;" border="0"  lc="mx1094"    align="absmiddle" width='26px' height='26px'   id="mx1095" title=""/></div></td>
				</tr>
</table>
</td>
		</tr>
		
			</table>
		</div>
	
			</td>
		</tr>
	</table>

		</div>
	</td>
				</tr>
</table>
</td>
		</tr>
		
			</table>
		</div>
	
			</td>
		</tr>
	
		<tr>
			<td id="mx1107"  control="true" style="vertical-align:top;">
	
		<div id="mx1107_compHolder" aria-live="polite"  style="padding:0px;margin:0px;vertical-align:top;height: 100%;display:" class="sectionBS" >
		
			<table id="mx1107_inner" role="presentation"  cellspacing="0" class="so   " cellpadding="0" height="100%" width="100%"   style="vertical-align:top;" ><tr id="mx1107_0"  style="vertical-align:top;display:;" > 		<td id="mx1104" class="hbouter"  style="padding:0px;;white-space:nowrap;"  role="presentation">
			<table cellspacing="0" cellpadding="0" style="width:100%;" class="" role="presentation">
				<tr>
						<td class="h_l"></td>
					<td id="mx1104_header_0"  align="middle" class="hb   hbsh" valign="middle" style="padding:0px;white-space:nowrap;" width:100%;><div aria-live="polite" id="mx1100_holder" class="bc"><h1 labelledby="mx1100" style="display:inline" title="Meter Details"><label ctype="label"  id="mx1100"    noclick="1"   targetid="mx1100"    class="text st  " style="display:block;padding-left:2px;padding-top:2px;;;;;" title="Meter Details"><img id='mx1100_er_img' src='../webclient/skins-20170809-1350/tivoli09/images/blank.gif' style='display:none' class='label_blank_icon' title="" alt=""/>Meter Details</label></h1></div></td>
					<td id="mx1104_header_1"  align="middle" class="hb   hbsh" valign="middle" style="padding:0px;white-space:nowrap;" width:100%;></td>
					<td id="mx1104_header_2"  align="middle" class="hb   hbsh" valign="middle" style="padding:0px;white-space:nowrap;" width="100%"><div aria-live="polite" id="mx1102_holder" class="bc">	<div id="mx1102" name="mx1102" class="text ts  ts  "  style="width:100%">&nbsp;</div>
</div></td>
					<td id="mx1104_header_3"  align="middle" class="hb   hbsh" valign="middle" style="padding:0px;white-space:nowrap;" width="100%"><div aria-live="polite" id="mx1103_holder" class="bc"><a  href="javascript: void(0);" ctype="toggleimage" ev="true" tabindex="0"  compid="mx1103"  title="Minimize Meter Details Section"><img id="mx1103"  aria-disabled="true" aria-hidden="true"  tabindex="-1" border="0" class="ti   " src="../webclient/skins-20170809-1350/tivoli09/images/minimize.gif" source="minimize.gif" imgtype="" ev="true" align="top" style="display:block;margin:0px;"  alt="Minimize Meter Details Section"  /></a>
</div></td>
					<td class="h_r"></td>
				</tr>
			</table>
		</td>

		</tr>
		<tr id="mx1107_1"  style="vertical-align:top;display:;" > 
	<td id="mx1106" aria-live="polite"      style="display:;white-space:nowrap;padding-bottom: 2px;" class="section   sectionb" valign="top"  ><table role="presentation" control="true" id="mx1105"   width="100%"  class="  " summary=""  style="width:100%;;;vertical-align:top">				<tr   control="true" id="mx1111_0"    style="vertical-align:top;">

		<td id="mx1114" aria-live="polite"  style="display:;;padding:0 2px;vertical-align: top" sc="true"  height="100%" class="sectioncol">
			<div id="mx1114_div" style="height: 100%">
			
<table role="presentation" control="true" id="mx1113"   width="100%" height="100%" class="  " summary=""  style="width:100%;height:100%;;;vertical-align:top">
		<tr>
			<td id="mx1123"  control="true" style="vertical-align:top;">
	
		<div id="mx1123_compHolder" aria-live="polite"  style="padding:0px;margin:0px;vertical-align:top;height: 100%;display:"  >
		
			<table id="mx1123_inner" role="presentation"  cellspacing="0" class="so   " cellpadding="0" height="100%" width="100%"   style="vertical-align:top;" ><tr id="mx1123_1"  style="vertical-align:top;display:;" > 
	<td id="mx1122" aria-live="polite"      style="display:;white-space:nowrap;padding-bottom: 2px;" class="section   " valign="top"  ><table role="presentation" control="true" id="mx1121"   width="100%"  class="  " summary=""  style="width:100%;;;vertical-align:top">				<tr   control="true" id="mx1131_0"  class="  leafspacer" style="vertical-align:top;">
				<td    nowrap="nowrap"  id="mx1130_0"  align="right"   valign="middle" style="vertical-align:middle;"><div aria-live="polite" id="mx1125_holder" class="bc"><label ctype="label"  id="mx1125"    noclick="1"   targetid="mx1125"    class="text label  label  " style="display:block;padding-left:2px;padding-top:2px;;;;;" for="mx1127" title="Meter Serial Number">Meter Serial Number:</label></div></td>
				<td    nowrap="nowrap"  id="mx1130_1"     valign="middle" style="vertical-align:middle;"><div aria-live="polite" id="mx1126_holder" class="bc"><img id="mx1126" alt="required" align='absmiddle' src='../webclient/skins-20170809-1350/tivoli09/images/required.gif' style="visibility:hidden;" class="required "/></div><div aria-live="polite" id="mx1127_holder" class="bc"><input  aria-readonly="true"  role="textbox"  id="mx1127" class="fld text   fld fld_ro"     ctype="textbox"   li="mx1128"     maxlength="14" style=";width:75.0px;"   async='1'  ae="setvalue"  tabindex="-1" readonly="readonly" type="text" title="Meter Serial Number: 0585801" value="0585801" ov="0585801" work="1" fldInfo='{&quot;length&quot;:&quot;14&quot;,&quot;inttype&quot;:&quot;0&quot;}'/></div><div aria-live="polite" id="mx1128_holder" class="bc"><img sf="1" aria-hidden="true" active="0" ctype="image" alt=""  src="../webclient/skins-20170809-1350/tivoli09/images/blank.gif" source="blank" imgtype=".gif" style="display:inline;margin:0px;" border="0"  lc="mx1127"    align="absmiddle" width='26px' height='26px'   id="mx1128" title=""/></div></td>
				</tr>
				<tr   control="true" id="mx1139_0"  class="  leafspacer" style="vertical-align:top;">
				<td    nowrap="nowrap"  id="mx1138_0"  align="right"   valign="middle" style="vertical-align:middle;"><div aria-live="polite" id="mx1133_holder" class="bc"><label ctype="label"  id="mx1133"    noclick="1"   targetid="mx1133"    class="text label  label  " style="display:block;padding-left:2px;padding-top:2px;;;;;" for="mx1135" title="Meter Mechanism">Meter Mechanism:</label></div></td>
				<td    nowrap="nowrap"  id="mx1138_1"     valign="middle" style="vertical-align:middle;"><div aria-live="polite" id="mx1134_holder" class="bc"><img id="mx1134" alt="required" align='absmiddle' src='../webclient/skins-20170809-1350/tivoli09/images/required.gif' style="visibility:hidden;" class="required "/></div><div aria-live="polite" id="mx1135_holder" class="bc"><input  aria-readonly="true"  role="textbox"  id="mx1135" class="fld text   fld fld_ro"     ctype="textbox"   li="mx1136"     maxlength="3" style=";width:75.0px;"   async='1'  ae="setvalue"  tabindex="-1" readonly="readonly" type="text" title="Meter Mechanism: CR" value="CR" ov="CR" work="1" fldInfo='{&quot;length&quot;:&quot;3&quot;,&quot;inttype&quot;:&quot;0&quot;}'/></div><div aria-live="polite" id="mx1136_holder" class="bc"><img sf="1" aria-hidden="true" active="0" ctype="image" alt=""  src="../webclient/skins-20170809-1350/tivoli09/images/blank.gif" source="blank" imgtype=".gif" style="display:inline;margin:0px;" border="0"  lc="mx1135"    align="absmiddle" width='26px' height='26px'   id="mx1136" title=""/></div></td>
				</tr>
				<tr   control="true" id="mx1147_0"  class="  leafspacer" style="vertical-align:top;">
				<td    nowrap="nowrap"  id="mx1146_0"  align="right"   valign="middle" style="vertical-align:middle;"><div aria-live="polite" id="mx1141_holder" class="bc"><label ctype="label"  id="mx1141"    noclick="1"   targetid="mx1141"    class="text label  label  " style="display:block;padding-left:2px;padding-top:2px;;;;;" for="mx1143" title="Model">Model:</label></div></td>
				<td    nowrap="nowrap"  id="mx1146_1"     valign="middle" style="vertical-align:middle;"><div aria-live="polite" id="mx1142_holder" class="bc"><img id="mx1142" alt="required" align='absmiddle' src='../webclient/skins-20170809-1350/tivoli09/images/required.gif' style="visibility:hidden;" class="required "/></div><div aria-live="polite" id="mx1143_holder" class="bc"><input  aria-readonly="true"  role="textbox"  id="mx1143" class="fld text   fld fld_ro"     ctype="textbox"   li="mx1144"     maxlength="10" style=";width:75.0px;"   async='1'  ae="setvalue"  tabindex="-1" readonly="readonly" type="text" title="Model: U6" value="U6" ov="U6" work="1" fldInfo='{&quot;length&quot;:&quot;10&quot;,&quot;inttype&quot;:&quot;0&quot;}'/></div><div aria-live="polite" id="mx1144_holder" class="bc"><img sf="1" aria-hidden="true" active="0" ctype="image" alt=""  src="../webclient/skins-20170809-1350/tivoli09/images/blank.gif" source="blank" imgtype=".gif" style="display:inline;margin:0px;" border="0"  lc="mx1143"    align="absmiddle" width='26px' height='26px'   id="mx1144" title=""/></div></td>
				</tr>
				<tr   control="true" id="mx1155_0"  class="  leafspacer" style="vertical-align:top;">
				<td    nowrap="nowrap"  id="mx1154_0"  align="right"   valign="middle" style="vertical-align:middle;"><div aria-live="polite" id="mx1149_holder" class="bc"><label ctype="label"  id="mx1149"    noclick="1"   targetid="mx1149"    class="text label  label  " style="display:block;padding-left:2px;padding-top:2px;;;;;" for="mx1151" title="Status">Status:</label></div></td>
				<td    nowrap="nowrap"  id="mx1154_1"     valign="middle" style="vertical-align:middle;"><div aria-live="polite" id="mx1150_holder" class="bc"><img id="mx1150" alt="required" align='absmiddle' src='../webclient/skins-20170809-1350/tivoli09/images/required.gif' style="visibility:hidden;" class="required "/></div><div aria-live="polite" id="mx1151_holder" class="bc"><input  aria-readonly="true"  role="textbox"  id="mx1151" class="fld text   fld fld_ro"     ctype="textbox"   li="mx1152"     maxlength="2" style=";width:70.0px;"   async='1'  ae="setvalue"  tabindex="-1" readonly="readonly" type="text" title="Status: LI" value="LI" ov="LI" work="1" fldInfo='{&quot;length&quot;:&quot;2&quot;,&quot;inttype&quot;:&quot;0&quot;}'/></div><div aria-live="polite" id="mx1152_holder" class="bc"><img sf="1" aria-hidden="true" active="0" ctype="image" alt=""  src="../webclient/skins-20170809-1350/tivoli09/images/blank.gif" source="blank" imgtype=".gif" style="display:inline;margin:0px;" border="0"  lc="mx1151"    align="absmiddle" width='26px' height='26px'   id="mx1152" title=""/></div></td>
				</tr>
</table>
</td>
		</tr>
		
			</table>
		</div>
	
			</td>
		</tr>
	</table>

		</div>
	</td>

		<td id="mx1158" aria-live="polite"  style="display:;;padding:0 2px;vertical-align: top" sc="true"  height="100%" class="sectioncol">
			<div id="mx1158_div" style="height: 100%">
			
<table role="presentation" control="true" id="mx1157"   width="100%" height="100%" class="  " summary=""  style="width:100%;height:100%;;;vertical-align:top">
		<tr>
			<td id="mx1167"  control="true" style="vertical-align:top;">
	
		<div id="mx1167_compHolder" aria-live="polite"  style="padding:0px;margin:0px;vertical-align:top;height: 100%;display:"  >
		
			<table id="mx1167_inner" role="presentation"  cellspacing="0" class="so   " cellpadding="0" height="100%" width="100%"   style="vertical-align:top;" ><tr id="mx1167_1"  style="vertical-align:top;display:;" > 
	<td id="mx1166" aria-live="polite"      style="display:;white-space:nowrap;padding-bottom: 2px;" class="section   " valign="top"  ><table role="presentation" control="true" id="mx1165"   width="100%"  class="  " summary=""  style="width:100%;;;vertical-align:top">				<tr   control="true" id="mx1175_0"  class="  leafspacer" style="vertical-align:top;">
				<td    nowrap="nowrap"  id="mx1174_0"  align="right"   valign="middle" style="vertical-align:middle;"><div aria-live="polite" id="mx1169_holder" class="bc"><label ctype="label"  id="mx1169"    noclick="1"   targetid="mx1169"    class="text label  label  " style="display:block;padding-left:2px;padding-top:2px;;;;;" for="mx1171" title="Dial or Digit">Dial or Digit:</label></div></td>
				<td    nowrap="nowrap"  id="mx1174_1"     valign="middle" style="vertical-align:middle;"><div aria-live="polite" id="mx1170_holder" class="bc"><img id="mx1170" alt="required" align='absmiddle' src='../webclient/skins-20170809-1350/tivoli09/images/required.gif' style="visibility:hidden;" class="required "/></div><div aria-live="polite" id="mx1171_holder" class="bc"><input  aria-readonly="true"  role="textbox"  id="mx1171" class="fld text   fld fld_ro"     ctype="textbox"   li="mx1172"     maxlength="2" style=";width:70.0px;"   async='1'  ae="setvalue"  tabindex="-1" readonly="readonly" type="text" title="Dial or Digit: 4" value="4" ov="4" work="1" fldInfo='{&quot;length&quot;:&quot;2&quot;,&quot;inttype&quot;:&quot;0&quot;}'/></div><div aria-live="polite" id="mx1172_holder" class="bc"><img sf="1" aria-hidden="true" active="0" ctype="image" alt=""  src="../webclient/skins-20170809-1350/tivoli09/images/blank.gif" source="blank" imgtype=".gif" style="display:inline;margin:0px;" border="0"  lc="mx1171"    align="absmiddle" width='26px' height='26px'   id="mx1172" title=""/></div></td>
				</tr>
				<tr   control="true" id="mx1183_0"  class="  leafspacer" style="vertical-align:top;">
				<td    nowrap="nowrap"  id="mx1182_0"  align="right"   valign="middle" style="vertical-align:middle;"><div aria-live="polite" id="mx1177_holder" class="bc"><label ctype="label"  id="mx1177"    noclick="1"   targetid="mx1177"    class="text label  label  " style="display:block;padding-left:2px;padding-top:2px;;;;;" for="mx1179" title="Reading Factor">Reading Factor:</label></div></td>
				<td    nowrap="nowrap"  id="mx1182_1"     valign="middle" style="vertical-align:middle;"><div aria-live="polite" id="mx1178_holder" class="bc"><img id="mx1178" alt="required" align='absmiddle' src='../webclient/skins-20170809-1350/tivoli09/images/required.gif' style="visibility:hidden;" class="required "/></div><div aria-live="polite" id="mx1179_holder" class="bc"><input  aria-readonly="true"  role="textbox"  id="mx1179" class="fld text   fld fld_ro"     ctype="textbox"  dir="ltr" li="mx1180"      style="padding-right:2px;text-align: right;;width:75.0px;"   async='1'  ae="setvalue"  tabindex="-1" readonly="readonly" type="text" title="Reading Factor: 1" value="1" ov="1" work="1" fldInfo='{&quot;length&quot;:&quot;8&quot;,&quot;inttype&quot;:&quot;9&quot;,&quot;scale&quot;:&quot;0&quot;}'/></div><div aria-live="polite" id="mx1180_holder" class="bc"><img sf="1" aria-hidden="true" active="0" ctype="image" alt=""  src="../webclient/skins-20170809-1350/tivoli09/images/blank.gif" source="blank" imgtype=".gif" style="display:inline;margin:0px;" border="0"  lc="mx1179"    align="absmiddle" width='26px' height='26px'   id="mx1180" title=""/></div></td>
				</tr>
				<tr   control="true" id="mx1191_0"  class="  leafspacer" style="vertical-align:top;">
				<td    nowrap="nowrap"  id="mx1190_0"  align="right"   valign="middle" style="vertical-align:middle;"><div aria-live="polite" id="mx1185_holder" class="bc"><label ctype="label"  id="mx1185"    noclick="1"   targetid="mx1185"    class="text label  label  " style="display:block;padding-left:2px;padding-top:2px;;;;;" for="mx1187" title="Meter Type">Meter Type:</label></div></td>
				<td    nowrap="nowrap"  id="mx1190_1"     valign="middle" style="vertical-align:middle;"><div aria-live="polite" id="mx1186_holder" class="bc"><img id="mx1186" alt="required" align='absmiddle' src='../webclient/skins-20170809-1350/tivoli09/images/required.gif' style="visibility:hidden;" class="required "/></div><div aria-live="polite" id="mx1187_holder" class="bc"><input  aria-readonly="true"  role="textbox"  id="mx1187" class="fld text   fld fld_ro"     ctype="textbox"   li="mx1188"     maxlength="1" style=";width:70.0px;"   async='1'  ae="setvalue"  tabindex="-1" readonly="readonly" type="text" title="Meter Type: S" value="S" ov="S" work="1" fldInfo='{&quot;length&quot;:&quot;1&quot;,&quot;inttype&quot;:&quot;0&quot;}'/></div><div aria-live="polite" id="mx1188_holder" class="bc"><img sf="1" aria-hidden="true" active="0" ctype="image" alt=""  src="../webclient/skins-20170809-1350/tivoli09/images/blank.gif" source="blank" imgtype=".gif" style="display:inline;margin:0px;" border="0"  lc="mx1187"    align="absmiddle" width='26px' height='26px'   id="mx1188" title=""/></div></td>
				</tr>
				<tr   control="true" id="mx1199_0"  class="  leafspacer" style="vertical-align:top;">
				<td    nowrap="nowrap"  id="mx1198_0"  align="right"   valign="middle" style="vertical-align:middle;"><div aria-live="polite" id="mx1193_holder" class="bc"><label ctype="label"  id="mx1193"    noclick="1"   targetid="mx1193"    class="text label  label  " style="display:block;padding-left:2px;padding-top:2px;;;;;" for="mx1195" title="Flow Rate">Flow Rate:</label></div></td>
				<td    nowrap="nowrap"  id="mx1198_1"     valign="middle" style="vertical-align:middle;"><div aria-live="polite" id="mx1194_holder" class="bc"><img id="mx1194" alt="required" align='absmiddle' src='../webclient/skins-20170809-1350/tivoli09/images/required.gif' style="visibility:hidden;" class="required "/></div><div aria-live="polite" id="mx1195_holder" class="bc"><input  aria-readonly="true"  role="textbox"  id="mx1195" class="fld text   fld fld_ro"     ctype="textbox"   li="mx1196"     maxlength="4" style=";width:75.0px;"   async='1'  ae="setvalue"  tabindex="-1" readonly="readonly" type="text" title="Flow Rate: SCFH" value="SCFH" ov="SCFH" work="1" fldInfo='{&quot;length&quot;:&quot;4&quot;,&quot;inttype&quot;:&quot;0&quot;}'/></div><div aria-live="polite" id="mx1196_holder" class="bc"><img sf="1" aria-hidden="true" active="0" ctype="image" alt=""  src="../webclient/skins-20170809-1350/tivoli09/images/blank.gif" source="blank" imgtype=".gif" style="display:inline;margin:0px;" border="0"  lc="mx1195"    align="absmiddle" width='26px' height='26px'   id="mx1196" title=""/></div></td>
				</tr>
</table>
</td>
		</tr>
		
			</table>
		</div>
	
			</td>
		</tr>
	</table>

		</div>
	</td>
				</tr>
</table>
</td>
		</tr>
		
			</table>
		</div>
	
			</td>
		</tr>
	
				</table><!-- end of tabbody -->
			</td>
		</tr>

						<!-- end   tabgroup mx194-->
					</table>

			]]></component>


<deferredscript><![CDATA[focusItem('mx803',true);scrollScreen('0','0');resetLogoutTimer(true);if(tpaeConfig.validationOn) {setButtonEnabled(saveButton,false)};]]></deferredscript></server_response>