<?xml version="1.0" encoding="UTF-8" ?>
<server_response csrftoken="js3h0v1u8ivk6ndoql4bpajeko">
<component id="mx28_holder" role="alert" ><![CDATA[
		<script>
	
			// IV37703 - Titlebar message not displaying for full timeout
			//addLoadMethod("showMessage(0, 'BMXAA4205I - Record has been saved.', false);");
			addLoadMethod("showMessage(0, \"BMXAA4205I - Record has been saved.\", false);");  // RTC defect # 92784
	
		</script>
	]]></component>	<component id="mx2067_holder"><![CDATA[<script>
		var el = document.getElementById("mx2067");
		if(el)
		{
			el.style.display="";
		}
	</script>]]></component>
	<component id="mx2161_holder"><![CDATA[<script>
		var el = document.getElementById("mx2161");
		if(el)
		{
			el.style.display="";
		}
	</script>]]></component>
<component vis="true" id="mx2142_holder" compid="mx2142"><![CDATA[<span ctype="label"  id="mx2142"   tabindex="0"      targetid="mx2142"  mxevent="click"  class="text tht   anchor" style="display:block;padding-left:2px;padding-top:2px;;cursor:pointer;;;;" title="Filter">Filter</span>]]></component>
<component vis="true" id="mx2155_holder" compid="mx2155"><![CDATA[<label ctype="label"  id="mx2155"    noclick="1"   targetid="mx2155"    class="text tht  " style="display:block;padding-left:2px;padding-top:2px;;;;;" title="1 - 1 of 1">1 - 1 of 1</label>]]></component>
<component vis="true" id="mx2157_holder" compid="mx2157"><![CDATA[	<div id="mx2157" name="mx2157" class="text ts  ts  "  >&nbsp;</div>
]]></component>
<component vis="true" id="mx2158_holder" compid="mx2158"><![CDATA[<a ctype="label"  id="mx2158"  href="http://porud755/maximo/ui/1524725314631?_tbldnld=new_table_2&amp;uisessionid=18&amp;csrftoken=js3h0v1u8ivk6ndoql4bpajeko" onmouseover="return noStatus();" target="_blank"  noclick="1"   targetid="mx2158"    class="text tht  " style="display:block;;;;;" title="Download"><img id='mx2158_image' src='../webclient/skins-20170809-1350/tivoli09/images/tablebtn_download.gif'  border='0' alt="Download" style='vertical-align:top;margin:0px;margin-left:3px;margin-right:3px;'/><span>Download</span></a>]]></component>
		<component id="mx2184_holder"><![CDATA[<script>
		addLoadMethod("updateDisplay('mx2184','')");
		</script>]]></component>
<component vis="true" id="mx2191_holder" compid="mx2191" holder="mx2191_bodyholder"><![CDATA[
				<div id="mx2191_bodyholder1"  style="width:100%;">
					<table role="grid" id="mx2191" rownum="0" aria-labelledby="mx2139" rowsperpage="1" displayrows="1"  valign="top" summary=""  style="" class="tbod  ">
						<tr>
							<th id="new_table_2_ctrl_tablebody_rowholder" colspan="200" style='display:none'></th>
						</tr>
	<tr aria-invalid="true" role="row" id="mx2560"    class="ttitr   treven" style="display:;">
	<th id="errtitle"></th>	<th role="columnheader" control="true" id="mx2579"    onclick="" style="; " currentrow="false" class="tc    cursor_hand"   ><table role="presentation" id="mx2579_inner" style="display:inline; " >
			<tr>
					<td    nowrap="nowrap"  id="mx2578_0"     valign="top" style="vertical-align:top;"><table role="presentation" control="true" id="mx2577"   width="100%"  class="  " summary=""  style="width:100%;;;vertical-align:top">				<tr   control="true" id="mx2583_0"    style="vertical-align:top;">
				<td   colspan='3' nowrap="nowrap"  id="mx2582_0"  align="right"   valign="top" style="vertical-align:top;"><div aria-live="polite" id="mx2581_holder" class="bc">		&nbsp;
</div></td>
				</tr>
</table>
</td>
		
				</tr>
			</table></th>
		<th role="columnheader" control="true" id="mx2587"    onclick="" style="; " currentrow="false" class="tc    cursor_hand"   ><table role="presentation" id="mx2587_inner" style="display:inline; " >
			<tr>
					<td    nowrap="nowrap"  id="mx2586_0"     valign="top" style="vertical-align:top;"><table role="presentation" control="true" id="mx2585"   width="100%"  class="  " summary=""  style="width:100%;;;vertical-align:top">				<tr   control="true" id="mx2594_0"    style="vertical-align:top;">
				<td    nowrap="nowrap"  id="mx2593_0"     valign="top" style="vertical-align:top;"><div aria-live="polite" id="mx2589_holder" class="bc"><span ctype="sortlabel"  id="mx2589"   tabindex="0"    ev="1"  targetid="mx2589"  mxevent="click"  class="text hcns   anchor" style="padding:0px;padding-left:1px;margin:0px;;cursor:pointer;;;;" title="Building Number">Building Number</span></div><div aria-live="polite" id="mx2590_holder" class="bc"><img id="mx2590"  tabindex="-1" border="0" src="../webclient/skins-20170809-1350/tivoli09/images/blank.gif" aria-live="polite" alt="Default Sort" width="0" height="11" align="absmiddle" style="margin:0px;"  />
</div></td>
				</tr>
</table>
</td>
		
				</tr>
			</table></th>
		<th role="columnheader" control="true" id="mx2598"    onclick="" style="; " currentrow="false" class="tc    cursor_hand"   ><table role="presentation" id="mx2598_inner" style="display:inline; " >
			<tr>
					<td    nowrap="nowrap"  id="mx2597_0"     valign="top" style="vertical-align:top;"><table role="presentation" control="true" id="mx2596"   width="100%"  class="  " summary=""  style="width:100%;;;vertical-align:top">				<tr   control="true" id="mx2605_0"    style="vertical-align:top;">
				<td    nowrap="nowrap"  id="mx2604_0"     valign="top" style="vertical-align:top;"><div aria-live="polite" id="mx2600_holder" class="bc"><span ctype="sortlabel"  id="mx2600"   tabindex="0"    ev="2"  targetid="mx2600"  mxevent="click"  class="text hcns   anchor" style="padding:0px;padding-left:1px;margin:0px;;cursor:pointer;;;;" title="Building Name">Building Name</span></div><div aria-live="polite" id="mx2601_holder" class="bc"><img id="mx2601"  tabindex="-1" border="0" src="../webclient/skins-20170809-1350/tivoli09/images/blank.gif" aria-live="polite" alt="Default Sort" width="0" height="11" align="absmiddle" style="margin:0px;"  />
</div></td>
				</tr>
</table>
</td>
		
				</tr>
			</table></th>
		<th role="columnheader" control="true" id="mx2609"    onclick="" style="; " currentrow="false" class="tc    cursor_hand"   ><table role="presentation" id="mx2609_inner" style="display:inline; " >
			<tr>
					<td    nowrap="nowrap"  id="mx2608_0"     valign="top" style="vertical-align:top;"><table role="presentation" control="true" id="mx2607"   width="100%"  class="  " summary=""  style="width:100%;;;vertical-align:top">				<tr   control="true" id="mx2616_0"    style="vertical-align:top;">
				<td    nowrap="nowrap"  id="mx2615_0"     valign="top" style="vertical-align:top;"><div aria-live="polite" id="mx2611_holder" class="bc"><span ctype="sortlabel"  id="mx2611"   tabindex="0"    ev="3"  targetid="mx2611"  mxevent="click"  class="text hcns   anchor" style="padding:0px;padding-left:1px;margin:0px;;cursor:pointer;;;;" title="Principal Street">Principal Street</span></div><div aria-live="polite" id="mx2612_holder" class="bc"><img id="mx2612"  tabindex="-1" border="0" src="../webclient/skins-20170809-1350/tivoli09/images/blank.gif" aria-live="polite" alt="Default Sort" width="0" height="11" align="absmiddle" style="margin:0px;"  />
</div></td>
				</tr>
</table>
</td>
		
				</tr>
			</table></th>
		<th role="columnheader" control="true" id="mx2620"    onclick="" style="; " currentrow="false" class="tc    cursor_hand"   ><table role="presentation" id="mx2620_inner" style="display:inline; " >
			<tr>
					<td    nowrap="nowrap"  id="mx2619_0"     valign="top" style="vertical-align:top;"><table role="presentation" control="true" id="mx2618"   width="100%"  class="  " summary=""  style="width:100%;;;vertical-align:top">				<tr   control="true" id="mx2627_0"    style="vertical-align:top;">
				<td    nowrap="nowrap"  id="mx2626_0"     valign="top" style="vertical-align:top;"><div aria-live="polite" id="mx2622_holder" class="bc"><span ctype="sortlabel"  id="mx2622"   tabindex="0"    ev="4"  targetid="mx2622"  mxevent="click"  class="text hcns   anchor" style="padding:0px;padding-left:1px;margin:0px;;cursor:pointer;;;;" title="Out Code">Out Code</span></div><div aria-live="polite" id="mx2623_holder" class="bc"><img id="mx2623"  tabindex="-1" border="0" src="../webclient/skins-20170809-1350/tivoli09/images/blank.gif" aria-live="polite" alt="Default Sort" width="0" height="11" align="absmiddle" style="margin:0px;"  />
</div></td>
				</tr>
</table>
</td>
		
				</tr>
			</table></th>
		<th role="columnheader" control="true" id="mx2631"    onclick="" style="; " currentrow="false" class="tc    cursor_hand"   ><table role="presentation" id="mx2631_inner" style="display:inline; " >
			<tr>
					<td    nowrap="nowrap"  id="mx2630_0"     valign="top" style="vertical-align:top;"><table role="presentation" control="true" id="mx2629"   width="100%"  class="  " summary=""  style="width:100%;;;vertical-align:top">				<tr   control="true" id="mx2638_0"    style="vertical-align:top;">
				<td    nowrap="nowrap"  id="mx2637_0"     valign="top" style="vertical-align:top;"><div aria-live="polite" id="mx2633_holder" class="bc"><span ctype="sortlabel"  id="mx2633"   tabindex="0"    ev="5"  targetid="mx2633"  mxevent="click"  class="text hcns   anchor" style="padding:0px;padding-left:1px;margin:0px;;cursor:pointer;;;;" title="In Code">In Code</span></div><div aria-live="polite" id="mx2634_holder" class="bc"><img id="mx2634"  tabindex="-1" border="0" src="../webclient/skins-20170809-1350/tivoli09/images/blank.gif" aria-live="polite" alt="Default Sort" width="0" height="11" align="absmiddle" style="margin:0px;"  />
</div></td>
				</tr>
</table>
</td>
		
				</tr>
			</table></th>
	
	</tr>

	<tr aria-invalid="true" role="row" id="mx2563"  onkeyup="if(tableRowEnterKeyFlag==1 && event.keyCode==KEYCODE_ENTER){sendEvent('filterrows','mx2563','');cancelEvent(event);}" onkeydown="if(event.keyCode == KEYCODE_ENTER) tableRowEnterKeyFlag=1; else tableRowEnterKeyFlag=0;" class="tfr   trodd" aria-hidden="true"  style="display:none;">
	<td headers="errtitle"></td>	<td role="gridcell" control="true" id="mx2642"    onclick="" style="; " currentrow="false" class="tc    cursor_hand" headers="mx2579"  ><br/><table role="presentation" id="mx2642_inner" style="display:none;; " >
			<tr>
					<td    nowrap="nowrap"  id="mx2641_0"     valign="top" style="vertical-align:top;display:none;"><table role="presentation" control="true" id="mx2640"   width="100%"  class="  " summary=""  style="width:100%;;;vertical-align:top">				<tr   control="true" id="mx2646_0"    style="vertical-align:top;display:none;">
				<td    nowrap="nowrap"  id="mx2645_0"     valign="top" style="vertical-align:top;display:none;"><div aria-live="polite" id="mx2644_holder" class="bc" style="display:none">	<div id="mx2644" name="mx2644" class="  "  >&nbsp;</div>
</div></td>
				</tr>
</table>
</td>
		
				</tr>
			</table></td>
		<td role="gridcell" control="true" id="mx2650"    onclick="" style="; " currentrow="false" class="tc    cursor_hand" headers="mx2587"  ><br/><table role="presentation" id="mx2650_inner" style="display:none;; " >
			<tr>
					<td    nowrap="nowrap"  id="mx2649_0"     valign="top" style="vertical-align:top;display:none;"><table role="presentation" control="true" id="mx2648"   width="100%"  class="  " summary=""  style="width:100%;;;vertical-align:top">				<tr   control="true" id="mx2658_0"    style="vertical-align:top;display:none;">
				<td    nowrap="nowrap"  id="mx2657_0"  align="right"   valign="middle" style="vertical-align:middle;display:none;"></td>
				<td    nowrap="nowrap"  id="mx2657_1"     valign="middle" style="vertical-align:middle;display:none;"><div aria-live="polite" id="mx2654_holder" class="bc" style="display:none"><input   role="textbox"  id="mx2654" class="fld text tablefilterfield  tt queryField"     ctype="textbox"   li="mx2655"      style=";width:75.0px;"  ontr='true' async='1'  ae="setvalue"    type="text" title="Building Number filter" value="" ov="" fldInfo='{&quot;query&quot;:true,&quot;eventpriority&quot;:1}'/></div><div aria-live="polite" id="mx2655_holder" class="bc" style="display:none"><img sf="1" aria-hidden="true" active="0" ctype="image" alt=""  src="../webclient/skins-20170809-1350/tivoli09/images/blank.gif" source="blank" imgtype=".gif" style="display:inline;margin:0px;" border="0"  lc="mx2654"    align="absmiddle" width='0px' height='26px'   id="mx2655" title=""/></div></td>
				</tr>
</table>
</td>
		
				</tr>
			</table></td>
		<td role="gridcell" control="true" id="mx2662"    onclick="" style="; " currentrow="false" class="tc    cursor_hand" headers="mx2598"  ><br/><table role="presentation" id="mx2662_inner" style="display:none;; " >
			<tr>
					<td    nowrap="nowrap"  id="mx2661_0"     valign="top" style="vertical-align:top;display:none;"><table role="presentation" control="true" id="mx2660"   width="100%"  class="  " summary=""  style="width:100%;;;vertical-align:top">				<tr   control="true" id="mx2670_0"    style="vertical-align:top;display:none;">
				<td    nowrap="nowrap"  id="mx2669_0"  align="right"   valign="middle" style="vertical-align:middle;display:none;"></td>
				<td    nowrap="nowrap"  id="mx2669_1"     valign="middle" style="vertical-align:middle;display:none;"><div aria-live="polite" id="mx2666_holder" class="bc" style="display:none"><input   role="textbox"  id="mx2666" class="fld text tablefilterfield  tt queryField"     ctype="textbox"   li="mx2667"      style=";width:300.0px;"  ontr='true' async='1'  ae="setvalue"    type="text" title="Building Name filter" value="" ov="" fldInfo='{&quot;query&quot;:true}'/></div><div aria-live="polite" id="mx2667_holder" class="bc" style="display:none"><img sf="1" aria-hidden="true" active="0" ctype="image" alt=""  src="../webclient/skins-20170809-1350/tivoli09/images/blank.gif" source="blank" imgtype=".gif" style="display:inline;margin:0px;" border="0"  lc="mx2666"    align="absmiddle" width='0px' height='26px'   id="mx2667" title=""/></div></td>
				</tr>
</table>
</td>
		
				</tr>
			</table></td>
		<td role="gridcell" control="true" id="mx2674"    onclick="" style="; " currentrow="false" class="tc    cursor_hand" headers="mx2609"  ><br/><table role="presentation" id="mx2674_inner" style="display:none;; " >
			<tr>
					<td    nowrap="nowrap"  id="mx2673_0"     valign="top" style="vertical-align:top;display:none;"><table role="presentation" control="true" id="mx2672"   width="100%"  class="  " summary=""  style="width:100%;;;vertical-align:top">				<tr   control="true" id="mx2682_0"    style="vertical-align:top;display:none;">
				<td    nowrap="nowrap"  id="mx2681_0"  align="right"   valign="middle" style="vertical-align:middle;display:none;"></td>
				<td    nowrap="nowrap"  id="mx2681_1"     valign="middle" style="vertical-align:middle;display:none;"><div aria-live="polite" id="mx2678_holder" class="bc" style="display:none"><input   role="textbox"  id="mx2678" class="fld text tablefilterfield  tt queryField"     ctype="textbox"   li="mx2679"      style=";width:300.0px;"  ontr='true' async='1'  ae="setvalue"    type="text" title="Principal Street filter" value="" ov="" fldInfo='{&quot;query&quot;:true}'/></div><div aria-live="polite" id="mx2679_holder" class="bc" style="display:none"><img sf="1" aria-hidden="true" active="0" ctype="image" alt=""  src="../webclient/skins-20170809-1350/tivoli09/images/blank.gif" source="blank" imgtype=".gif" style="display:inline;margin:0px;" border="0"  lc="mx2678"    align="absmiddle" width='0px' height='26px'   id="mx2679" title=""/></div></td>
				</tr>
</table>
</td>
		
				</tr>
			</table></td>
		<td role="gridcell" control="true" id="mx2686"    onclick="" style="; " currentrow="false" class="tc    cursor_hand" headers="mx2620"  ><br/><table role="presentation" id="mx2686_inner" style="display:none;; " >
			<tr>
					<td    nowrap="nowrap"  id="mx2685_0"     valign="top" style="vertical-align:top;display:none;"><table role="presentation" control="true" id="mx2684"   width="100%"  class="  " summary=""  style="width:100%;;;vertical-align:top">				<tr   control="true" id="mx2694_0"    style="vertical-align:top;display:none;">
				<td    nowrap="nowrap"  id="mx2693_0"  align="right"   valign="middle" style="vertical-align:middle;display:none;"></td>
				<td    nowrap="nowrap"  id="mx2693_1"     valign="middle" style="vertical-align:middle;display:none;"><div aria-live="polite" id="mx2690_holder" class="bc" style="display:none"><input   role="textbox"  id="mx2690" class="fld text tablefilterfield  tt queryField"     ctype="textbox"   li="mx2691"      style=";width:75.0px;"  ontr='true' async='1'  ae="setvalue"    type="text" title="Out Code filter" value="" ov="" fldInfo='{&quot;query&quot;:true,&quot;eventpriority&quot;:1}'/></div><div aria-live="polite" id="mx2691_holder" class="bc" style="display:none"><img sf="1" aria-hidden="true" active="0" ctype="image" alt=""  src="../webclient/skins-20170809-1350/tivoli09/images/blank.gif" source="blank" imgtype=".gif" style="display:inline;margin:0px;" border="0"  lc="mx2690"    align="absmiddle" width='0px' height='26px'   id="mx2691" title=""/></div></td>
				</tr>
</table>
</td>
		
				</tr>
			</table></td>
		<td role="gridcell" control="true" id="mx2698"    onclick="" style="; " currentrow="false" class="tc    cursor_hand" headers="mx2631"  ><br/><table role="presentation" id="mx2698_inner" style="display:none;; " >
			<tr>
					<td    nowrap="nowrap"  id="mx2697_0"     valign="top" style="vertical-align:top;display:none;"><table role="presentation" control="true" id="mx2696"   width="100%"  class="  " summary=""  style="width:100%;;;vertical-align:top">				<tr   control="true" id="mx2706_0"    style="vertical-align:top;display:none;">
				<td    nowrap="nowrap"  id="mx2705_0"  align="right"   valign="middle" style="vertical-align:middle;display:none;"></td>
				<td    nowrap="nowrap"  id="mx2705_1"     valign="middle" style="vertical-align:middle;display:none;"><div aria-live="polite" id="mx2702_holder" class="bc" style="display:none"><input   role="textbox"  id="mx2702" class="fld text tablefilterfield  tt queryField"     ctype="textbox"   li="mx2703"      style=";width:75.0px;"  ontr='true' async='1'  ae="setvalue"    type="text" title="In Code filter" value="" ov="" fldInfo='{&quot;query&quot;:true,&quot;eventpriority&quot;:1}'/></div><div aria-live="polite" id="mx2703_holder" class="bc" style="display:none"><img sf="1" aria-hidden="true" active="0" ctype="image" alt=""  src="../webclient/skins-20170809-1350/tivoli09/images/blank.gif" source="blank" imgtype=".gif" style="display:inline;margin:0px;" border="0"  lc="mx2702"    align="absmiddle" width='0px' height='26px'   id="mx2703" title=""/></div></td>
				</tr>
</table>
</td>
		
				</tr>
			</table></td>
	
	</tr>

	<tr aria-invalid="true" role="row" id="mx2566"    class="nrm   treven" aria-hidden="true"  style="display:none;">
	<td headers="errtitle"></td>
	</tr>

	<tr aria-invalid="true" role="row" id="mx2569[R:0]"  current="true"   class="tablerow   tcr trodd" style="display:;">
	<td headers="errtitle"><img id='mx2569[R:0]_er_img' src='../webclient/skins-20170809-1350/tivoli09/images/blank.gif' style='display:none' class='tablerow_blank_icon' title="" alt=""/></td>	<td role="gridcell" control="true" id="mx2718[R:0]"    onmouseover="appendClass(this.parentNode,'trh')" onmouseout="removeClass(this.parentNode,'trh')" onclick="tcClick(event,'mx2718[R:0]')" style="; width:;" currentrow="true" class="tc hl   cursor_hand" headers="mx2579"  ><table role="presentation" id="mx2718[R:0]_inner" style="display:inline; " >
			<tr>
					<td    nowrap="nowrap"  id="mx2717[R:0]_0"     valign="top" style="vertical-align:top;"><table role="presentation" control="true" id="mx2716[R:0]"   width="100%"  class="  " summary=""  style="width:100%;;;vertical-align:top">				<tr   control="true" id="mx2722[R:0]_0"    style="vertical-align:top;">
				<td    nowrap="nowrap"  id="mx2721[R:0]_0"     valign="top" style="vertical-align:top;"><div aria-live="polite" id="mx2720[R:0]_holder" class="bc"><a  href="javascript: void(0);" ctype="toggleimage" ev="true" tabindex="0"  compid="mx2720[R:0]"  title="Close Details"><img id="mx2720[R:0]"  aria-disabled="true" aria-hidden="true"  tabindex="-1" border="0" class="ti   " src="../webclient/skins-20170809-1350/tivoli09/images/img_row_select.gif" source="img_row_select" imgtype=".gif" ev="true" align="top" style="display:block;margin:0px;margin-top:2px;" align="absbottom" alt="Close Details"  /></a>
</div></td>
				</tr>
</table>
</td>
		
				</tr>
			</table></td>
		<td role="gridcell" control="true" id="mx2726[R:0]"    onmouseover="appendClass(this.parentNode,'trh')" onmouseout="removeClass(this.parentNode,'trh')" onclick="tcClick(event,'mx2726[R:0]')" style="; width:;" currentrow="true" class="tc    cursor_hand" headers="mx2587"  ><table role="presentation" id="mx2726[R:0]_inner" style="display:inline; " >
			<tr>
					<td    nowrap="nowrap"  id="mx2725[R:0]_0"     valign="top" style="vertical-align:top;"><table role="presentation" control="true" id="mx2724[R:0]"   width="100%"  class="  " summary=""  style="width:100%;;;vertical-align:top">				<tr   control="true" id="mx2734[R:0]_0"    style="vertical-align:top;">
				<td    nowrap="nowrap"  id="mx2733[R:0]_0"  align="right"   valign="middle" style="vertical-align:middle;"></td>
				<td    nowrap="nowrap"  id="mx2733[R:0]_1"     valign="middle" style="vertical-align:middle;"><div aria-live="polite" id="mx2730[R:0]_holder" class="bc"><input   role="textbox"  id="mx2730[R:0]" class="fld text   tt"     ctype="textbox"   li="mx2731[R:0]"  db="mx2187"   maxlength="20" style=";width:75.0px;"  ontr='true' async='1'  ae="setvalue"    type="text" title="Building Number: 104" value="104" ov="104" work="1" fldInfo='{&quot;length&quot;:&quot;20&quot;,&quot;inttype&quot;:&quot;1&quot;,&quot;eventpriority&quot;:1}'/></div><div aria-live="polite" id="mx2731[R:0]_holder" class="bc"><img sf="1" aria-hidden="true" active="0" ctype="image" alt=""  src="../webclient/skins-20170809-1350/tivoli09/images/blank.gif" source="blank" imgtype=".gif" style="display:inline;margin:0px;" border="0"  lc="mx2730[R:0]"    align="absmiddle" width='0px' height='26px'   id="mx2731[R:0]" title=""/></div></td>
				</tr>
</table>
</td>
		
				</tr>
			</table></td>
		<td role="gridcell" control="true" id="mx2738[R:0]"    onmouseover="appendClass(this.parentNode,'trh')" onmouseout="removeClass(this.parentNode,'trh')" onclick="tcClick(event,'mx2738[R:0]')" style="; width:;" currentrow="true" class="tc    cursor_hand" headers="mx2598"  ><table role="presentation" id="mx2738[R:0]_inner" style="display:inline; " >
			<tr>
					<td    nowrap="nowrap"  id="mx2737[R:0]_0"     valign="top" style="vertical-align:top;"><table role="presentation" control="true" id="mx2736[R:0]"   width="100%"  class="  " summary=""  style="width:100%;;;vertical-align:top">				<tr   control="true" id="mx2746[R:0]_0"    style="vertical-align:top;">
				<td    nowrap="nowrap"  id="mx2745[R:0]_0"  align="right"   valign="middle" style="vertical-align:middle;"></td>
				<td    nowrap="nowrap"  id="mx2745[R:0]_1"     valign="middle" style="vertical-align:middle;"><div aria-live="polite" id="mx2742[R:0]_holder" class="bc"><input   role="textbox"  id="mx2742[R:0]" class="fld text   tt"     ctype="textbox"   li="mx2743[R:0]"  db="mx2187"   maxlength="50" style=";width:300.0px;"  ontr='true' async='1'  ae="setvalue"    type="text" title="Building Name: MR M ALDRIDGE" value="MR M ALDRIDGE" ov="MR M ALDRIDGE" work="1" fldInfo='{&quot;length&quot;:&quot;50&quot;,&quot;inttype&quot;:&quot;1&quot;}'/></div><div aria-live="polite" id="mx2743[R:0]_holder" class="bc"><img sf="1" aria-hidden="true" active="0" ctype="image" alt=""  src="../webclient/skins-20170809-1350/tivoli09/images/blank.gif" source="blank" imgtype=".gif" style="display:inline;margin:0px;" border="0"  lc="mx2742[R:0]"    align="absmiddle" width='0px' height='26px'   id="mx2743[R:0]" title=""/></div></td>
				</tr>
</table>
</td>
		
				</tr>
			</table></td>
		<td role="gridcell" control="true" id="mx2750[R:0]"    onmouseover="appendClass(this.parentNode,'trh')" onmouseout="removeClass(this.parentNode,'trh')" onclick="tcClick(event,'mx2750[R:0]')" style="; width:;" currentrow="true" class="tc    cursor_hand" headers="mx2609"  ><table role="presentation" id="mx2750[R:0]_inner" style="display:inline; " >
			<tr>
					<td    nowrap="nowrap"  id="mx2749[R:0]_0"     valign="top" style="vertical-align:top;"><table role="presentation" control="true" id="mx2748[R:0]"   width="100%"  class="  " summary=""  style="width:100%;;;vertical-align:top">				<tr   control="true" id="mx2758[R:0]_0"    style="vertical-align:top;">
				<td    nowrap="nowrap"  id="mx2757[R:0]_0"  align="right"   valign="middle" style="vertical-align:middle;"></td>
				<td    nowrap="nowrap"  id="mx2757[R:0]_1"     valign="middle" style="vertical-align:middle;"><div aria-live="polite" id="mx2754[R:0]_holder" class="bc"><input   role="textbox"  id="mx2754[R:0]" class="fld text   tt"     ctype="textbox"   li="mx2755[R:0]"  db="mx2187"   maxlength="40" style=";width:300.0px;"  ontr='true' async='1'  ae="setvalue"    type="text" title="Principal Street: NEWLANDS PARK" value="NEWLANDS PARK" ov="NEWLANDS PARK" work="1" fldInfo='{&quot;length&quot;:&quot;40&quot;,&quot;inttype&quot;:&quot;1&quot;}'/></div><div aria-live="polite" id="mx2755[R:0]_holder" class="bc"><img sf="1" aria-hidden="true" active="0" ctype="image" alt=""  src="../webclient/skins-20170809-1350/tivoli09/images/blank.gif" source="blank" imgtype=".gif" style="display:inline;margin:0px;" border="0"  lc="mx2754[R:0]"    align="absmiddle" width='0px' height='26px'   id="mx2755[R:0]" title=""/></div></td>
				</tr>
</table>
</td>
		
				</tr>
			</table></td>
		<td role="gridcell" control="true" id="mx2762[R:0]"    onmouseover="appendClass(this.parentNode,'trh')" onmouseout="removeClass(this.parentNode,'trh')" onclick="tcClick(event,'mx2762[R:0]')" style="; width:;" currentrow="true" class="tc    cursor_hand" headers="mx2620"  ><table role="presentation" id="mx2762[R:0]_inner" style="display:inline; " >
			<tr>
					<td    nowrap="nowrap"  id="mx2761[R:0]_0"     valign="top" style="vertical-align:top;"><table role="presentation" control="true" id="mx2760[R:0]"   width="100%"  class="  " summary=""  style="width:100%;;;vertical-align:top">				<tr   control="true" id="mx2770[R:0]_0"    style="vertical-align:top;">
				<td    nowrap="nowrap"  id="mx2769[R:0]_0"  align="right"   valign="middle" style="vertical-align:middle;"></td>
				<td    nowrap="nowrap"  id="mx2769[R:0]_1"     valign="middle" style="vertical-align:middle;"><div aria-live="polite" id="mx2766[R:0]_holder" class="bc"><input  aria-required="true"  role="textbox"  id="mx2766[R:0]" class="fld text   ttfld fld_req"     ctype="textbox"   li="mx2767[R:0]"  db="mx2187"   maxlength="5" style=";width:75.0px;"  ontr='true' async='1'  ae="setvalue"    type="text" title="Out Code: SE26" value="SE26" ov="SE26" work="1" fldInfo='{&quot;length&quot;:&quot;5&quot;,&quot;inttype&quot;:&quot;1&quot;,&quot;eventpriority&quot;:1,&quot;required&quot;:true}'/></div><div aria-live="polite" id="mx2767[R:0]_holder" class="bc"><img sf="1" aria-hidden="true" active="0" ctype="image" alt=""  src="../webclient/skins-20170809-1350/tivoli09/images/blank.gif" source="blank" imgtype=".gif" style="display:inline;margin:0px;" border="0"  lc="mx2766[R:0]"    align="absmiddle" width='0px' height='26px'   id="mx2767[R:0]" title=""/></div></td>
				</tr>
</table>
</td>
		
				</tr>
			</table></td>
		<td role="gridcell" control="true" id="mx2774[R:0]"    onmouseover="appendClass(this.parentNode,'trh')" onmouseout="removeClass(this.parentNode,'trh')" onclick="tcClick(event,'mx2774[R:0]')" style="; width:;" currentrow="true" class="tc    cursor_hand" headers="mx2631"  ><table role="presentation" id="mx2774[R:0]_inner" style="display:inline; " >
			<tr>
					<td    nowrap="nowrap"  id="mx2773[R:0]_0"     valign="top" style="vertical-align:top;"><table role="presentation" control="true" id="mx2772[R:0]"   width="100%"  class="  " summary=""  style="width:100%;;;vertical-align:top">				<tr   control="true" id="mx2782[R:0]_0"    style="vertical-align:top;">
				<td    nowrap="nowrap"  id="mx2781[R:0]_0"  align="right"   valign="middle" style="vertical-align:middle;"></td>
				<td    nowrap="nowrap"  id="mx2781[R:0]_1"     valign="middle" style="vertical-align:middle;"><div aria-live="polite" id="mx2778[R:0]_holder" class="bc"><input  aria-required="true"  role="textbox"  id="mx2778[R:0]" class="fld text   ttfld fld_req"     ctype="textbox"   li="mx2779[R:0]"  db="mx2187"   maxlength="5" style=";width:75.0px;"  ontr='true' async='1'  ae="setvalue"    type="text" title="In Code: 5NB" value="5NB" ov="5NB" work="1" fldInfo='{&quot;length&quot;:&quot;5&quot;,&quot;inttype&quot;:&quot;1&quot;,&quot;eventpriority&quot;:1,&quot;required&quot;:true}'/></div><div aria-live="polite" id="mx2779[R:0]_holder" class="bc"><img sf="1" aria-hidden="true" active="0" ctype="image" alt=""  src="../webclient/skins-20170809-1350/tivoli09/images/blank.gif" source="blank" imgtype=".gif" style="display:inline;margin:0px;" border="0"  lc="mx2778[R:0]"    align="absmiddle" width='0px' height='26px'   id="mx2779[R:0]" title=""/></div></td>
				</tr>
</table>
</td>
		
				</tr>
			</table></td>
	
	</tr>

	<tr aria-invalid="true" role="row" id="mx2575"    class="tablerow   troddtsr" aria-hidden="true"  style="display:none;">
					<td role='gridcell'    colspan='100' nowrap="nowrap"  id="mx2574_0"  align="left" class="tsrs " valign="middle" style="vertical-align:middle;"><div aria-live="polite" id="mx2573_holder" class="bc"><a  href="javascript: void(0);" ctype="toggleimage" ev="false" tabindex="0"  compid="mx2573"  title="Select Specific Records"><img id="mx2573"  aria-disabled="true" aria-hidden="true"  tabindex="-1" border="0" class="ti toggleselectcheckbox  " src="../webclient/skins-20170809-1350/tivoli09/images/table_cb_unchecked.gif" source="table_cb_unchecked" imgtype=".gif" ev="false" align="top" style="display:inline;margin:0px;"  alt="Select Specific Records"  /></a>
		&nbsp;<span id="mx2573_label"  class="text">Select Records</span>
</div></td>

	</tr>

						</table>
					</div>
				]]></component>
	<component id="mx2215_holder"><![CDATA[<script>
		var el = document.getElementById("mx2215");
		if(el)
		{
			el.style.display="";
		}
	</script>]]></component>
	<component id="mx2418_holder"><![CDATA[<script>
		var el = document.getElementById("mx2418");
		if(el)
		{
			el.style.display="";
		}
	</script>]]></component>
	<component id="mx2522_holder"><![CDATA[<script>
		var el = document.getElementById("mx2522");
		if(el)
		{
			el.style.display="";
		}
	</script>]]></component>

	<component id="mx2208_holder"><![CDATA[<script>
        el = document.getElementById("mx2208");
        if(el)
        {
            
			el.style.display="";
			el.setAttribute("aria-hidden" , "false");
			el.setAttribute("rownum", "0" );
		}
		el = document.getElementById("mx2208_inner");
		if(el)
		{
				el.style.display="";
				el.setAttribute("aria-hidden" , "false");
		}
	</script>]]></component>

<deferredscript><![CDATA[focusItem('mx2245',true);scrollScreen('1','0');resetLogoutTimer(true);if(tpaeConfig.validationOn) {setButtonEnabled(saveButton,false)};]]></deferredscript></server_response>