<?xml version="1.0" encoding="UTF-8" ?>
<server_response csrftoken="js3h0v1u8ivk6ndoql4bpajeko">
<!-- Begin of the DIALOG -->
<component vis="true" id="mx2845_holder" compid="mx2845" replacemethod="addDialog"><![CDATA[<script pre='true'>publishMessage({"channel":"widgetCleanup","message":["mx2853","mx2869","mx2900"]});</script>			<div id='mx2845_inner_dialogwait'  class='wait'>&nbsp;</div>
				<table id="mx2845_inner"  role="dialog" aria-labelledby="mx2834" positionAtTop="false" positionX="" positionY="" modal="true" width="200" height="50" class="dsc1 mc modal" border="0" defaultbutton="" control="true" onmousedown='hideAllMenus();'onkeypress="if(hasKeyCode(event,'KEYCODE_ESC')) {sendEvent('dialogcancel','mx2845', null, null); }"ondragstart='return false;' ondblclick="toggleMinimize('mx2845')"  style="visibility:hidden;" cellpadding="0px" cellspacing="0px">
			<tr id="mx2845_content0" aria-live="polite"   style="" valign="top">
				<td id="mx2845_inner_content"  valign="BOTTOM"  style="padding:0px; %>">
<img tabindex="0" alt="" id="status_first" alt="" onfocus="moveable_onfocus(this);" src="../webclient/skins-20170809-1350/tivoli09/images/blank.gif" width="1" height="1" style="display:inline;margin:0px" firstbuttonid="first"/><table id="mx2839"  width="100%" style="margin:0px;" class="" role="presentation">
			<tr>
				<td id="mx2839_middle"  class="dh mh dhb  " valign="middle" align="left" width="*">
					<table role="presentation" class="" width="100%">
						<tr>
							<td valign="center" align="left" style="padding:0px;white-space:nowrap;" class="dh mh">
								<table role="presentation"  width="100%">
									<tr>
					<td id="mx2839_header_0"  align="left" class="dhbsh" valign="middle" style="padding:0px;white-space:nowrap;" width:100%;></td>
					<td id="mx2839_header_1"  align="left" class="dhbsh" valign="middle" style="padding:0px;white-space:nowrap;" width:100%;><div aria-live="polite" id="mx2834_holder" class="bc"><h1 labelledby="mx2834" style="display:inline" title="Change Status"><label ctype="label"  id="mx2834"    noclick="1"   targetid="mx2834"    class="text dh mh  " style="display:block;padding-left:2px;padding-top:2px;;;;;" title="Change Status">Change Status</label></h1></div></td>
					<td id="mx2839_header_2"   class="dhbsh" valign="middle" style="padding:0px;white-space:nowrap;" width="100%"><div aria-live="polite" id="mx2835_holder" class="bc">	<div id="mx2835" name="mx2835" class="ts dh mh  "  >&nbsp;</div>
</div></td>
					<td id="mx2839_header_3"  align="right" class="dhbsh" valign="middle" style="padding:0px;white-space:nowrap;" width="100%"></td>
					<td id="mx2839_header_4"  align="right" class="dhbsh" valign="middle" style="padding:0px;white-space:nowrap;" width="100%"></td>
					<td id="mx2839_header_5"  align="right" class="dhbsh" valign="middle" style="padding:0px;white-space:nowrap;" width="100%"></td>
								</tr>
								</table>
							</td>
						</tr>
					</table>
				</td>
			</tr>
		</table></td>
			</tr>
			<tr id="mx2845_content1" aria-live="polite"   style="" valign="top">
				<td id="mx2845_inner_content"  valign="BOTTOM"  style="padding:0px; %>">
<table role="presentation" id="mx2844"  class="dialogb" width="100%" style="position:relative;top:0px;margin:0px;" height="100%" ondblclick="cancelEvent(event);">
	<tr>
		<td class="  " style=";padding:0px;" align="">

		<table role="presentation" width="100%"  height="*" ondblclick="cancelEvent(event);">
	<tr>
		<td class="    dss" align="center">
	<div aria-live="polite" id="dialogmessage_holder" class="bc"><label ctype="label"  id="dialogmessage"    noclick="1"   targetid="dialogmessage"  role='alert'    class="text label  label  text  dum" style="display:block;padding-left:2px;padding-top:2px;;;;;" title="">&nbsp;</label></div>
		</td>
	</tr>
</table>
<table role="presentation" width="100%"  height="*" ondblclick="cancelEvent(event);">
	<tr>
		<td class="db    dss" align="">
	
			<div id="status_bodydiv" class="dbDiv"  onscroll='hideAllMenusNF()'>
	
			<table role="presentation" cellspacing="2" width="100%">
			
		<tr>
			<td id="mx2854"  control="true" style="vertical-align:top;">
	
		<div id="mx2854_compHolder" aria-live="polite"  style="padding:0px;margin:0px;vertical-align:top;height: 100%;display:"  >
		
			<table id="mx2854_inner" role="presentation"  cellspacing="0" class="so   " cellpadding="0" height="100%" width="100%"   style="vertical-align:top;" ><tr id="mx2854_1"  style="vertical-align:top;display:;" > 
	<td id="mx2853" aria-live="polite"      style="display:;white-space:nowrap;padding-bottom: 2px;" class="section   " valign="top"  ><table role="presentation" control="true" id="mx2852"   width="100%"  class="  " summary=""  style="width:100%;;;vertical-align:top">				<tr   control="true" id="mx2858_0"    style="vertical-align:top;">

		<td id="mx2861" aria-live="polite"  style="display:;;padding:0 2px;vertical-align: top" sc="true"  height="100%" class="sectioncol">
			<div id="mx2861_div" style="height: 100%">
			
<table role="presentation" control="true" id="mx2860"   width="100%" height="100%" class="  " summary=""  style="width:100%;height:100%;;;vertical-align:top">
		<tr>
			<td id="mx2870"  control="true" style="vertical-align:top;">
	
		<div id="mx2870_compHolder" aria-live="polite"  style="padding:0px;margin:0px;vertical-align:top;height: 100%;display:"  >
		
			<table id="mx2870_inner" role="presentation"  cellspacing="0" class="so   " cellpadding="0" height="100%" width="100%"   style="vertical-align:top;" ><tr id="mx2870_0"  style="vertical-align:top;display:;" > 		<td id="mx2867"   style="padding:0px;;white-space:nowrap;"  role="presentation">
			<table cellspacing="0" cellpadding="0" style="width:100%;" class="" role="presentation">
				<tr>
				<td id="mx2867_1"  valign="top" class="hbb" width="100%" ></td>
				</tr>
			</table>
		</td>

		</tr>
		<tr id="mx2870_1"  style="vertical-align:top;display:;" > <td nowrap width="100%" class="section sbt">&nbsp;</td></tr><tr>
	<td id="mx2869" aria-live="polite"      style="display:;white-space:nowrap;padding-bottom: 2px;" class="section   " valign="top"  ><table role="presentation" control="true" id="mx2868"   width="100%"  class="  " summary=""  style="width:100%;;;vertical-align:top">				<tr   control="true" id="mx2881_0"  class="  leafspacer" style="vertical-align:top;">
				<td    nowrap="nowrap"  id="mx2880_0"  align="right"   valign="middle" style="vertical-align:middle;"><div aria-live="polite" id="mx2872_holder" class="bc"><label ctype="label"  id="mx2872"    noclick="1"   targetid="mx2872"    class="text label  label  " style="display:block;padding-left:2px;padding-top:2px;;;;;" for="mx2874" title="Work Order">Work Order:</label></div></td>
				<td    nowrap="nowrap"  id="mx2880_1"     valign="middle" style="vertical-align:middle;"><div aria-live="polite" id="mx2873_holder" class="bc"><img id="mx2873" alt="required" align='absmiddle' src='../webclient/skins-20170809-1350/tivoli09/images/required.gif' style="visibility:hidden;" class="required "/></div><div aria-live="polite" id="mx2874_holder" class="bc"><input  aria-readonly="true"  role="textbox"  id="mx2874" class="fld text text   fld fld_ro"     ctype="textbox"   li="mx2875"  db="mx2960"   maxlength="12" style=";width:75.0px;"   async='1'  ae="setvalue" sue="1" tabindex="-1" readonly="readonly" type="text" title="Work Order: W114593741" value="W114593741" ov="W114593741" work="1" fldInfo='{&quot;length&quot;:&quot;12&quot;,&quot;inttype&quot;:&quot;1&quot;}'/></div><div aria-live="polite" id="mx2875_holder" class="bc"><img sf="1" aria-hidden="true" active="0" ctype="image" alt=""  src="../webclient/skins-20170809-1350/tivoli09/images/blank.gif" source="blank" imgtype=".gif" style="display:inline;margin:0px;" border="0"  lc="mx2874"    align="absmiddle" width='26px' height='26px'   id="mx2875" title=""/></div><div aria-live="polite" id="mx2876_holder" class="bc"><img id="mx2876" alt="required" align='absmiddle' src='../webclient/skins-20170809-1350/tivoli09/images/required_label.gif' style="display:none" class="required_label"/></div><div aria-live="polite" id="mx2877_holder" class="bc"><input  aria-readonly="true"  role="textbox"  id="mx2877" class="fld text    fld fld_ro"     ctype="textbox"   li="mx2878"  db="mx2960"   maxlength="100" style=";width:300.0px;"   async='1'  ae="setvalue" sue="1" tabindex="-1" readonly="readonly" type="text" title="Description: Gas Escape" value="Gas Escape" ov="Gas Escape" work="1" fldInfo='{&quot;length&quot;:&quot;100&quot;,&quot;inttype&quot;:&quot;0&quot;}'/></div><div aria-live="polite" id="mx2878_holder" class="bc"><img sf="1"   ctype="image" alt="Long Description"  src="../webclient/skins-20170809-1350/tivoli09/images/img_longdescription_off.gif" source="img_longdescription_off" imgtype=".gif" style="cursor:default;display:inline;margin:0px" border="0"  lc="mx2877" aria-haspopup="true"   align="absmiddle"     id="mx2878" tabindex="-1" title="Long Description"/></div></td>
				</tr>
				<tr   control="true" id="mx2892_0"  class="  leafspacer" style="vertical-align:top;">
				<td    nowrap="nowrap"  id="mx2891_0"  align="right"   valign="middle" style="vertical-align:middle;"><div aria-live="polite" id="mx2883_holder" class="bc"><label ctype="label"  id="mx2883"    noclick="1"   targetid="mx2883"    class="text label  label  " style="display:block;padding-left:2px;padding-top:2px;;;;;" for="mx2885" title="Status">Status:</label></div></td>
				<td    nowrap="nowrap"  id="mx2891_1"     valign="middle" style="vertical-align:middle;"><div aria-live="polite" id="mx2884_holder" class="bc"><img id="mx2884" alt="required" align='absmiddle' src='../webclient/skins-20170809-1350/tivoli09/images/required.gif' style="visibility:hidden;" class="required "/></div><div aria-live="polite" id="mx2885_holder" class="bc"><input  aria-readonly="true"  role="textbox"  id="mx2885" class="fld text text   fld fld_ro"     ctype="textbox"   li="mx2886"  db="mx2960"   maxlength="16" style=";width:75.0px;"   async='1'  ae="setvalue" sue="1" tabindex="-1" readonly="readonly" type="text" title="Status: WAPPR" value="WAPPR" ov="WAPPR" work="1" fldInfo='{&quot;length&quot;:&quot;16&quot;,&quot;inttype&quot;:&quot;1&quot;}'/></div><div aria-live="polite" id="mx2886_holder" class="bc"><img sf="1" aria-hidden="true" active="0" ctype="image" alt=""  src="../webclient/skins-20170809-1350/tivoli09/images/blank.gif" source="blank" imgtype=".gif" style="display:inline;margin:0px;" border="0"  lc="mx2885"    align="absmiddle" width='26px' height='26px'   id="mx2886" title=""/></div><div aria-live="polite" id="mx2887_holder" class="bc"><img id="mx2887" alt="required" align='absmiddle' src='../webclient/skins-20170809-1350/tivoli09/images/required_label.gif' style="display:none" class="required_label"/></div><div aria-live="polite" id="mx2888_holder" class="bc"><input  aria-readonly="true"  role="textbox"  id="mx2888" class="fld text    fld fld_ro"     ctype="textbox"   li="mx2889"  db="mx2960"   maxlength="256" style=";width:300.0px;"   async='1'  ae="setvalue" sue="1" tabindex="-1" readonly="readonly" type="text" title="Description: Waiting for approval / Created" value="Waiting for approval / Created" ov="Waiting for approval / Created" work="1" fldInfo='{&quot;length&quot;:&quot;256&quot;,&quot;inttype&quot;:&quot;0&quot;}'/></div><div aria-live="polite" id="mx2889_holder" class="bc"><img sf="1" aria-hidden="true" active="0" ctype="image" alt=""  src="../webclient/skins-20170809-1350/tivoli09/images/blank.gif" source="blank" imgtype=".gif" style="display:inline;margin:0px;" border="0"  lc="mx2888"    align="absmiddle" width='26px' height='26px'   id="mx2889" title=""/></div></td>
				</tr>
</table>
</td></tr><tr><td  width="100%" nowrap class="section sbb">&nbsp;</td>
		</tr>
		
			</table>
		</div>
	
			</td>
		</tr>
	
		<tr>
			<td id="mx2901"  control="true" style="vertical-align:top;">
	
		<div id="mx2901_compHolder" aria-live="polite"  style="padding:0px;margin:0px;vertical-align:top;height: 100%;display:"  >
		
			<table id="mx2901_inner" role="presentation"  cellspacing="0" class="so   " cellpadding="0" height="100%" width="100%"   style="vertical-align:top;" ><tr id="mx2901_1"  style="vertical-align:top;display:;" > 
	<td id="mx2900" aria-live="polite"      style="display:;white-space:nowrap;padding-bottom: 2px;" class="section   " valign="top"  ><table role="presentation" control="true" id="mx2899"   width="100%"  class="  " summary=""  style="width:100%;;;vertical-align:top">				<tr   control="true" id="mx2909_0"  class="  leafspacer" style="vertical-align:top;">
				<td    nowrap="nowrap"  id="mx2908_0"  align="right"   valign="top" style="vertical-align:top;"><div aria-live="polite" id="mx2903_holder" class="bc"><label ctype="label"  id="mx2903"    noclick="1"   targetid="mx2903"    class="text label  label  " style="display:block;padding-left:2px;padding-top:2px;;;;;" for="mx2905" title="New Status"><img class='required_label' width='8px' height='8px' align='absmiddle' border='0' src='../webclient/skins-20170809-1350/tivoli09/images/required_label.gif' alt=''/>New Status:</label></div></td>
				<td    nowrap="nowrap"  id="mx2908_1"     valign="top" style="vertical-align:top;"><div aria-live="polite" id="mx2904_holder" class="bc"><img id="mx2904" alt="required" align='absmiddle' src='../webclient/skins-20170809-1350/tivoli09/images/required.gif' style="" class="required "/></div><div aria-live="polite" id="mx2905_holder" class="bc"><input  aria-required="true"  role="combobox" aria-autocomplete="none"  id="mx2905" class="fld text cbt  ibfld fld_req"     ctype="textbox"   li="mx2906" liclick="1"    maxlength="16" style=";width:75.0px;"      sue="1"  readonly="readonly" type="text" title="New Status" value="" ov="" work="1" fldInfo='{&quot;length&quot;:&quot;16&quot;,&quot;inttype&quot;:&quot;1&quot;,&quot;eventpriority&quot;:1,&quot;required&quot;:true}'/></div><div aria-live="polite" id="mx2906_holder" class="bc"><img sf="1"   ctype="image" alt="Drop-down image"  src="../webclient/skins-20170809-1350/tivoli09/images/IE_dropdown.gif" source="IE_dropdown" imgtype=".gif" style="cursor:default;display:inline;margin:0px" border="0"  lc="mx2905"  class="di " align="absmiddle"    ev="combobox" id="mx2906" tabindex="-1" title="Drop-down image"/></div></td>
				</tr>
				<tr   control="true" id="mx2923_0"  class="  leafspacer" style="vertical-align:top;">
				<td    nowrap="nowrap"  id="mx2922_0"  align="right"   valign="middle" style="vertical-align:middle;"><div aria-live="polite" id="mx2917_holder" class="bc"><label ctype="label"  id="mx2917"    noclick="1"   targetid="mx2917"    class="text label  label  " style="display:block;padding-left:2px;padding-top:2px;;;;;" for="mx2919" title="Status Date"><img class='required_label' width='8px' height='8px' align='absmiddle' border='0' src='../webclient/skins-20170809-1350/tivoli09/images/required_label.gif' alt=''/>Status Date:</label></div></td>
				<td    nowrap="nowrap"  id="mx2922_1"     valign="middle" style="vertical-align:middle;"><div aria-live="polite" id="mx2918_holder" class="bc"><img id="mx2918" alt="required" align='absmiddle' src='../webclient/skins-20170809-1350/tivoli09/images/required.gif' style="" class="required "/></div><div aria-live="polite" id="mx2919_holder" class="bc"><script>
		dojo.require('layers.mbs.calendar');
		dojo.require('dojo.date.locale');
			dojo.require('ibm.tivoli.mbs.dijit.DateTimeCalendar');
	</script><input  aria-required="true"  role="textbox"  id="mx2919" class="fld text  fld fld_req"     ctype="textbox"   li="mx2920"  db="mx2960"    style=";width:127.5px;" df="1"  async='1' PopupType="ibm.tivoli.mbs.dijit.DateTimeCalendar" constraints="{datePattern:'dd/MM/yyyy', timePattern:'HH:mm:ss',locale:'en-gb',visibleRange: 'T03:30:00'}" datePackage="" lang="en-gb" lng="en" dojoValue='1524725329770' ae="setvalue"    type="text" title="Status Date: 26/04/2018 07:48:49" value="" work="1" fldInfo='{&quot;length&quot;:&quot;10&quot;,&quot;inttype&quot;:&quot;4&quot;,&quot;lookup&quot;:&quot;datelookup&quot;,&quot;eventpriority&quot;:1,&quot;required&quot;:true}'/>	<script type="text/javascript">
		dojo.require("ibm.tivoli.mbs.html");
		formatCalendar('mx2919',ibm.tivoli.mbs.html.decodeEntities('26/04/2018 07:48:49'));
	</script>
</div><div aria-live="polite" id="mx2920_holder" class="bc"><img sf="1"   ctype="image" alt="Select Date and Time"  src="../webclient/skins-20170809-1350/tivoli09/images/img_date_time.gif" source="img_date_time" imgtype=".gif" style="cursor:default;display:inline;margin:0px" border="0"  lc="mx2919" aria-haspopup="true"   align="absmiddle"    ev="datelookup" mxejse="dateLookupHdlr" id="mx2920" tabindex="-1" title="Select Date and Time"/></div></td>
				</tr>
				<tr   control="true" id="mx2931_0"  class="  leafspacer" style="vertical-align:top;">
				<td    nowrap="nowrap"  id="mx2930_0"  align="right"   valign="middle" style="vertical-align:middle;"><div aria-live="polite" id="mx2925_holder" class="bc"><label ctype="label"  id="mx2925"    noclick="1"   targetid="mx2925"    class="text label  label  " style="display:block;padding-left:2px;padding-top:2px;;;;;" for="mx2927" title="Memo">Memo:</label></div></td>
				<td    nowrap="nowrap"  id="mx2930_1"     valign="middle" style="vertical-align:middle;"><div aria-live="polite" id="mx2926_holder" class="bc"><img id="mx2926" alt="required" align='absmiddle' src='../webclient/skins-20170809-1350/tivoli09/images/required.gif' style="visibility:hidden;" class="required "/></div><div aria-live="polite" id="mx2927_holder" class="bc"><input   role="textbox"  id="mx2927" class="fld text  "     ctype="textbox"   li="mx2928"  db="mx2960"   maxlength="50" style=";width:300.0px;"   async='1'  ae="setvalue"    type="text" title="Memo" value="" ov="" work="1" fldInfo='{&quot;length&quot;:&quot;50&quot;,&quot;inttype&quot;:&quot;0&quot;}'/></div><div aria-live="polite" id="mx2928_holder" class="bc"><img sf="1" aria-hidden="true" active="0" ctype="image" alt=""  src="../webclient/skins-20170809-1350/tivoli09/images/blank.gif" source="blank" imgtype=".gif" style="display:inline;margin:0px;" border="0"  lc="mx2927"    align="absmiddle" width='26px' height='26px'   id="mx2928" title=""/></div></td>
				</tr>
				<tr   control="true" id="mx2938_0"  class="  leafspacer" style="vertical-align:top;">
				<td    nowrap="nowrap"  id="mx2937_0"  align="right"   valign="middle" style="vertical-align:middle;"><div aria-live="polite" id="mx2933_holder" class="bc"><label ctype="label"  id="mx2933"    noclick="1"  onclick=document.getElementById('mx2935').click() targetid="mx2933"    class="text label  label  " style="display:table;padding-left:2px;padding-top:2px;;;;;" for="mx2935" title="Print Work Order(s)">Print Work Order(s)?</label></div></td>
				<td    nowrap="nowrap"  id="mx2937_1"  align="left"   valign="middle" style="vertical-align:middle;"><div aria-live="polite" id="mx2934_holder" class="bc"><img id="mx2934" alt="required" align='absmiddle' src='../webclient/skins-20170809-1350/tivoli09/images/required.gif' style="visibility:hidden;" class="required "/></div><div aria-live="polite" id="mx2935_holder" class="bc">
	<table role="presentation" id="mx2935_tb" border="0" cellspacing="0" cellpadding="0" style="margin:0px;vertical-align:middle;border:0px;display:inline;" class="_b">
		<tbody>
			<tr>
				<td valign="middle"><a role="checkbox"  aria-checked="false" id="mx2935" ctype="checkbox" class="cb09"  title="Print Work Order&#040;s&#041;: unchecked" tabindex="0" style="cursor:default" imgid="mx2935_img" mxejse="cbHdlr" async='1' ae="toggle" fldInfo='{&quot;length&quot;:&quot;&quot;,&quot;inttype&quot;:&quot;&quot;,&quot;eventpriority&quot;:2}'><img border="0" alt="Print Work Order&#040;s&#041;: unchecked" tabindex="-1" align="texttop" id="mx2935_img"  class="checkbox  " src="../webclient/skins-20170809-1350/tivoli09/images/cb_unchecked.gif"  imgtype="gif" imgname="cb_" checked="unchecked" style="cursor:default" readonly="false" onfocus="this.parentNode.focus()"/></a></td>
			</tr>
		</tbody>
	</table>
</div></td>
				</tr>
				<tr   control="true" id="mx2945_0"  class="  leafspacer" style="vertical-align:top;">
				<td    nowrap="nowrap"  id="mx2944_0"  align="right"   valign="middle" style="vertical-align:middle;"><div aria-live="polite" id="mx2940_holder" class="bc"><label ctype="label"  id="mx2940"    noclick="1"  onclick=document.getElementById('mx2942').click() targetid="mx2940"    class="text label  label  " style="display:table;padding-left:2px;padding-top:2px;;;;;" for="mx2942" title="Change work order status in back ground">Change work order status in back ground?</label></div></td>
				<td    nowrap="nowrap"  id="mx2944_1"  align="left"   valign="middle" style="vertical-align:middle;"><div aria-live="polite" id="mx2941_holder" class="bc"><img id="mx2941" alt="required" align='absmiddle' src='../webclient/skins-20170809-1350/tivoli09/images/required.gif' style="visibility:hidden;" class="required "/></div><div aria-live="polite" id="mx2942_holder" class="bc">
	<table role="presentation" id="mx2942_tb" border="0" cellspacing="0" cellpadding="0" style="margin:0px;vertical-align:middle;border:0px;display:inline;" class="_b">
		<tbody>
			<tr>
				<td valign="middle"><a role="checkbox"  aria-checked="false" id="mx2942" ctype="checkbox" class="cb09"  title="Change work order status in back ground: unchecked" tabindex="0" style="cursor:default" imgid="mx2942_img" mxejse="cbHdlr" async='1' ae="toggle" fldInfo='{&quot;length&quot;:&quot;&quot;,&quot;inttype&quot;:&quot;&quot;,&quot;eventpriority&quot;:2}'><img border="0" alt="Change work order status in back ground: unchecked" tabindex="-1" align="texttop" id="mx2942_img"  class="checkbox  " src="../webclient/skins-20170809-1350/tivoli09/images/cb_unchecked.gif"  imgtype="gif" imgname="cb_" checked="unchecked" style="cursor:default" readonly="false" onfocus="this.parentNode.focus()"/></a></td>
			</tr>
		</tbody>
	</table>
</div></td>
				</tr>
				<tr   control="true" id="mx2953_0"  class="  leafspacer" style="vertical-align:top;">
				<td    nowrap="nowrap"  id="mx2952_0"  align="right"   valign="middle" style="vertical-align:middle;"><div aria-live="polite" id="mx2947_holder" class="bc"><label ctype="label"  id="mx2947"    noclick="1"   targetid="mx2947"    class="text label  label  " style="display:block;padding-left:2px;padding-top:2px;;;;;" for="mx2949" title="Notification E-mail for Work Order Change Status">Notification E-mail for Work Order Change Status:</label></div></td>
				<td    nowrap="nowrap"  id="mx2952_1"     valign="middle" style="vertical-align:middle;"><div aria-live="polite" id="mx2948_holder" class="bc"><img id="mx2948" alt="required" align='absmiddle' src='../webclient/skins-20170809-1350/tivoli09/images/required.gif' style="visibility:hidden;" class="required "/></div><div aria-live="polite" id="mx2949_holder" class="bc"><input   role="textbox"  id="mx2949" class="fld text  "     ctype="textbox"   li="mx2950"  db="mx2960"   maxlength="100" style=";width:300.0px;"   async='1'  ae="setvalue"    type="text" title="Notification E-mail for Work Order Change Status: maximoadministrator@uk.ssegroup.net" value="maximoadministrator@uk.ssegroup.net" ov="maximoadministrator@uk.ssegroup.net" work="1" fldInfo='{&quot;length&quot;:&quot;100&quot;,&quot;inttype&quot;:&quot;0&quot;}'/></div><div aria-live="polite" id="mx2950_holder" class="bc"><img sf="1" aria-hidden="true" active="0" ctype="image" alt=""  src="../webclient/skins-20170809-1350/tivoli09/images/blank.gif" source="blank" imgtype=".gif" style="display:inline;margin:0px;" border="0"  lc="mx2949"    align="absmiddle" width='26px' height='26px'   id="mx2950" title=""/></div></td>
				</tr>
</table>
</td>
		</tr>
		
			</table>
		</div>
	
			</td>
		</tr>
	</table>

		</div>
	</td>
				</tr>
</table>
</td>
		</tr>
		
			</table>
		</div>
	
			</td>
		</tr>
	
			</table>
			
			</div>
	
		</td>
	</tr>
</table>
<table role="presentation" width="100%" class="dbottom" height="*" ondblclick="cancelEvent(event);">
	<tr>
		<td class="    dss" align="right">
	
			<table role="presentation" cellspacing="2" width="100%">
							<tr   control="true" id="mx2958_0"    style="vertical-align:top;">

<td colspan="7" height="0" align="right" id="mx2957"  style=";white-space: nowrap;" class="invisbuttongroup">
	<div style="width:100%;;">
		<table id="mx2957_table"  summary="" role="group">
			<tr>
			<td align="right" style="white-space: nowrap;">
<div aria-live="polite" id="mx2960_holder" class="bc">
		<button ctype="pushbutton"      control="true" id="mx2960"  class="text pb default"  style="">OK</button></div><div aria-live="polite" id="mx2962_holder" class="bc">
		<button ctype="pushbutton"      control="true" id="mx2962"  class="text pb"  style="">Cancel</button></div>			</td>
			</tr>
		</table>
	</div>
</td>
				</tr>

			</table>
			
		</td>
	</tr>
</table>

		</td>
	</tr>
</table>

<img tabindex="0" labelid="mx2834" alt="" id="status_last" onfocus="moveable_onfocus(this);" src="../webclient/skins-20170809-1350/tivoli09/images/blank.gif" width="1" height="1" lastbuttonid="mx2962"></td>
			</tr>
		</table>
		<script>
			window.setTimeout("_initDialog('mx2845','status',-1,true)", 50);
			showMessage(0, "BMXAA4205I - Record has been saved.", false);
		</script>
]]></component>

<deferredscript><![CDATA[scrollScreen('1','0');focusItem('mx2905',true);resetLogoutTimer(true);if(tpaeConfig.validationOn) {setButtonEnabled(saveButton,false)};]]></deferredscript></server_response>