<?xml version="1.0" encoding="UTF-8" ?>
<server_response csrftoken="js3h0v1u8ivk6ndoql4bpajeko">
	<component id="mx900_holder"><![CDATA[<script>
		var el = document.getElementById("mx900");
		if(el)
		{
			el.style.display="";
		}
	</script>]]></component>
<component vis="true" id="mx1033_holder" compid="mx1033"><![CDATA[<input   role="textbox"  id="mx1033" class="fld text  "     ctype="textbox"   li="mx1034"     maxlength="8" style=";width:75.0px;"   async='1'  ae="setvalue"    type="text" title="Failure Class: EMERG" value="EMERG" ov="EMERG" work="1" fldInfo='{&quot;length&quot;:&quot;8&quot;,&quot;inttype&quot;:&quot;1&quot;,&quot;lookup&quot;:&quot;failurecode&quot;,&quot;eventpriority&quot;:2}'/>]]></component>
	<compvalue id="mx1033"><![CDATA[EMERG]]></compvalue>
<component vis="true" id="mx1039_holder" compid="mx1039"><![CDATA[<label ctype="label"  id="mx1039"    noclick="1"   targetid="mx1039"    class="text label  label  " style="display:block;padding-left:2px;padding-top:2px;;;;;" for="mx1041" title="JOC 1">JOC 1:</label>]]></component>
<component vis="true" id="mx1041_holder" compid="mx1041"><![CDATA[<input   role="textbox"  id="mx1041" class="fld text  "     ctype="textbox"   li="mx1042"     maxlength="8" style=";width:75.0px;"   async='1'  ae="setvalue"    type="text" title="JOC 1" value="" ov="" work="1" fldInfo='{&quot;length&quot;:&quot;8&quot;,&quot;inttype&quot;:&quot;1&quot;,&quot;lookup&quot;:&quot;problemcode&quot;,&quot;eventpriority&quot;:2}'/>]]></component>
	<compvalue id="mx1041"><![CDATA[]]></compvalue>
	<component id="mx1123_holder"><![CDATA[<script>
		var el = document.getElementById("mx1123");
		if(el)
		{
			el.style.display="";
		}
	</script>]]></component>
<component vis="true" id="mx1146_holder" compid="mx1146"><![CDATA[<script>
		dojo.require('layers.mbs.calendar');
		dojo.require('dojo.date.locale');
			dojo.require('ibm.tivoli.mbs.dijit.DateTimeCalendar');
	</script><input  aria-required="true"  role="textbox"  id="mx1146" class="fld text  fld fld_req"     ctype="textbox"   li="mx1147"      style=";width:127.5px;" df="1"  async='1' PopupType="ibm.tivoli.mbs.dijit.DateTimeCalendar" constraints="{datePattern:'dd/MM/yyyy', timePattern:'HH:mm:ss',locale:'en-gb',visibleRange: 'T03:30:00'}" datePackage="" lang="en-gb" lng="en" dojoValue='1524724942733' ae="setvalue"    type="text" title="Target Start: 26/04/2018 07:42:22" value="" work="1" fldInfo='{&quot;length&quot;:&quot;10&quot;,&quot;inttype&quot;:&quot;4&quot;,&quot;lookup&quot;:&quot;datelookup&quot;,&quot;eventpriority&quot;:1,&quot;required&quot;:true}'/>	<script type="text/javascript">
		dojo.require("ibm.tivoli.mbs.html");
		formatCalendar('mx1146',ibm.tivoli.mbs.html.decodeEntities('26/04/2018 07:42:22'));
	</script>
]]></component>
	<compvalue id="mx1146"><![CDATA[26/04/2018 07:42:22]]></compvalue>
<component vis="true" id="mx1214_holder" compid="mx1214"><![CDATA[<input  aria-required="true"  role="textbox"  id="mx1214" class="fld text  fld fld_req"     ctype="textbox"  dir="ltr" li="mx1215"      style="padding-right:2px;text-align: right;;width:70.0px;"   async='1'  ae="setvalue"    type="text" title="Duration: 1:00" value="1:00" ov="1:00" work="1" fldInfo='{&quot;length&quot;:&quot;8&quot;,&quot;inttype&quot;:&quot;10&quot;,&quot;required&quot;:true}'/>]]></component>
	<compvalue id="mx1214"><![CDATA[1:00]]></compvalue>
<component vis="true" id="mx1222_holder" compid="mx1222"><![CDATA[<input   role="textbox"  id="mx1222" class="fld text  "     ctype="textbox"  dir="ltr" li="mx1223"      style="padding-right:2px;text-align: right;;width:70.0px;"   async='1'  ae="setvalue"    type="text" title="SLA Duration: 1:00" value="1:00" ov="1:00" work="1" fldInfo='{&quot;length&quot;:&quot;8&quot;,&quot;inttype&quot;:&quot;10&quot;}'/>]]></component>
	<compvalue id="mx1222"><![CDATA[1:00]]></compvalue>
	<component id="mx1267_holder"><![CDATA[<script>
		var el = document.getElementById("mx1267");
		if(el)
		{
			el.style.display="";
		}
	</script>]]></component>
<component vis="true" id="mx1274_holder" compid="mx1274"><![CDATA[<input  aria-required="true"  role="textbox"  id="mx1274" class="fld text  fld fld_req"     ctype="textbox"   li="mx1275"     maxlength="5" style=";width:75.0px;"   async='1'  ae="setvalue"    type="text" title="Job Priority: P" value="P" ov="P" work="1" fldInfo='{&quot;length&quot;:&quot;5&quot;,&quot;inttype&quot;:&quot;1&quot;,&quot;lookup&quot;:&quot;XJOBPRIORITY&quot;,&quot;eventpriority&quot;:2,&quot;required&quot;:true}'/>]]></component>
	<compvalue id="mx1274"><![CDATA[P]]></compvalue>
<component vis="true" id="mx1290_holder" compid="mx1290"><![CDATA[<input  aria-readonly="true"  role="textbox"  id="mx1290" class="fld text   fld fld_ro"     ctype="textbox"  dir="ltr" li="mx1291"      style="padding-right:2px;text-align: right;;width:70.0px;"   async='1'  ae="setvalue"  tabindex="-1" readonly="readonly" type="text" title="Priority: 1" value="1" ov="1" work="1" fldInfo='{&quot;length&quot;:&quot;12&quot;,&quot;inttype&quot;:&quot;6&quot;,&quot;scale&quot;:&quot;0&quot;,&quot;eventpriority&quot;:1}'/>]]></component>
	<compvalue id="mx1290"><![CDATA[1]]></compvalue>
	<component id="mx1324_holder"><![CDATA[<script>
		var el = document.getElementById("mx1324");
		if(el)
		{
			el.style.display="";
		}
	</script>]]></component>
	<component id="mx1420_holder"><![CDATA[<script>
		var el = document.getElementById("mx1420");
		if(el)
		{
			el.style.display="";
		}
	</script>]]></component>
	<component id="mx1544_holder"><![CDATA[<script>
		var el = document.getElementById("mx1544");
		if(el)
		{
			el.style.display="";
		}
	</script>]]></component>
<component vis="true" id="mx1852_holder" compid="mx1852" replacemethod="NONE"><![CDATA[
			<script>
			cancelTimerCalls();
			cancelQueryTimeout();
			dialogCount--;
			showObjs();
			var dialogToRemove=getElement("mx1852_inner");
			if(dialogToRemove)
			{
				removePageAutoFill("1");
				dialogTD=dialogToRemove.parentNode;
				dialogRow=dialogTD.parentNode;
				dialogRow.deleteCell(dialogTD.cellIndex);
				removeModalWaitLayer();
			}
			</script>
		]]></component>


<deferredscript><![CDATA[focusItem('mx1274',true);resetLogoutTimer(true);if(tpaeConfig.validationOn) {setButtonEnabled(saveButton,true)};]]></deferredscript></server_response>