{
  "FilterHeaders": [
    {
      "Header": "xhrseqnum",
      "IncludeInScript": true
    },
    {
      "Header": "x-requested-with",
      "IncludeInScript": true
    },
    {
      "Header": "user-agent",
      "IncludeInScript": false
    },
    {
      "Header": "pageseqnum",
      "IncludeInScript": true
    },
    {
      "Header": "cache-control",
      "IncludeInScript": false
    },
    {
      "Header": "accept-language",
      "IncludeInScript": false
    },
    {
      "Header": "accept-encoding",
      "IncludeInScript": false
    },
    {
      "Header": "accept",
      "IncludeInScript": false
    },
    {
      "Header": "_qm_try",
      "IncludeInScript": true
    }
  ],
  "FilterResources": [
    {
      "IsNonResource": true,
      "type": "text/xml"
    },
    {
      "IsNonResource": false,
      "type": "text/plain"
    },
    {
      "IsNonResource": true,
      "type": "text/html"
    },
    {
      "IsNonResource": false,
      "type": "text/css"
    },
    {
      "IsNonResource": false,
      "type": "image/png"
    },
    {
      "IsNonResource": false,
      "type": "image/jpeg"
    },
    {
      "IsNonResource": false,
      "type": "image/gif"
    },
    {
      "IsNonResource": false,
      "type": "application/x-javascript"
    }
  ],
  "GeneralInfo": {
    "BrowserVersion": "",
    "MaxUsedConnections": 55,
    "RecordedBrowser": "Internet Explorer",
    "RecordingDate": "Apr-26-2018",
    "RecordingDuration": 644515,
    "RecordingTimeStamp": 1524724833,
    "TotalBytesReceived": 2513095,
    "TotalBytesSent": 109260,
    "TotalRequests": 206
  },
  "HostInfo": [
    {
      "DomainName": "porud755",
      "Domains": [
        {
          "HTTPVersion": "HTTP/1.1",
          "IP": "10.70.20.109",
          "IncludeInScript": true,
          "Name": "porud755",
          "Port": 80,
          "Requests": [
            {
              "CompressionType": "",
              "DataType": "text/html",
              "DownloadTime": 250,
              "EventId": 840,
              "HttpStatus": 200,
              "Size": 6918,
              "URL": "http://porud755/maximo/webclient/login/login.jsp"
            },
            {
              "CompressionType": "",
              "DataType": "text/html",
              "DownloadTime": 454,
              "EventId": 838,
              "HttpStatus": 302,
              "Size": 0,
              "URL": "http://porud755/maximo/webclient/login/logout.jsp?uisessionid=18&csrftoken=js3h0v1u8ivk6ndoql4bpajeko"
            },
            {
              "CompressionType": "",
              "DataType": "text/xml",
              "DownloadTime": 31,
              "EventId": 836,
              "HttpStatus": 200,
              "Size": 251,
              "URL": "http://porud755/maximo/ui/maximo.jsp"
            },
            {
              "CompressionType": "",
              "DataType": "text/xml",
              "DownloadTime": 187,
              "EventId": 827,
              "HttpStatus": 200,
              "Size": 32957,
              "URL": "http://porud755/maximo/ui/maximo.jsp"
            },
            {
              "CompressionType": "",
              "DataType": "text/xml",
              "DownloadTime": 172,
              "EventId": 825,
              "HttpStatus": 200,
              "Size": 866,
              "URL": "http://porud755/maximo/ui/maximo.jsp"
            },
            {
              "CompressionType": "",
              "DataType": "text/xml",
              "DownloadTime": 31,
              "EventId": 822,
              "HttpStatus": 200,
              "Size": 5925,
              "URL": "http://porud755/maximo/ui/maximo.jsp"
            },
            {
              "CompressionType": "",
              "DataType": "text/xml",
              "DownloadTime": 63,
              "EventId": 816,
              "HttpStatus": 200,
              "Size": 2812,
              "URL": "http://porud755/maximo/ui/maximo.jsp"
            },
            {
              "CompressionType": "",
              "DataType": "text/xml",
              "DownloadTime": 141,
              "EventId": 814,
              "HttpStatus": 200,
              "Size": 718,
              "URL": "http://porud755/maximo/ui/maximo.jsp"
            },
            {
              "CompressionType": "",
              "DataType": "image/gif",
              "DownloadTime": 47,
              "EventId": 812,
              "HttpStatus": 200,
              "Size": 623,
              "URL": "http://porud755/maximo/webclient/skins-20170809-1350/tivoli09/images/IE_dropdown_over.gif"
            },
            {
              "CompressionType": "",
              "DataType": "image/gif",
              "DownloadTime": 62,
              "EventId": 805,
              "HttpStatus": 200,
              "Size": 384,
              "URL": "http://porud755/maximo/webclient/skins-20170809-1350/tivoli09/images/IE_dropdown.gif"
            },
            {
              "CompressionType": "",
              "DataType": "text/xml",
              "DownloadTime": 156,
              "EventId": 801,
              "HttpStatus": 200,
              "Size": 25641,
              "URL": "http://porud755/maximo/ui/maximo.jsp"
            },
            {
              "CompressionType": "",
              "DataType": "text/xml",
              "DownloadTime": 9297,
              "EventId": 791,
              "HttpStatus": 200,
              "Size": 31353,
              "URL": "http://porud755/maximo/ui/maximo.jsp"
            },
            {
              "CompressionType": "",
              "DataType": "text/html",
              "DownloadTime": 63,
              "EventId": 774,
              "HttpStatus": 200,
              "Size": 169370,
              "URL": "http://porud755/maximo/ui/maximo.jsp?event=render&targetid=emgwotrack&value=rerender&uisessionid=18&csrftoken=js3h0v1u8ivk6ndoql4bpajeko"
            },
            {
              "CompressionType": "",
              "DataType": "text/xml",
              "DownloadTime": 984,
              "EventId": 772,
              "HttpStatus": 200,
              "Size": 286,
              "URL": "http://porud755/maximo/ui/maximo.jsp"
            },
            {
              "CompressionType": "",
              "DataType": "text/xml",
              "DownloadTime": 313,
              "EventId": 759,
              "HttpStatus": 200,
              "Size": 78702,
              "URL": "http://porud755/maximo/ui/maximo.jsp"
            },
            {
              "CompressionType": "",
              "DataType": "image/gif",
              "DownloadTime": 32,
              "EventId": 753,
              "HttpStatus": 200,
              "Size": 625,
              "URL": "http://porud755/maximo/webclient/skins-20170809-1350/tivoli09/images/btn_addtobookmarks.gif"
            },
            {
              "CompressionType": "",
              "DataType": "image/gif",
              "DownloadTime": 62,
              "EventId": 750,
              "HttpStatus": 200,
              "Size": 626,
              "URL": "http://porud755/maximo/webclient/skins-20170809-1350/tivoli09/images/qf_clear.gif"
            },
            {
              "CompressionType": "",
              "DataType": "text/xml",
              "DownloadTime": 422,
              "EventId": 738,
              "HttpStatus": 200,
              "Size": 98018,
              "URL": "http://porud755/maximo/ui/maximo.jsp"
            },
            {
              "CompressionType": "",
              "DataType": "image/gif",
              "DownloadTime": 47,
              "EventId": 733,
              "HttpStatus": 200,
              "Size": 5931,
              "URL": "http://porud755/maximo/webclient/skins-20170809-1350/tivoli09/images/progressbar.gif"
            },
            {
              "CompressionType": "",
              "DataType": "text/xml",
              "DownloadTime": 3062,
              "EventId": 730,
              "HttpStatus": 200,
              "Size": 5910,
              "URL": "http://porud755/maximo/ui/maximo.jsp"
            },
            {
              "CompressionType": "",
              "DataType": "image/png",
              "DownloadTime": 47,
              "EventId": 720,
              "HttpStatus": 200,
              "Size": 195,
              "URL": "http://porud755/maximo/webclient/skins-20170809-1350/tivoli09/images/banner_bkg_applink.png"
            },
            {
              "CompressionType": "",
              "DataType": "image/png",
              "DownloadTime": 46,
              "EventId": 718,
              "HttpStatus": 200,
              "Size": 11304,
              "URL": "http://porud755/maximo/webclient/skins-20170809-1350/tivoli09/images/banner_swoosh_applink.png"
            },
            {
              "CompressionType": "",
              "DataType": "image/gif",
              "DownloadTime": 62,
              "EventId": 715,
              "HttpStatus": 200,
              "Size": 758,
              "URL": "http://porud755/maximo/webclient/skins-20170809-1350/tivoli09/images/nav_icon_insert.gif"
            },
            {
              "CompressionType": "",
              "DataType": "image/gif",
              "DownloadTime": 47,
              "EventId": 712,
              "HttpStatus": 200,
              "Size": 324,
              "URL": "http://porud755/maximo/webclient/skins-20170809-1350/tivoli09/images/btn_applinkReturnValue.gif"
            },
            {
              "CompressionType": "",
              "DataType": "image/gif",
              "DownloadTime": 94,
              "EventId": 709,
              "HttpStatus": 200,
              "Size": 303,
              "URL": "http://porud755/maximo/webclient/skins-20170809-1350/tivoli09/images/btn_applinkReturn.gif"
            },
            {
              "CompressionType": "",
              "DataType": "image/gif",
              "DownloadTime": 62,
              "EventId": 702,
              "HttpStatus": 200,
              "Size": 142,
              "URL": "http://porud755/maximo/webclient/skins-20170809-1350/tivoli09/images/appimg_generic.gif"
            },
            {
              "CompressionType": "",
              "DataType": "text/html",
              "DownloadTime": 78,
              "EventId": 690,
              "HttpStatus": 200,
              "Size": 91096,
              "URL": "http://porud755/maximo/ui/maximo.jsp?event=gotoapp&value=XMPRN&uisessionid=18&csrftoken=js3h0v1u8ivk6ndoql4bpajeko"
            },
            {
              "CompressionType": "",
              "DataType": "text/xml",
              "DownloadTime": 32,
              "EventId": 688,
              "HttpStatus": 200,
              "Size": 264,
              "URL": "http://porud755/maximo/ui/maximo.jsp"
            },
            {
              "CompressionType": "",
              "DataType": "image/gif",
              "DownloadTime": 46,
              "EventId": 682,
              "HttpStatus": 200,
              "Size": 585,
              "URL": "http://porud755/maximo/webclient/skins-20170809-1350/tivoli09/images/menu_icon_link.gif"
            },
            {
              "CompressionType": "",
              "DataType": "text/xml",
              "DownloadTime": 468,
              "EventId": 680,
              "HttpStatus": 200,
              "Size": 724,
              "URL": "http://porud755/maximo/ui/maximo.jsp"
            },
            {
              "CompressionType": "",
              "DataType": "image/gif",
              "DownloadTime": 79,
              "EventId": 678,
              "HttpStatus": 200,
              "Size": 1305,
              "URL": "http://porud755/maximo/webclient/skins-20170809-1350/tivoli09/images/img_menu_over.gif"
            },
            {
              "CompressionType": "",
              "DataType": "image/gif",
              "DownloadTime": 47,
              "EventId": 671,
              "HttpStatus": 200,
              "Size": 329,
              "URL": "http://porud755/maximo/webclient/skins-20170809-1350/tivoli09/images/img_row_select.gif"
            },
            {
              "CompressionType": "",
              "DataType": "text/xml",
              "DownloadTime": 110,
              "EventId": 663,
              "HttpStatus": 200,
              "Size": 37005,
              "URL": "http://porud755/maximo/ui/maximo.jsp"
            },
            {
              "CompressionType": "",
              "DataType": "image/gif",
              "DownloadTime": 47,
              "EventId": 657,
              "HttpStatus": 200,
              "Size": 655,
              "URL": "http://porud755/maximo/webclient/skins-20170809-1350/tivoli09/images/qf_find_disabled.gif"
            },
            {
              "CompressionType": "",
              "DataType": "image/gif",
              "DownloadTime": 62,
              "EventId": 654,
              "HttpStatus": 200,
              "Size": 547,
              "URL": "http://porud755/maximo/webclient/skins-20170809-1350/tivoli09/images/tablebtn_filter_off.gif"
            },
            {
              "CompressionType": "",
              "DataType": "text/xml",
              "DownloadTime": 297,
              "EventId": 642,
              "HttpStatus": 200,
              "Size": 110148,
              "URL": "http://porud755/maximo/ui/maximo.jsp"
            },
            {
              "CompressionType": "",
              "DataType": "text/xml",
              "DownloadTime": 63,
              "EventId": 637,
              "HttpStatus": 200,
              "Size": 2339,
              "URL": "http://porud755/maximo/ui/maximo.jsp"
            },
            {
              "CompressionType": "",
              "DataType": "text/xml",
              "DownloadTime": 63,
              "EventId": 632,
              "HttpStatus": 200,
              "Size": 2342,
              "URL": "http://porud755/maximo/ui/maximo.jsp"
            },
            {
              "CompressionType": "",
              "DataType": "text/xml",
              "DownloadTime": 125,
              "EventId": 627,
              "HttpStatus": 200,
              "Size": 2341,
              "URL": "http://porud755/maximo/ui/maximo.jsp"
            },
            {
              "CompressionType": "",
              "DataType": "image/png",
              "DownloadTime": 31,
              "EventId": 617,
              "HttpStatus": 200,
              "Size": 120,
              "URL": "http://porud755/maximo/webclient/javascript/dojo-20130903-1504/dijit/themes/tundra/images/buttonEnabled.png"
            },
            {
              "CompressionType": "",
              "DataType": "image/png",
              "DownloadTime": 31,
              "EventId": 615,
              "HttpStatus": 200,
              "Size": 2195,
              "URL": "http://porud755/maximo/webclient/javascript/dojo-20130903-1504/dijit/themes/tundra/images/spriteRoundedIconsSmall.png"
            },
            {
              "CompressionType": "",
              "DataType": "image/png",
              "DownloadTime": 46,
              "EventId": 613,
              "HttpStatus": 200,
              "Size": 338,
              "URL": "http://porud755/maximo/webclient/javascript/dojo-20130903-1504/dijit/themes/tundra/images/spriteArrows.png"
            },
            {
              "CompressionType": "",
              "DataType": "image/png",
              "DownloadTime": 47,
              "EventId": 609,
              "HttpStatus": 200,
              "Size": 161,
              "URL": "http://porud755/maximo/webclient/javascript/dojo-20130903-1504/dijit/themes/tundra/images/calendarDayLabel.png"
            },
            {
              "CompressionType": "",
              "DataType": "image/png",
              "DownloadTime": 31,
              "EventId": 607,
              "HttpStatus": 200,
              "Size": 151,
              "URL": "http://porud755/maximo/webclient/javascript/dojo-20130903-1504/dijit/themes/tundra/images/titleBar.png"
            },
            {
              "CompressionType": "",
              "DataType": "image/png",
              "DownloadTime": 94,
              "EventId": 603,
              "HttpStatus": 200,
              "Size": 172,
              "URL": "http://porud755/maximo/webclient/javascript/dojo-20130903-1504/dijit/themes/tundra/images/calendarYearLabel.png"
            },
            {
              "CompressionType": "",
              "DataType": "text/html",
              "DownloadTime": 94,
              "EventId": 601,
              "HttpStatus": 200,
              "Size": 73,
              "URL": "http://porud755/maximo/webclient/javascript/dojo-20130903-1504/dojo/resources/blank.html"
            },
            {
              "CompressionType": "",
              "DataType": "application/x-javascript",
              "DownloadTime": 31,
              "EventId": 595,
              "HttpStatus": 200,
              "Size": 653,
              "URL": "http://porud755/maximo/webclient/javascript/dojo-20130903-1504/dojo/cldr/nls/en-gb/gregorian.js"
            },
            {
              "CompressionType": "",
              "DataType": "image/gif",
              "DownloadTime": 31,
              "EventId": 593,
              "HttpStatus": 200,
              "Size": 1320,
              "URL": "http://porud755/maximo/webclient/skins-20170809-1350/tivoli09/images/img_date_time_over.gif"
            },
            {
              "CompressionType": "",
              "DataType": "text/xml",
              "DownloadTime": 578,
              "EventId": 585,
              "HttpStatus": 200,
              "Size": 6308,
              "URL": "http://porud755/maximo/ui/maximo.jsp"
            },
            {
              "CompressionType": "",
              "DataType": "text/xml",
              "DownloadTime": 125,
              "EventId": 577,
              "HttpStatus": 200,
              "Size": 41017,
              "URL": "http://porud755/maximo/ui/maximo.jsp"
            },
            {
              "CompressionType": "",
              "DataType": "text/xml",
              "DownloadTime": 437,
              "EventId": 570,
              "HttpStatus": 200,
              "Size": 3238,
              "URL": "http://porud755/maximo/ui/maximo.jsp"
            },
            {
              "CompressionType": "",
              "DataType": "image/gif",
              "DownloadTime": 32,
              "EventId": 568,
              "HttpStatus": 200,
              "Size": 237,
              "URL": "http://porud755/maximo/webclient/skins-20170809-1350/tivoli09/images/tablebtn_download.gif"
            },
            {
              "CompressionType": "",
              "DataType": "image/gif",
              "DownloadTime": 47,
              "EventId": 566,
              "HttpStatus": 200,
              "Size": 603,
              "URL": "http://porud755/maximo/webclient/skins-20170809-1350/tivoli09/images/tablebtn_next_on.gif"
            },
            {
              "CompressionType": "",
              "DataType": "image/gif",
              "DownloadTime": 94,
              "EventId": 563,
              "HttpStatus": 200,
              "Size": 606,
              "URL": "http://porud755/maximo/webclient/skins-20170809-1350/tivoli09/images/tablebtn_nextdown_on.gif"
            },
            {
              "CompressionType": "",
              "DataType": "text/xml",
              "DownloadTime": 406,
              "EventId": 548,
              "HttpStatus": 200,
              "Size": 101619,
              "URL": "http://porud755/maximo/ui/maximo.jsp"
            },
            {
              "CompressionType": "",
              "DataType": "image/gif",
              "DownloadTime": 47,
              "EventId": 546,
              "HttpStatus": 200,
              "Size": 1330,
              "URL": "http://porud755/maximo/webclient/skins-20170809-1350/tivoli09/images/img_lookup_over.gif"
            },
            {
              "CompressionType": "",
              "DataType": "application/x-javascript",
              "DownloadTime": 31,
              "EventId": 534,
              "HttpStatus": 200,
              "Size": 2680,
              "URL": "http://porud755/maximo/webclient/javascript/dojo-20130903-1504/dojo/cldr/nls/en/islamic.js"
            },
            {
              "CompressionType": "",
              "DataType": "application/x-javascript",
              "DownloadTime": 31,
              "EventId": 532,
              "HttpStatus": 200,
              "Size": 3512,
              "URL": "http://porud755/maximo/webclient/javascript/dojo-20130903-1504/dojo/cldr/nls/en/gregorian.js"
            },
            {
              "CompressionType": "",
              "DataType": "application/x-javascript",
              "DownloadTime": 47,
              "EventId": 517,
              "HttpStatus": 200,
              "Size": 175974,
              "URL": "http://porud755/maximo/webclient/javascript/dojo-20130903-1504/layers/mbs/calendar.js"
            },
            {
              "CompressionType": "",
              "DataType": "image/gif",
              "DownloadTime": 31,
              "EventId": 515,
              "HttpStatus": 200,
              "Size": 926,
              "URL": "http://porud755/maximo/webclient/skins-20170809-1350/tivoli09/images/cb_unchecked.gif"
            },
            {
              "CompressionType": "",
              "DataType": "image/gif",
              "DownloadTime": 78,
              "EventId": 513,
              "HttpStatus": 200,
              "Size": 690,
              "URL": "http://porud755/maximo/webclient/skins-20170809-1350/tivoli09/images/img_date_time.gif"
            },
            {
              "CompressionType": "",
              "DataType": "image/gif",
              "DownloadTime": 63,
              "EventId": 511,
              "HttpStatus": 200,
              "Size": 925,
              "URL": "http://porud755/maximo/webclient/skins-20170809-1350/tivoli09/images/cb_uncheckedreadonly.gif"
            },
            {
              "CompressionType": "",
              "DataType": "image/gif",
              "DownloadTime": 62,
              "EventId": 509,
              "HttpStatus": 200,
              "Size": 959,
              "URL": "http://porud755/maximo/webclient/skins-20170809-1350/tivoli09/images/cb_checked.gif"
            },
            {
              "CompressionType": "",
              "DataType": "image/gif",
              "DownloadTime": 47,
              "EventId": 507,
              "HttpStatus": 200,
              "Size": 660,
              "URL": "http://porud755/maximo/webclient/skins-20170809-1350/tivoli09/images/img_attachments.gif"
            },
            {
              "CompressionType": "",
              "DataType": "image/gif",
              "DownloadTime": 47,
              "EventId": 503,
              "HttpStatus": 200,
              "Size": 631,
              "URL": "http://porud755/maximo/webclient/skins-20170809-1350/tivoli09/images/img_longdescription_off.gif"
            },
            {
              "CompressionType": "",
              "DataType": "image/gif",
              "DownloadTime": 47,
              "EventId": 500,
              "HttpStatus": 200,
              "Size": 836,
              "URL": "http://porud755/maximo/webclient/skins-20170809-1350/tivoli09/images/required_label.gif"
            },
            {
              "CompressionType": "",
              "DataType": "image/gif",
              "DownloadTime": 47,
              "EventId": 496,
              "HttpStatus": 200,
              "Size": 807,
              "URL": "http://porud755/maximo/webclient/skins-20170809-1350/tivoli09/images/required.gif"
            },
            {
              "CompressionType": "",
              "DataType": "text/xml",
              "DownloadTime": 2297,
              "EventId": 473,
              "HttpStatus": 200,
              "Size": 142184,
              "URL": "http://porud755/maximo/ui/maximo.jsp"
            },
            {
              "CompressionType": "",
              "DataType": "image/gif",
              "DownloadTime": 79,
              "EventId": 463,
              "HttpStatus": 200,
              "Size": 345,
              "URL": "http://porud755/maximo/webclient/skins-20170809-1350/tivoli09/images/img_menu.gif"
            },
            {
              "CompressionType": "",
              "DataType": "image/gif",
              "DownloadTime": 63,
              "EventId": 461,
              "HttpStatus": 200,
              "Size": 600,
              "URL": "http://porud755/maximo/webclient/skins-20170809-1350/tivoli09/images/img_lookup.gif"
            },
            {
              "CompressionType": "",
              "DataType": "image/gif",
              "DownloadTime": 62,
              "EventId": 459,
              "HttpStatus": 200,
              "Size": 151,
              "URL": "http://porud755/maximo/webclient/skins-20170809-1350/tivoli09/images/table_filterRow_bkg.gif"
            },
            {
              "CompressionType": "",
              "DataType": "image/gif",
              "DownloadTime": 62,
              "EventId": 453,
              "HttpStatus": 200,
              "Size": 856,
              "URL": "http://porud755/maximo/webclient/skins-20170809-1350/tivoli09/images/table_cb_unchecked.gif"
            },
            {
              "CompressionType": "",
              "DataType": "image/gif",
              "DownloadTime": 62,
              "EventId": 451,
              "HttpStatus": 200,
              "Size": 204,
              "URL": "http://porud755/maximo/webclient/skins-20170809-1350/tivoli09/images/minimize.gif"
            },
            {
              "CompressionType": "",
              "DataType": "image/gif",
              "DownloadTime": 63,
              "EventId": 449,
              "HttpStatus": 200,
              "Size": 237,
              "URL": "http://porud755/maximo/webclient/skins-20170809-1350/tivoli09/images/tablebtn_download_off.gif"
            },
            {
              "CompressionType": "",
              "DataType": "image/gif",
              "DownloadTime": 62,
              "EventId": 447,
              "HttpStatus": 200,
              "Size": 601,
              "URL": "http://porud755/maximo/webclient/skins-20170809-1350/tivoli09/images/tablebtn_next_off.gif"
            },
            {
              "CompressionType": "",
              "DataType": "image/gif",
              "DownloadTime": 125,
              "EventId": 445,
              "HttpStatus": 200,
              "Size": 605,
              "URL": "http://porud755/maximo/webclient/skins-20170809-1350/tivoli09/images/tablebtn_nextdown_off.gif"
            },
            {
              "CompressionType": "",
              "DataType": "image/gif",
              "DownloadTime": 78,
              "EventId": 443,
              "HttpStatus": 200,
              "Size": 612,
              "URL": "http://porud755/maximo/webclient/skins-20170809-1350/tivoli09/images/tablebtn_previous_off.gif"
            },
            {
              "CompressionType": "",
              "DataType": "image/gif",
              "DownloadTime": 62,
              "EventId": 441,
              "HttpStatus": 200,
              "Size": 613,
              "URL": "http://porud755/maximo/webclient/skins-20170809-1350/tivoli09/images/tablebtn_nextup_off.gif"
            },
            {
              "CompressionType": "",
              "DataType": "image/gif",
              "DownloadTime": 94,
              "EventId": 439,
              "HttpStatus": 200,
              "Size": 625,
              "URL": "http://porud755/maximo/webclient/skins-20170809-1350/tivoli09/images/qf_clear_disabled.gif"
            },
            {
              "CompressionType": "",
              "DataType": "image/gif",
              "DownloadTime": 63,
              "EventId": 437,
              "HttpStatus": 200,
              "Size": 1136,
              "URL": "http://porud755/maximo/webclient/skins-20170809-1350/tivoli09/images/listab_refresh.gif"
            },
            {
              "CompressionType": "",
              "DataType": "image/gif",
              "DownloadTime": 93,
              "EventId": 435,
              "HttpStatus": 200,
              "Size": 1054,
              "URL": "http://porud755/maximo/webclient/skins-20170809-1350/tivoli09/images/qf_find.gif"
            },
            {
              "CompressionType": "",
              "DataType": "image/gif",
              "DownloadTime": 63,
              "EventId": 433,
              "HttpStatus": 200,
              "Size": 344,
              "URL": "http://porud755/maximo/webclient/skins-20170809-1350/tivoli09/images/tablebtn_filter_on.gif"
            },
            {
              "CompressionType": "",
              "DataType": "image/gif",
              "DownloadTime": 31,
              "EventId": 431,
              "HttpStatus": 200,
              "Size": 94,
              "URL": "http://porud755/maximo/webclient/skins-20170809-1350/tivoli09/images/img_arrow_quickfilter.gif"
            },
            {
              "CompressionType": "",
              "DataType": "image/gif",
              "DownloadTime": 78,
              "EventId": 429,
              "HttpStatus": 200,
              "Size": 875,
              "URL": "http://porud755/maximo/webclient/skins-20170809-1350/tivoli09/images/tablebtn_divider.gif"
            },
            {
              "CompressionType": "",
              "DataType": "image/gif",
              "DownloadTime": 93,
              "EventId": 427,
              "HttpStatus": 200,
              "Size": 533,
              "URL": "http://porud755/maximo/webclient/skins-20170809-1350/tivoli09/images/table_columnHeader_bkg.gif"
            },
            {
              "CompressionType": "",
              "DataType": "image/gif",
              "DownloadTime": 78,
              "EventId": 425,
              "HttpStatus": 200,
              "Size": 964,
              "URL": "http://porud755/maximo/webclient/skins-20170809-1350/tivoli09/images/table_toolbar_rcap.gif"
            },
            {
              "CompressionType": "",
              "DataType": "image/gif",
              "DownloadTime": 79,
              "EventId": 423,
              "HttpStatus": 200,
              "Size": 305,
              "URL": "http://porud755/maximo/webclient/skins-20170809-1350/tivoli09/images/table_toolbar_bkg.gif"
            },
            {
              "CompressionType": "",
              "DataType": "image/gif",
              "DownloadTime": 78,
              "EventId": 421,
              "HttpStatus": 200,
              "Size": 963,
              "URL": "http://porud755/maximo/webclient/skins-20170809-1350/tivoli09/images/table_toolbar_lcap.gif"
            },
            {
              "CompressionType": "",
              "DataType": "image/gif",
              "DownloadTime": 110,
              "EventId": 419,
              "HttpStatus": 200,
              "Size": 148,
              "URL": "http://porud755/maximo/webclient/skins-20170809-1350/tivoli09/images/atb_popoutmenu.gif"
            },
            {
              "CompressionType": "",
              "DataType": "image/gif",
              "DownloadTime": 125,
              "EventId": 417,
              "HttpStatus": 200,
              "Size": 670,
              "URL": "http://porud755/maximo/webclient/skins-20170809-1350/tivoli09/images/atb_save.gif"
            },
            {
              "CompressionType": "",
              "DataType": "image/gif",
              "DownloadTime": 78,
              "EventId": 415,
              "HttpStatus": 200,
              "Size": 339,
              "URL": "http://porud755/maximo/webclient/skins-20170809-1350/tivoli09/images/atb_bookmark.gif"
            },
            {
              "CompressionType": "",
              "DataType": "image/gif",
              "DownloadTime": 63,
              "EventId": 413,
              "HttpStatus": 200,
              "Size": 1054,
              "URL": "http://porud755/maximo/webclient/skins-20170809-1350/tivoli09/images/atb_search.gif"
            },
            {
              "CompressionType": "",
              "DataType": "image/gif",
              "DownloadTime": 78,
              "EventId": 411,
              "HttpStatus": 200,
              "Size": 488,
              "URL": "http://porud755/maximo/webclient/skins-20170809-1350/tivoli09/images/nav_icon_route.gif"
            },
            {
              "CompressionType": "",
              "DataType": "image/gif",
              "DownloadTime": 94,
              "EventId": 409,
              "HttpStatus": 200,
              "Size": 1179,
              "URL": "http://porud755/maximo/webclient/skins-20170809-1350/tivoli09/images/nav_icon_createQueryBasedReport.gif"
            },
            {
              "CompressionType": "",
              "DataType": "image/gif",
              "DownloadTime": 78,
              "EventId": 406,
              "HttpStatus": 200,
              "Size": 139,
              "URL": "http://porud755/maximo/webclient/skins-20170809-1350/tivoli09/images/appimg_report.gif"
            },
            {
              "CompressionType": "",
              "DataType": "image/gif",
              "DownloadTime": 94,
              "EventId": 402,
              "HttpStatus": 200,
              "Size": 1089,
              "URL": "http://porud755/maximo/webclient/skins-20170809-1350/tivoli09/images/nav_icon_kpi.gif"
            },
            {
              "CompressionType": "",
              "DataType": "image/gif",
              "DownloadTime": 94,
              "EventId": 400,
              "HttpStatus": 200,
              "Size": 1162,
              "URL": "http://porud755/maximo/webclient/skins-20170809-1350/tivoli09/images/nav_icon_changestatus.gif"
            },
            {
              "CompressionType": "",
              "DataType": "image/gif",
              "DownloadTime": 62,
              "EventId": 398,
              "HttpStatus": 200,
              "Size": 1114,
              "URL": "http://porud755/maximo/webclient/skins-20170809-1350/tivoli09/images/nav_icon_next.gif"
            },
            {
              "CompressionType": "",
              "DataType": "image/gif",
              "DownloadTime": 63,
              "EventId": 396,
              "HttpStatus": 200,
              "Size": 1124,
              "URL": "http://porud755/maximo/webclient/skins-20170809-1350/tivoli09/images/nav_icon_previous.gif"
            },
            {
              "CompressionType": "",
              "DataType": "image/gif",
              "DownloadTime": 63,
              "EventId": 394,
              "HttpStatus": 200,
              "Size": 1090,
              "URL": "http://porud755/maximo/webclient/skins-20170809-1350/tivoli09/images/nav_icon_clear.gif"
            },
            {
              "CompressionType": "",
              "DataType": "image/gif",
              "DownloadTime": 109,
              "EventId": 392,
              "HttpStatus": 200,
              "Size": 288,
              "URL": "http://porud755/maximo/webclient/skins-20170809-1350/tivoli09/images/toolbar/toolbarsep.gif"
            },
            {
              "CompressionType": "",
              "DataType": "image/gif",
              "DownloadTime": 63,
              "EventId": 390,
              "HttpStatus": 200,
              "Size": 1176,
              "URL": "http://porud755/maximo/webclient/skins-20170809-1350/tivoli09/images/nav_icon_save.gif"
            },
            {
              "CompressionType": "",
              "DataType": "image/gif",
              "DownloadTime": 79,
              "EventId": 388,
              "HttpStatus": 200,
              "Size": 744,
              "URL": "http://porud755/maximo/webclient/skins-20170809-1350/tivoli09/images/nav_icon_insertkey.gif"
            },
            {
              "CompressionType": "",
              "DataType": "image/gif",
              "DownloadTime": 63,
              "EventId": 386,
              "HttpStatus": 200,
              "Size": 157,
              "URL": "http://porud755/maximo/webclient/skins-20170809-1350/tivoli09/images/toolbar/toolbar_bkg.gif"
            },
            {
              "CompressionType": "",
              "DataType": "image/gif",
              "DownloadTime": 78,
              "EventId": 384,
              "HttpStatus": 200,
              "Size": 390,
              "URL": "http://porud755/maximo/webclient/skins-20170809-1350/tivoli09/images/IE_toolbar_dropdown.gif"
            },
            {
              "CompressionType": "",
              "DataType": "image/gif",
              "DownloadTime": 125,
              "EventId": 382,
              "HttpStatus": 200,
              "Size": 1146,
              "URL": "http://porud755/maximo/webclient/skins-20170809-1350/tivoli09/images/quicksearch.gif"
            },
            {
              "CompressionType": "",
              "DataType": "image/gif",
              "DownloadTime": 141,
              "EventId": 380,
              "HttpStatus": 200,
              "Size": 147,
              "URL": "http://porud755/maximo/webclient/skins-20170809-1350/tivoli09/images/nav_btn_menuArrow_Search.gif"
            },
            {
              "CompressionType": "",
              "DataType": "image/gif",
              "DownloadTime": 78,
              "EventId": 378,
              "HttpStatus": 200,
              "Size": 140,
              "URL": "http://porud755/maximo/webclient/skins-20170809-1350/tivoli09/images/appimg_wotrack.gif"
            },
            {
              "CompressionType": "",
              "DataType": "text/html",
              "DownloadTime": 3438,
              "EventId": 362,
              "HttpStatus": 200,
              "Size": 109688,
              "URL": "http://porud755/maximo/ui/?event=loadapp&value=emgwotrack&uisessionid=18&csrftoken=js3h0v1u8ivk6ndoql4bpajeko"
            },
            {
              "CompressionType": "",
              "DataType": "text/xml",
              "DownloadTime": 32,
              "EventId": 360,
              "HttpStatus": 200,
              "Size": 259,
              "URL": "http://porud755/maximo/ui/maximo.jsp"
            },
            {
              "CompressionType": "",
              "DataType": "image/gif",
              "DownloadTime": 15,
              "EventId": 350,
              "HttpStatus": 200,
              "Size": 881,
              "URL": "http://porud755/maximo/webclient/skins-20170809-1350/tivoli09/images/menus/item_over.gif"
            },
            {
              "CompressionType": "",
              "DataType": "image/gif",
              "DownloadTime": 47,
              "EventId": 348,
              "HttpStatus": 200,
              "Size": 1132,
              "URL": "http://porud755/maximo/webclient/skins-20170809-1350/tivoli09/images/modimg_wo.gif"
            },
            {
              "CompressionType": "",
              "DataType": "image/png",
              "DownloadTime": 47,
              "EventId": 346,
              "HttpStatus": 200,
              "Size": 233,
              "URL": "http://porud755/maximo/webclient/skins-20170809-1350/tivoli09/images/menus/menuback.png"
            },
            {
              "CompressionType": "",
              "DataType": "image/gif",
              "DownloadTime": 93,
              "EventId": 344,
              "HttpStatus": 200,
              "Size": 1160,
              "URL": "http://porud755/maximo/webclient/skins-20170809-1350/tivoli09/images/modimg_util.gif"
            },
            {
              "CompressionType": "",
              "DataType": "image/gif",
              "DownloadTime": 47,
              "EventId": 342,
              "HttpStatus": 200,
              "Size": 1157,
              "URL": "http://porud755/maximo/webclient/skins-20170809-1350/tivoli09/images/modimg_taskMgmt.gif"
            },
            {
              "CompressionType": "",
              "DataType": "image/gif",
              "DownloadTime": 93,
              "EventId": 340,
              "HttpStatus": 200,
              "Size": 1068,
              "URL": "http://porud755/maximo/webclient/skins-20170809-1350/tivoli09/images/modimg_sd.gif"
            },
            {
              "CompressionType": "",
              "DataType": "image/gif",
              "DownloadTime": 63,
              "EventId": 338,
              "HttpStatus": 200,
              "Size": 1134,
              "URL": "http://porud755/maximo/webclient/skins-20170809-1350/tivoli09/images/modimg_sla.gif"
            },
            {
              "CompressionType": "",
              "DataType": "image/gif",
              "DownloadTime": 47,
              "EventId": 336,
              "HttpStatus": 200,
              "Size": 650,
              "URL": "http://porud755/maximo/webclient/skins-20170809-1350/tivoli09/images/modimg_ssdr.gif"
            },
            {
              "CompressionType": "",
              "DataType": "image/gif",
              "DownloadTime": 78,
              "EventId": 334,
              "HttpStatus": 200,
              "Size": 1146,
              "URL": "http://porud755/maximo/webclient/skins-20170809-1350/tivoli09/images/modimg_release.gif"
            },
            {
              "CompressionType": "",
              "DataType": "image/gif",
              "DownloadTime": 31,
              "EventId": 332,
              "HttpStatus": 200,
              "Size": 1129,
              "URL": "http://porud755/maximo/webclient/skins-20170809-1350/tivoli09/images/modimg_security.gif"
            },
            {
              "CompressionType": "",
              "DataType": "image/gif",
              "DownloadTime": 79,
              "EventId": 330,
              "HttpStatus": 200,
              "Size": 679,
              "URL": "http://porud755/maximo/webclient/skins-20170809-1350/tivoli09/images/modimg_purchase.gif"
            },
            {
              "CompressionType": "",
              "DataType": "image/gif",
              "DownloadTime": 94,
              "EventId": 328,
              "HttpStatus": 200,
              "Size": 1036,
              "URL": "http://porud755/maximo/webclient/skins-20170809-1350/tivoli09/images/modimg_pm.gif"
            },
            {
              "CompressionType": "",
              "DataType": "image/gif",
              "DownloadTime": 78,
              "EventId": 326,
              "HttpStatus": 200,
              "Size": 717,
              "URL": "http://porud755/maximo/webclient/skins-20170809-1350/tivoli09/images/modimg_inventor.gif"
            },
            {
              "CompressionType": "",
              "DataType": "image/gif",
              "DownloadTime": 94,
              "EventId": 324,
              "HttpStatus": 200,
              "Size": 1232,
              "URL": "http://porud755/maximo/webclient/skins-20170809-1350/tivoli09/images/modimg_int.gif"
            },
            {
              "CompressionType": "",
              "DataType": "image/gif",
              "DownloadTime": 47,
              "EventId": 322,
              "HttpStatus": 200,
              "Size": 200,
              "URL": "http://porud755/maximo/webclient/skins-20170809-1350/tivoli09/images/modimg_plans.gif"
            },
            {
              "CompressionType": "",
              "DataType": "image/gif",
              "DownloadTime": 62,
              "EventId": 320,
              "HttpStatus": 200,
              "Size": 653,
              "URL": "http://porud755/maximo/webclient/skins-20170809-1350/tivoli09/images/modimg_configItems.gif"
            },
            {
              "CompressionType": "",
              "DataType": "image/gif",
              "DownloadTime": 46,
              "EventId": 318,
              "HttpStatus": 200,
              "Size": 476,
              "URL": "http://porud755/maximo/webclient/skins-20170809-1350/tivoli09/images/modimg_financial.gif"
            },
            {
              "CompressionType": "",
              "DataType": "image/gif",
              "DownloadTime": 63,
              "EventId": 316,
              "HttpStatus": 200,
              "Size": 1116,
              "URL": "http://porud755/maximo/webclient/skins-20170809-1350/tivoli09/images/modimg_contract.gif"
            },
            {
              "CompressionType": "",
              "DataType": "image/gif",
              "DownloadTime": 47,
              "EventId": 314,
              "HttpStatus": 200,
              "Size": 1147,
              "URL": "http://porud755/maximo/webclient/skins-20170809-1350/tivoli09/images/modimg_change.gif"
            },
            {
              "CompressionType": "",
              "DataType": "image/gif",
              "DownloadTime": 63,
              "EventId": 312,
              "HttpStatus": 200,
              "Size": 1159,
              "URL": "http://porud755/maximo/webclient/skins-20170809-1350/tivoli09/images/modimg_asset.gif"
            },
            {
              "CompressionType": "",
              "DataType": "image/gif",
              "DownloadTime": 63,
              "EventId": 309,
              "HttpStatus": 200,
              "Size": 841,
              "URL": "http://porud755/maximo/webclient/skins-20170809-1350/tivoli09/images/menus/blank.gif"
            },
            {
              "CompressionType": "",
              "DataType": "image/gif",
              "DownloadTime": 47,
              "EventId": 306,
              "HttpStatus": 200,
              "Size": 1217,
              "URL": "http://porud755/maximo/webclient/skins-20170809-1350/tivoli09/images/modimg_setup.gif"
            },
            {
              "CompressionType": "",
              "DataType": "text/plain",
              "DownloadTime": 31,
              "EventId": 286,
              "HttpStatus": 200,
              "Size": 39438,
              "URL": "http://porud755/maximo/webclient/skins-20170809-1350/tivoli09/images/maximo-icon.ico"
            },
            {
              "CompressionType": "",
              "DataType": "image/gif",
              "DownloadTime": 46,
              "EventId": 284,
              "HttpStatus": 200,
              "Size": 43,
              "URL": "http://porud755/maximo/webclient/javascript/dojo-20130903-1504/dojo/resources/blank.gif"
            },
            {
              "CompressionType": "",
              "DataType": "application/x-javascript",
              "DownloadTime": 31,
              "EventId": 282,
              "HttpStatus": 200,
              "Size": 2934,
              "URL": "http://porud755/maximo/webclient/javascript/dojo-20130903-1504/dojo/fx/Toggler.js"
            },
            {
              "CompressionType": "",
              "DataType": "application/x-javascript",
              "DownloadTime": 16,
              "EventId": 280,
              "HttpStatus": 200,
              "Size": 12256,
              "URL": "http://porud755/maximo/webclient/javascript/dojo-20130903-1504/dojo/fx.js"
            },
            {
              "CompressionType": "",
              "DataType": "application/x-javascript",
              "DownloadTime": 31,
              "EventId": 278,
              "HttpStatus": 200,
              "Size": 455,
              "URL": "http://porud755/maximo/webclient/javascript/dojo-20130903-1504/dojo/cldr/nls/en/number.js"
            },
            {
              "CompressionType": "",
              "DataType": "image/gif",
              "DownloadTime": 78,
              "EventId": 276,
              "HttpStatus": 200,
              "Size": 3531,
              "URL": "http://porud755/maximo/webclient/skins-20170809-1350/tivoli09/images/wait.gif"
            },
            {
              "CompressionType": "",
              "DataType": "image/gif",
              "DownloadTime": 62,
              "EventId": 274,
              "HttpStatus": 200,
              "Size": 832,
              "URL": "http://porud755/maximo/webclient/skins-20170809-1350/tivoli09/images/blank.gif"
            },
            {
              "CompressionType": "",
              "DataType": "image/png",
              "DownloadTime": 79,
              "EventId": 272,
              "HttpStatus": 200,
              "Size": 205,
              "URL": "http://porud755/maximo/webclient/skins-20170809-1350/tivoli09/images/banner_bkg.png"
            },
            {
              "CompressionType": "",
              "DataType": "image/gif",
              "DownloadTime": 94,
              "EventId": 270,
              "HttpStatus": 200,
              "Size": 853,
              "URL": "http://porud755/maximo/webclient/skins-20170809-1350/tivoli09/images/dialogs/drag_header_middle.gif"
            },
            {
              "CompressionType": "",
              "DataType": "image/png",
              "DownloadTime": 78,
              "EventId": 268,
              "HttpStatus": 200,
              "Size": 15891,
              "URL": "http://porud755/maximo/webclient/skins-20170809-1350/tivoli09/images/banner_swoosh.png"
            },
            {
              "CompressionType": "",
              "DataType": "image/gif",
              "DownloadTime": 93,
              "EventId": 266,
              "HttpStatus": 200,
              "Size": 931,
              "URL": "http://porud755/maximo/webclient/skins-20170809-1350/tivoli09/images/ibm_logo_white.gif"
            },
            {
              "CompressionType": "",
              "DataType": "image/gif",
              "DownloadTime": 125,
              "EventId": 264,
              "HttpStatus": 200,
              "Size": 1092,
              "URL": "http://porud755/maximo/webclient/skins-20170809-1350/tivoli09/images/btn_changecontent.gif"
            },
            {
              "CompressionType": "",
              "DataType": "image/gif",
              "DownloadTime": 203,
              "EventId": 262,
              "HttpStatus": 200,
              "Size": 289,
              "URL": "http://porud755/maximo/webclient/skins-20170809-1350/tivoli09/images/btn_help.gif"
            },
            {
              "CompressionType": "",
              "DataType": "image/gif",
              "DownloadTime": 125,
              "EventId": 260,
              "HttpStatus": 200,
              "Size": 1106,
              "URL": "http://porud755/maximo/webclient/skins-20170809-1350/tivoli09/images/btn_deletetemplate.gif"
            },
            {
              "CompressionType": "",
              "DataType": "image/gif",
              "DownloadTime": 109,
              "EventId": 258,
              "HttpStatus": 200,
              "Size": 1071,
              "URL": "http://porud755/maximo/webclient/skins-20170809-1350/tivoli09/images/btn_cancelchanges.gif"
            },
            {
              "CompressionType": "",
              "DataType": "image/gif",
              "DownloadTime": 94,
              "EventId": 256,
              "HttpStatus": 200,
              "Size": 1122,
              "URL": "http://porud755/maximo/webclient/skins-20170809-1350/tivoli09/images/icon_details.gif"
            },
            {
              "CompressionType": "",
              "DataType": "image/gif",
              "DownloadTime": 94,
              "EventId": 254,
              "HttpStatus": 200,
              "Size": 1107,
              "URL": "http://porud755/maximo/webclient/skins-20170809-1350/tivoli09/images/btn_savetemplate.gif"
            },
            {
              "CompressionType": "",
              "DataType": "application/x-javascript",
              "DownloadTime": 47,
              "EventId": 244,
              "HttpStatus": 200,
              "Size": 137463,
              "URL": "http://porud755/maximo/webclient/javascript/dojo-20130903-1504/layers/mbs/popuplayer.js"
            },
            {
              "CompressionType": "",
              "DataType": "image/gif",
              "DownloadTime": 47,
              "EventId": 241,
              "HttpStatus": 200,
              "Size": 300,
              "URL": "http://porud755/maximo/webclient/skins-20170809-1350/tivoli09/images/btn_signout.gif"
            },
            {
              "CompressionType": "",
              "DataType": "image/gif",
              "DownloadTime": 47,
              "EventId": 238,
              "HttpStatus": 200,
              "Size": 879,
              "URL": "http://porud755/maximo/webclient/skins-20170809-1350/tivoli09/images/btn_profile.gif"
            },
            {
              "CompressionType": "",
              "DataType": "image/gif",
              "DownloadTime": 78,
              "EventId": 235,
              "HttpStatus": 200,
              "Size": 291,
              "URL": "http://porud755/maximo/webclient/skins-20170809-1350/tivoli09/images/btn_startcenter.gif"
            },
            {
              "CompressionType": "",
              "DataType": "image/gif",
              "DownloadTime": 79,
              "EventId": 232,
              "HttpStatus": 200,
              "Size": 932,
              "URL": "http://porud755/maximo/webclient/skins-20170809-1350/tivoli09/images/gotoarrow.gif"
            },
            {
              "CompressionType": "",
              "DataType": "image/gif",
              "DownloadTime": 62,
              "EventId": 229,
              "HttpStatus": 200,
              "Size": 187,
              "URL": "http://porud755/maximo/webclient/skins-20170809-1350/tivoli09/images/btn_reporting.gif"
            },
            {
              "CompressionType": "",
              "DataType": "image/gif",
              "DownloadTime": 31,
              "EventId": 226,
              "HttpStatus": 200,
              "Size": 847,
              "URL": "http://porud755/maximo/webclient/skins-20170809-1350/tivoli09/images/btn_bboard.gif"
            },
            {
              "CompressionType": "",
              "DataType": "image/gif",
              "DownloadTime": 79,
              "EventId": 223,
              "HttpStatus": 200,
              "Size": 2104,
              "URL": "http://porud755/maximo/webclient/skins-20170809-1350/tivoli09/images/appimg_startcntr.gif"
            },
            {
              "CompressionType": "",
              "DataType": "image/gif",
              "DownloadTime": 63,
              "EventId": 220,
              "HttpStatus": 200,
              "Size": 559,
              "URL": "http://porud755/maximo/webclient/skins-20170809-1350/tivoli09/images/information.gif"
            },
            {
              "CompressionType": "",
              "DataType": "application/x-javascript",
              "DownloadTime": 78,
              "EventId": 218,
              "HttpStatus": 200,
              "Size": 12923,
              "URL": "http://porud755/maximo/webclient/javascript/tpae-20170809-1350/dojo_library.js"
            },
            {
              "CompressionType": "",
              "DataType": "application/x-javascript",
              "DownloadTime": 78,
              "EventId": 216,
              "HttpStatus": 200,
              "Size": 130831,
              "URL": "http://porud755/maximo/webclient/javascript/dojo-20130903-1504/dojo/dojo.js"
            },
            {
              "CompressionType": "",
              "DataType": "application/x-javascript",
              "DownloadTime": 78,
              "EventId": 214,
              "HttpStatus": 200,
              "Size": 6238,
              "URL": "http://porud755/maximo/webclient/javascript/dojo-20130903-1504/dojo/window.js"
            },
            {
              "CompressionType": "",
              "DataType": "image/png",
              "DownloadTime": 79,
              "EventId": 212,
              "HttpStatus": 200,
              "Size": 714,
              "URL": "http://porud755/maximo/webclient/skins-20170809-1350/tivoli09/images/async/smartfill.png"
            },
            {
              "CompressionType": "",
              "DataType": "image/png",
              "DownloadTime": 47,
              "EventId": 210,
              "HttpStatus": 200,
              "Size": 609,
              "URL": "http://porud755/maximo/webclient/skins-20170809-1350/tivoli09/images/async/question.png"
            },
            {
              "CompressionType": "",
              "DataType": "image/png",
              "DownloadTime": 47,
              "EventId": 208,
              "HttpStatus": 200,
              "Size": 629,
              "URL": "http://porud755/maximo/webclient/skins-20170809-1350/tivoli09/images/async/warning.png"
            },
            {
              "CompressionType": "",
              "DataType": "image/png",
              "DownloadTime": 62,
              "EventId": 206,
              "HttpStatus": 200,
              "Size": 795,
              "URL": "http://porud755/maximo/webclient/skins-20170809-1350/tivoli09/images/async/error.png"
            },
            {
              "CompressionType": "",
              "DataType": "image/png",
              "DownloadTime": 62,
              "EventId": 204,
              "HttpStatus": 200,
              "Size": 180,
              "URL": "http://porud755/maximo/webclient/skins-20170809-1350/tivoli09/images/async/edited.png"
            },
            {
              "CompressionType": "",
              "DataType": "image/gif",
              "DownloadTime": 141,
              "EventId": 202,
              "HttpStatus": 200,
              "Size": 829,
              "URL": "http://porud755/maximo/webclient/skins-20170809-1350/tivoli09/images/tabs/over.gif"
            },
            {
              "CompressionType": "",
              "DataType": "image/gif",
              "DownloadTime": 46,
              "EventId": 200,
              "HttpStatus": 200,
              "Size": 605,
              "URL": "http://porud755/maximo/webclient/skins-20170809-1350/tivoli09/images/async/working.gif"
            },
            {
              "CompressionType": "",
              "DataType": "image/gif",
              "DownloadTime": 78,
              "EventId": 198,
              "HttpStatus": 200,
              "Size": 845,
              "URL": "http://porud755/maximo/webclient/skins-20170809-1350/tivoli09/images/menus/menusub.gif"
            },
            {
              "CompressionType": "",
              "DataType": "image/gif",
              "DownloadTime": 47,
              "EventId": 196,
              "HttpStatus": 200,
              "Size": 1265,
              "URL": "http://porud755/maximo/webclient/skins-20170809-1350/tivoli09/images/tb_button_highlight.gif"
            },
            {
              "CompressionType": "",
              "DataType": "image/gif",
              "DownloadTime": 78,
              "EventId": 193,
              "HttpStatus": 200,
              "Size": 877,
              "URL": "http://porud755/maximo/webclient/skins-20170809-1350/tivoli09/images/tabs/off.gif"
            },
            {
              "CompressionType": "",
              "DataType": "image/gif",
              "DownloadTime": 62,
              "EventId": 190,
              "HttpStatus": 200,
              "Size": 828,
              "URL": "http://porud755/maximo/webclient/skins-20170809-1350/tivoli09/images/designer/formtabon_selected.gif"
            },
            {
              "CompressionType": "",
              "DataType": "image/gif",
              "DownloadTime": 63,
              "EventId": 188,
              "HttpStatus": 200,
              "Size": 815,
              "URL": "http://porud755/maximo/webclient/skins-20170809-1350/tivoli09/images/tabs/sub_row.gif"
            },
            {
              "CompressionType": "",
              "DataType": "image/gif",
              "DownloadTime": 78,
              "EventId": 186,
              "HttpStatus": 200,
              "Size": 839,
              "URL": "http://porud755/maximo/webclient/skins-20170809-1350/tivoli09/images/tabs/row.gif"
            },
            {
              "CompressionType": "",
              "DataType": "application/x-javascript",
              "DownloadTime": 62,
              "EventId": 182,
              "HttpStatus": 200,
              "Size": 5025,
              "URL": "http://porud755/maximo/webclient/javascript/tpae-20170809-1350/sessiontimer.js"
            },
            {
              "CompressionType": "",
              "DataType": "application/x-javascript",
              "DownloadTime": 47,
              "EventId": 177,
              "HttpStatus": 200,
              "Size": 13089,
              "URL": "http://porud755/maximo/webclient/javascript/tpae-20170809-1350/dataproxy.js"
            },
            {
              "CompressionType": "",
              "DataType": "application/x-javascript",
              "DownloadTime": 78,
              "EventId": 175,
              "HttpStatus": 200,
              "Size": 13566,
              "URL": "http://porud755/maximo/webclient/javascript/tpae-20170809-1350/designer.js"
            },
            {
              "CompressionType": "",
              "DataType": "application/x-javascript",
              "DownloadTime": 47,
              "EventId": 171,
              "HttpStatus": 200,
              "Size": 2454,
              "URL": "http://porud755/maximo/webclient/javascript/tpae-20170809-1350/wfdesign.js"
            },
            {
              "CompressionType": "",
              "DataType": "text/css",
              "DownloadTime": 31,
              "EventId": 165,
              "HttpStatus": 200,
              "Size": 402,
              "URL": "http://porud755/maximo/webclient/skins-20170809-1350/tivoli09/css/extended.css"
            },
            {
              "CompressionType": "",
              "DataType": "application/x-javascript",
              "DownloadTime": 140,
              "EventId": 163,
              "HttpStatus": 200,
              "Size": 156724,
              "URL": "http://porud755/maximo/webclient/javascript/tpae-20170809-1350/library.js"
            },
            {
              "CompressionType": "",
              "DataType": "application/x-javascript",
              "DownloadTime": 78,
              "EventId": 161,
              "HttpStatus": 200,
              "Size": 74613,
              "URL": "http://porud755/maximo/webclient/javascript/tpae-20170809-1350/async.js"
            },
            {
              "CompressionType": "",
              "DataType": "application/x-javascript",
              "DownloadTime": 63,
              "EventId": 158,
              "HttpStatus": 200,
              "Size": 1804,
              "URL": "http://porud755/maximo/webclient/skins-20170809-1350/tivoli09/js/skinlibrary.js"
            },
            {
              "CompressionType": "",
              "DataType": "application/x-javascript",
              "DownloadTime": 125,
              "EventId": 156,
              "HttpStatus": 200,
              "Size": 29484,
              "URL": "http://porud755/maximo/webclient/javascript/tpae-20170809-1350/navsection.js"
            },
            {
              "CompressionType": "",
              "DataType": "application/x-javascript",
              "DownloadTime": 47,
              "EventId": 153,
              "HttpStatus": 200,
              "Size": 284,
              "URL": "http://porud755/maximo/webclient/javascript/tpae-20170809-1350/library_ex.js"
            },
            {
              "CompressionType": "",
              "DataType": "application/x-javascript",
              "DownloadTime": 32,
              "EventId": 150,
              "HttpStatus": 200,
              "Size": 40757,
              "URL": "http://porud755/maximo/webclient/javascript/tpae-20170809-1350/menus.js"
            },
            {
              "CompressionType": "",
              "DataType": "application/x-javascript",
              "DownloadTime": 93,
              "EventId": 146,
              "HttpStatus": 200,
              "Size": 718,
              "URL": "http://porud755/maximo/webclient/javascript/tpae-20170809-1350/prototype.js"
            },
            {
              "CompressionType": "",
              "DataType": "application/x-javascript",
              "DownloadTime": 172,
              "EventId": 141,
              "HttpStatus": 200,
              "Size": 20526,
              "URL": "http://porud755/maximo/webclient/javascript/tpae-20170809-1350/deprecated.js"
            },
            {
              "CompressionType": "",
              "DataType": "application/x-javascript",
              "DownloadTime": 94,
              "EventId": 137,
              "HttpStatus": 200,
              "Size": 1238,
              "URL": "http://porud755/maximo/webclient/javascript/tpae-20170809-1350/constants.js"
            },
            {
              "CompressionType": "",
              "DataType": "application/x-javascript",
              "DownloadTime": 47,
              "EventId": 135,
              "HttpStatus": 200,
              "Size": 7099,
              "URL": "http://porud755/maximo/webclient/javascript/tpae-20170809-1350/browser_library.js"
            },
            {
              "CompressionType": "",
              "DataType": "text/css",
              "DownloadTime": 63,
              "EventId": 131,
              "HttpStatus": 200,
              "Size": 70513,
              "URL": "http://porud755/maximo/webclient/skins-20170809-1350/tivoli09/css/maximo.css"
            },
            {
              "CompressionType": "",
              "DataType": "text/css",
              "DownloadTime": 63,
              "EventId": 128,
              "HttpStatus": 200,
              "Size": 80792,
              "URL": "http://porud755/maximo/webclient/javascript/dojo-20130903-1504/dijit/themes/tundra/tundra.css"
            },
            {
              "CompressionType": "",
              "DataType": "text/css",
              "DownloadTime": 47,
              "EventId": 126,
              "HttpStatus": 200,
              "Size": 1735,
              "URL": "http://porud755/maximo/webclient/javascript/dojo-20130903-1504/dojo/resources/dojo.css"
            },
            {
              "CompressionType": "",
              "DataType": "text/css",
              "DownloadTime": 46,
              "EventId": 124,
              "HttpStatus": 200,
              "Size": 593,
              "URL": "http://porud755/maximo/webclient/javascript/dojo-20130903-1504/dojox/html/resources/ellipsis.css"
            },
            {
              "CompressionType": "",
              "DataType": "text/html",
              "DownloadTime": 3484,
              "EventId": 107,
              "HttpStatus": 200,
              "Size": 59668,
              "URL": "http://porud755/maximo/ui/login"
            },
            {
              "CompressionType": "",
              "DataType": "text/plain",
              "DownloadTime": 46,
              "EventId": 46,
              "HttpStatus": 200,
              "Size": 39438,
              "URL": "http://porud755/maximo/webclient/images/maximo-icon.ico"
            },
            {
              "CompressionType": "",
              "DataType": "image/png",
              "DownloadTime": 78,
              "EventId": 40,
              "HttpStatus": 200,
              "Size": 140,
              "URL": "http://porud755/maximo/webclient/login/images/ge_login_txtbox.png"
            },
            {
              "CompressionType": "",
              "DataType": "image/png",
              "DownloadTime": 62,
              "EventId": 38,
              "HttpStatus": 200,
              "Size": 322,
              "URL": "http://porud755/maximo/webclient/login/images/buttonEnabled_tiv.png"
            },
            {
              "CompressionType": "",
              "DataType": "image/png",
              "DownloadTime": 125,
              "EventId": 35,
              "HttpStatus": 200,
              "Size": 1344,
              "URL": "http://porud755/maximo/webclient/login/images/ge_bkgnd.png"
            },
            {
              "CompressionType": "",
              "DataType": "image/jpeg",
              "DownloadTime": 78,
              "EventId": 33,
              "HttpStatus": 200,
              "Size": 95757,
              "URL": "http://porud755/maximo/webclient/login/images/ge_login_bkgnd.jpg"
            },
            {
              "CompressionType": "",
              "DataType": "image/png",
              "DownloadTime": 31,
              "EventId": 31,
              "HttpStatus": 200,
              "Size": 412,
              "URL": "http://porud755/maximo/webclient/login/images/ge_login_dialog_bkgnd.png"
            },
            {
              "CompressionType": "",
              "DataType": "image/png",
              "DownloadTime": 62,
              "EventId": 28,
              "HttpStatus": 200,
              "Size": 19257,
              "URL": "http://porud755/maximo/webclient/login/images/mx_icon.png"
            },
            {
              "CompressionType": "",
              "DataType": "image/gif",
              "DownloadTime": 63,
              "EventId": 26,
              "HttpStatus": 200,
              "Size": 157,
              "URL": "http://porud755/maximo/webclient/login/images/ibm-logo-white.gif"
            },
            {
              "CompressionType": "",
              "DataType": "text/css",
              "DownloadTime": 78,
              "EventId": 24,
              "HttpStatus": 200,
              "Size": 708,
              "URL": "http://porud755/maximo/webclient/login/css/tivoli09/login.css"
            },
            {
              "CompressionType": "",
              "DataType": "image/png",
              "DownloadTime": 46,
              "EventId": 21,
              "HttpStatus": 200,
              "Size": 872,
              "URL": "http://porud755/maximo/webclient/login/images/tivoli_brandmark.png"
            },
            {
              "CompressionType": "",
              "DataType": "text/css",
              "DownloadTime": 78,
              "EventId": 16,
              "HttpStatus": 200,
              "Size": 2988,
              "URL": "http://porud755/maximo/webclient/login/css/login.css"
            },
            {
              "CompressionType": "",
              "DataType": "text/html",
              "DownloadTime": 640,
              "EventId": 9,
              "HttpStatus": 200,
              "Size": 6918,
              "URL": "http://porud755/maximo/webclient/login/login.jsp"
            }
          ],
          "SSLCipher": "None",
          "SSLVersion": "None"
        }
      ],
      "IncludeInScript": true
    }
  ],
  "WebSocket": {
    "IncludeInScript": false,
    "IsScriptIncludeWebSocket": false
  },
  "NumberOfCorrelations": 7
}