<?xml version="1.0" encoding="UTF-8" ?>
<server_response csrftoken="6k544bfh8i0h8rfj5656r8noj5">
<!-- Begin of the DIALOG -->
<component vis="true" id="mx1852_holder" compid="mx1852" replacemethod="addDialog"><![CDATA[			<div id='mx1852_inner_dialogwait'  class='wait'>&nbsp;</div>
				<table id="mx1852_inner"  role="dialog" aria-labelledby="mx1841" positionAtTop="false" positionX="" positionY="" modal="true" width="200" height="50" class="dsc1 mc modal" border="0" defaultbutton="" control="true" onmousedown='hideAllMenus();'onkeypress="if(hasKeyCode(event,'KEYCODE_ESC')) {sendEvent('dialogcancel','mx1852', null, null); }"ondragstart='return false;' ondblclick="toggleMinimize('mx1852')"  style="visibility:hidden;" cellpadding="0px" cellspacing="0px">
			<tr id="mx1852_content0" aria-live="polite"   style="" valign="top">
				<td id="mx1852_inner_content"  valign="BOTTOM"  style="padding:0px; %>">
<img tabindex="0" alt="" id="lookup_XJOBPRIORITY_first" alt="" onfocus="moveable_onfocus(this);" src="../webclient/skins-20170809-1350/tivoli09/images/blank.gif" width="1" height="1" style="display:inline;margin:0px" firstbuttonid="first"/><table id="mx1846"  width="100%" style="margin:0px;" class="" role="presentation">
			<tr>
				<td id="mx1846_middle"  class="dh mh dhb  " valign="middle" align="left" width="*">
					<table role="presentation" class="" width="100%">
						<tr>
							<td valign="center" align="left" style="padding:0px;white-space:nowrap;" class="dh mh">
								<table role="presentation"  width="100%">
									<tr>
					<td id="mx1846_header_0"  align="left" class="dhbsh" valign="middle" style="padding:0px;white-space:nowrap;" width:100%;></td>
					<td id="mx1846_header_1"  align="left" class="dhbsh" valign="middle" style="padding:0px;white-space:nowrap;" width:100%;><div aria-live="polite" id="mx1841_holder" class="bc"><h1 labelledby="mx1841" style="display:inline" title="Select Value"><label ctype="label"  id="mx1841"    noclick="1"   targetid="mx1841"    class="text dh mh  " style="display:block;padding-left:2px;padding-top:2px;;;;;" title="Select Value">Select Value</label></h1></div></td>
					<td id="mx1846_header_2"   class="dhbsh" valign="middle" style="padding:0px;white-space:nowrap;" width="100%"><div aria-live="polite" id="mx1842_holder" class="bc">	<div id="mx1842" name="mx1842" class="ts dh mh  "  >&nbsp;</div>
</div></td>
					<td id="mx1846_header_3"  align="right" class="dhbsh" valign="middle" style="padding:0px;white-space:nowrap;" width="100%"></td>
					<td id="mx1846_header_4"  align="right" class="dhbsh" valign="middle" style="padding:0px;white-space:nowrap;" width="100%"></td>
					<td id="mx1846_header_5"  align="right" class="dhbsh" valign="middle" style="padding:0px;white-space:nowrap;" width="100%"></td>
								</tr>
								</table>
							</td>
						</tr>
					</table>
				</td>
			</tr>
		</table></td>
			</tr>
			<tr id="mx1852_content1" aria-live="polite"   style="" valign="top">
				<td id="mx1852_inner_content"  valign="BOTTOM"  style="padding:0px; %>">
<table role="presentation" id="mx1851"  class="dialogb" width="100%" style="position:relative;top:0px;margin:0px;" height="100%" ondblclick="cancelEvent(event);">
	<tr>
		<td class="  " style=";padding:0px;" align="">

		<table role="presentation" width="100%"  height="*" ondblclick="cancelEvent(event);">
	<tr>
		<td class="    dss" align="center">
	<div aria-live="polite" id="dialogmessage_holder" class="bc"><label ctype="label"  id="dialogmessage"    noclick="1"   targetid="dialogmessage"  role='alert'    class="text label  label  text  dum" style="display:block;padding-left:2px;padding-top:2px;;;;;" title="">&nbsp;</label></div>
		</td>
	</tr>
</table>
<table role="presentation" width="100%"  height="*" ondblclick="cancelEvent(event);">
	<tr>
		<td class="db    dss" align="">
	
			<div id="lookup_XJOBPRIORITY_bodydiv" class="dbDiv"  onscroll='hideAllMenusNF()'>
	
			<table role="presentation" cellspacing="2" width="100%">
							<tr   control="true" id="mx1895_0"    style="vertical-align:top;">
				<td    nowrap="nowrap"  id="mx1894_0"     valign="top" style="vertical-align:top;">
	<!-- BEGIN Tableouter -->
	<div nowrap id="mx1893_holder" class="tableouter"  style="display:inline;background-color: inherit !important">
	
		<table role="presentation" id="mx1893"  valign="top" summary="" class="  " style="width:100%;border-collapse: collapse;">
				<tr   control="true" id="mx1892_0"    style="vertical-align:top;">
		<td id="mx1876" class="hbouter"  style="padding:0px;;white-space:nowrap;" onkeydown="tableHotkey(event, this);" role="presentation">
			<table cellspacing="0" cellpadding="0" style="width:100%;" class="" role="presentation">
				<tr>
						<td class="h_l"></td>
					<td id="mx1876_header_0"  align="left" class="hb thb   hbsh" valign="middle" style="padding:0px;white-space:nowrap;" width:100%;><div aria-live="polite" id="mx1854_holder" class="bc"></div></td>
					<td id="mx1876_header_1"   class="hb thb   hbsh" valign="middle" style="padding:0px;white-space:nowrap;" width:100%;><div aria-live="polite" id="mx1855_holder" class="bc"><img sf="1" aria-hidden="true" active="0" ctype="image" alt=""  src="../webclient/skins-20170809-1350/tivoli09/images/tablebtn_divider.gif" source="tablebtn_divider.gif" imgtype="" style="display:block;margin:0px" border="0"           id="mx1855" title=""/></div></td>
					<td id="mx1876_header_2"   class="hb thb   hbsh" valign="middle" style="padding:0px;white-space:nowrap;" width:100%;><div aria-live="polite" id="mx1856_holder" class="bc"><a  href="javascript: void(0);" ctype="toggleimage" ev="true" tabindex="0"  compid="mx1856"  title="Close Filter CTRL+Z"><img id="mx1856"  aria-disabled="true" aria-hidden="true"  tabindex="-1" border="0" class="ti   " src="../webclient/skins-20170809-1350/tivoli09/images/tablebtn_filter_on.gif" source="tablebtn_filter_on.gif" imgtype="" ev="true" align="top" style="display:block;margin:0px;"  alt="Close Filter CTRL+Z"  /></a>
</div></td>
					<td id="mx1876_header_3"  align="left" class="hb thb   hbsh" valign="middle" style="padding:0px;white-space:nowrap;" width:100%;><div aria-live="polite" id="mx1857_holder" class="bc"><span ctype="label"  id="mx1857"   tabindex="0"      targetid="mx1857"  mxevent="click"  class="text tht   anchor" style="display:block;padding-left:2px;padding-top:2px;;cursor:pointer;;;;" title="Filter">Filter</span></div></td>
					<td id="mx1876_header_4"   class="hb thb   hbsh" valign="middle" style="padding:0px;white-space:nowrap;" width:100%;><div aria-live="polite" id="mx1858_holder" class="bc"><img sf="1" aria-hidden="true" active="0" ctype="image" alt=""  src="../webclient/skins-20170809-1350/tivoli09/images/img_arrow_quickfilter.gif" source="img_arrow_quickfilter.gif" imgtype="" style="display:block;margin:0px" border="0"           id="mx1858" title=""/></div></td>
					<td id="mx1876_header_5"   class="hb thb   hbsh" valign="middle" style="padding:0px;white-space:nowrap;" width:100%;><div aria-live="polite" id="mx1859_holder" class="bc"><a  href="javascript: void(0);" ctype="toggleimage" ev="true" tabindex="0"  compid="mx1859"  title="Filter Table"><img id="mx1859"  aria-disabled="true" aria-hidden="true"  tabindex="-1" border="0" class="ti   " src="../webclient/skins-20170809-1350/tivoli09/images/qf_find.gif" source="qf_find.gif" imgtype="" ev="true" align="top" style="display:block;margin:0px;"  alt="Filter Table"  /></a>
</div></td>
					<td id="mx1876_header_6"   class="hb thb   hbsh" valign="middle" style="padding:0px;white-space:nowrap;" width:100%;><div aria-live="polite" id="mx1860_holder" class="bc"><img sf="1" aria-hidden="true" active="0" ctype="image" alt=""  src="../webclient/skins-20170809-1350/tivoli09/images/tablebtn_divider.gif" source="tablebtn_divider.gif" imgtype="" style="display:block;margin:0px" border="0"           id="mx1860" title=""/></div></td>
					<td id="mx1876_header_7"   class="hb thb   hbsh" valign="middle" style="padding:0px;white-space:nowrap;" width:100%;><div aria-live="polite" id="mx1861_holder" class="bc"><a ctype="toggleimage" ev="false" tabindex="-1" active="0" compid="mx1861"  title="" disabled="disabled"><img id="mx1861"  aria-disabled="true" aria-hidden="true"  tabindex="-1" border="0" class="ti   opacity_30" src="../webclient/skins-20170809-1350/tivoli09/images/qf_clear_disabled.gif" source="qf_clear_disabled.gif" imgtype="" ev="false" align="top" style="display:block;margin:0px;"  alt=""  /></a>
</div></td>
					<td id="mx1876_header_8"   class="hb thb   hbsh" valign="middle" style="padding:0px;white-space:nowrap;" width:100%;></td>
					<td id="mx1876_header_9"   class="hb thb   hbsh" valign="middle" style="padding:0px;white-space:nowrap;" width:100%;></td>
					<td id="mx1876_header_10"   class="hb thb   hbsh" valign="middle" style="padding:0px;white-space:nowrap;" width:100%;><div aria-live="polite" id="mx1864_holder" class="bc"><img sf="1" aria-hidden="true" active="0" ctype="image" alt=""  src="../webclient/skins-20170809-1350/tivoli09/images/tablebtn_divider.gif" source="tablebtn_divider.gif" imgtype="" style="display:block;margin:0px" border="0"           id="mx1864" title=""/></div></td>
					<td id="mx1876_header_11"   class="hb thb   hbsh" valign="middle" style="padding:0px;white-space:nowrap;" width:100%;><div aria-live="polite" id="mx1865_holder" class="bc"><a ctype="toggleimage" ev="false" tabindex="-1" active="0" compid="mx1865"  title="" disabled="disabled"><img id="mx1865"  aria-disabled="true" aria-hidden="true"  tabindex="-1" border="0" class="ti   opacity_30" src="../webclient/skins-20170809-1350/tivoli09/images/tablebtn_nextup_off.gif" source="tablebtn_nextup_off.gif" imgtype="" ev="false" align="top" style="display:block;margin:0px;"  alt=""  /></a>
</div></td>
					<td id="mx1876_header_12"   class="hb thb   hbsh" valign="middle" style="padding:0px;white-space:nowrap;" width:100%;><div aria-live="polite" id="mx1866_holder" class="bc"><img sf="1" aria-hidden="true" active="0" ctype="image" alt=""  src="../webclient/skins-20170809-1350/tivoli09/images/blank.gif" source="blank.gif" imgtype="" style="display:block;margin:0px" border="0"       width="7px" height="7px"   id="mx1866" title=""/></div></td>
					<td id="mx1876_header_13"   class="hb thb   hbsh" valign="middle" style="padding:0px;white-space:nowrap;" width:100%;><div aria-live="polite" id="mx1867_holder" class="bc"><a  href="javascript: void(0);" ctype="toggleimage" ev="true" tabindex="0"  compid="mx1867"  title="Next Row     [CTRL+Down Arrow]"><img id="mx1867"  aria-disabled="true" aria-hidden="true"  tabindex="-1" border="0" class="ti   " src="../webclient/skins-20170809-1350/tivoli09/images/tablebtn_nextdown_on.gif" source="tablebtn_nextdown_on.gif" imgtype="" ev="true" align="top" style="display:block;margin:0px;"  alt="Next Row     [CTRL+Down Arrow]"  /></a>
</div></td>
					<td id="mx1876_header_14"   class="hb thb   hbsh" valign="middle" style="padding:0px;white-space:nowrap;" width:100%;><div aria-live="polite" id="mx1868_holder" class="bc"><img sf="1" aria-hidden="true" active="0" ctype="image" alt=""  src="../webclient/skins-20170809-1350/tivoli09/images/tablebtn_divider.gif" source="tablebtn_divider.gif" imgtype="" style="display:block;margin:0px" border="0"           id="mx1868" title=""/></div></td>
					<td id="mx1876_header_15"   class="hb thb   hbsh" valign="middle" style="padding:0px;white-space:nowrap;" width:100%;><div aria-live="polite" id="mx1869_holder" class="bc"><a ctype="toggleimage" ev="false" tabindex="-1" active="0" compid="mx1869"  title="" disabled="disabled"><img id="mx1869"  aria-disabled="true" aria-hidden="true"  tabindex="-1" border="0" class="ti   opacity_30" src="../webclient/skins-20170809-1350/tivoli09/images/tablebtn_previous_off.gif" source="tablebtn_previous_off.gif" imgtype="" ev="false" align="top" style="display:block;margin:0px;"  alt=""  /></a>
</div></td>
					<td id="mx1876_header_16"  align="left" class="hb thb   hbsh" valign="middle" style="padding:0px;white-space:nowrap;" width:100%;><div aria-live="polite" id="mx1870_holder" class="bc"><label ctype="label"  id="mx1870"    noclick="1"   targetid="mx1870"    class="text tht  " style="display:block;padding-left:2px;padding-top:2px;;;;;" title="1 - 4 of 4">1 - 4 of 4</label></div></td>
					<td id="mx1876_header_17"   class="hb thb   hbsh" valign="middle" style="padding:0px;white-space:nowrap;" width:100%;><div aria-live="polite" id="mx1871_holder" class="bc"><a ctype="toggleimage" ev="false" tabindex="-1" active="0" compid="mx1871"  title="" disabled="disabled"><img id="mx1871"  aria-disabled="true" aria-hidden="true"  tabindex="-1" border="0" class="ti   opacity_30" src="../webclient/skins-20170809-1350/tivoli09/images/tablebtn_next_off.gif" source="tablebtn_next_off.gif" imgtype="" ev="false" align="top" style="display:block;margin:0px;"  alt=""  /></a>
</div></td>
					<td id="mx1876_header_18"   class="hb thb   hbsh" valign="middle" style="padding:0px;white-space:nowrap;" width="100%"><div aria-live="polite" id="mx1872_holder" class="bc">	<div id="mx1872" name="mx1872" class="text ts  ts  "  >&nbsp;</div>
</div></td>
					<td id="mx1876_header_19"  align="left" class="hb thb   hbsh" valign="middle" style="padding:0px;white-space:nowrap;" width="100%"><div aria-live="polite" id="mx1873_holder" class="bc"><a ctype="label"  id="mx1873"  href="http://porud755/maximo/ui/1526721670623?_tbldnld=xjobpriority&amp;uisessionid=267&amp;csrftoken=6k544bfh8i0h8rfj5656r8noj5" onmouseover="return noStatus();" target="_blank"  noclick="1"   targetid="mx1873"    class="text tht  " style="display:block;;;;;" title="Download"><img id='mx1873_image' src='../webclient/skins-20170809-1350/tivoli09/images/tablebtn_download.gif'  border='0' alt="Download" style='vertical-align:top;margin:0px;margin-left:3px;margin-right:3px;'/><span>Download</span></a></div></td>
					<td id="mx1876_header_20"   class="hb thb   hbsh" valign="middle" style="padding:0px;white-space:nowrap;" width="100%"><div aria-live="polite" id="mx1874_holder" class="bc"><img sf="1" aria-hidden="true" active="0" ctype="image" alt=""  src="../webclient/skins-20170809-1350/tivoli09/images/tablebtn_divider.gif" source="tablebtn_divider.gif" imgtype="" style="display:block;margin:0px" border="0"           id="mx1874" title=""/></div></td>
					<td id="mx1876_header_21"   class="hb thb   hbsh" valign="middle" style="padding:0px;white-space:nowrap;" width="100%"><div aria-live="polite" id="mx1875_holder" class="bc"><a  href="javascript: void(0);" ctype="toggleimage" ev="true" tabindex="0"  compid="mx1875"  title="Hide Table: {0}"><img id="mx1875"  aria-disabled="true" aria-hidden="true"  tabindex="-1" border="0" class="ti   " src="../webclient/skins-20170809-1350/tivoli09/images/minimize.gif" source="minimize.gif" imgtype="" ev="true" align="top" style="display:block;margin:0px;"  alt="Hide Table: {0}"  /></a>
</div></td>
					<td class="h_r"></td>
				</tr>
			</table>
		</td>
				</tr>
				<tr   control="true" id="mx1892_1"    style="vertical-align:top;">
				</tr>
				<tr   control="true" id="mx1892_2"    style="vertical-align:top;">
				<td    nowrap="nowrap"  id="mx1886_0"     valign="top" style="vertical-align:top;"><table role="presentation" control="true" id="mx1885"   width="100%"  class="table  " summary="" onkeydown="tableHotkey(event, this);" style="width:100%;;;vertical-align:top">				<tr   control="true" id="mx1901_0"    style="vertical-align:top;">
				<td    nowrap="nowrap"  id="mx1900_0"   class="tbod " valign="top" style="vertical-align:top;"><div id="mx1899_bodyholder" >
				<div id="mx1899_bodyholder1"  style="width:100%;">
					<table role="grid" id="mx1899" rownum="0" aria-labelledby="mx1854" rowsperpage="20" displayrows="4"  valign="top" summary=""  style="" class="tbod  ">
						<tr>
							<th id="xjobpriority_lookup_tablebody_rowholder" colspan="200" style='display:none'></th>
						</tr>
	<tr aria-invalid="true" role="row" id="mx1917"    class="ttitr   treven" style="display:;">
	<th id="errtitle"></th>	<th role="columnheader" control="true" id="mx1936"    onclick="" style="; " currentrow="false" class="tc    cursor_hand"   ><table role="presentation" id="mx1936_inner" style="display:inline; " >
			<tr>
					<td    nowrap="nowrap"  id="mx1935_0"     valign="top" style="vertical-align:top;"><table role="presentation" control="true" id="mx1934"   width="100%"  class="  " summary=""  style="width:100%;;;vertical-align:top">				<tr   control="true" id="mx1943_0"    style="vertical-align:top;">
				<td    nowrap="nowrap"  id="mx1942_0"     valign="top" style="vertical-align:top;"><div aria-live="polite" id="mx1938_holder" class="bc"><span ctype="sortlabel"  id="mx1938"   tabindex="0"    ev="0"  targetid="mx1938"  mxevent="click"  class="text hcns   anchor" style="padding:0px;padding-left:1px;margin:0px;;cursor:pointer;;;;" title="Job Priority">Job Priority</span></div><div aria-live="polite" id="mx1939_holder" class="bc"><img id="mx1939"  tabindex="-1" border="0" src="../webclient/skins-20170809-1350/tivoli09/images/blank.gif" aria-live="polite" alt="Default Sort" width="0" height="11" align="absmiddle" style="margin:0px;"  />
</div></td>
				</tr>
</table>
</td>
		
				</tr>
			</table></th>
		<th role="columnheader" control="true" id="mx1947"    onclick="" style="; " currentrow="false" class="tc    cursor_hand"   ><table role="presentation" id="mx1947_inner" style="display:inline; " >
			<tr>
					<td    nowrap="nowrap"  id="mx1946_0"     valign="top" style="vertical-align:top;"><table role="presentation" control="true" id="mx1945"   width="100%"  class="  " summary=""  style="width:100%;;;vertical-align:top">				<tr   control="true" id="mx1954_0"    style="vertical-align:top;">
				<td    nowrap="nowrap"  id="mx1953_0"     valign="top" style="vertical-align:top;"><div aria-live="polite" id="mx1949_holder" class="bc"><span ctype="sortlabel"  id="mx1949"   tabindex="0"    ev="1"  targetid="mx1949"  mxevent="click"  class="text hcns   anchor" style="padding:0px;padding-left:1px;margin:0px;;cursor:pointer;;;;" title="Description">Description</span></div><div aria-live="polite" id="mx1950_holder" class="bc"><img id="mx1950"  tabindex="-1" border="0" src="../webclient/skins-20170809-1350/tivoli09/images/blank.gif" aria-live="polite" alt="Default Sort" width="0" height="11" align="absmiddle" style="margin:0px;"  />
</div></td>
				</tr>
</table>
</td>
		
				</tr>
			</table></th>
		<th role="columnheader" control="true" id="mx1958"    onclick="" style="; " currentrow="false" class="tc    cursor_hand"   ><table role="presentation" id="mx1958_inner" style="display:inline; " >
			<tr>
					<td    nowrap="nowrap"  id="mx1957_0"     valign="top" style="vertical-align:top;"><table role="presentation" control="true" id="mx1956"   width="100%"  class="  " summary=""  style="width:100%;;;vertical-align:top">				<tr   control="true" id="mx1965_0"    style="vertical-align:top;">
				<td    nowrap="nowrap"  id="mx1964_0"     valign="top" style="vertical-align:top;"><div aria-live="polite" id="mx1960_holder" class="bc"><span ctype="sortlabel"  id="mx1960"   tabindex="0"    ev="2"  targetid="mx1960"  mxevent="click"  class="text hcns   anchor" style="padding:0px;padding-left:1px;margin:0px;;cursor:pointer;;;;" title="Org Id">Org Id</span></div><div aria-live="polite" id="mx1961_holder" class="bc"><img id="mx1961"  tabindex="-1" border="0" src="../webclient/skins-20170809-1350/tivoli09/images/blank.gif" aria-live="polite" alt="Default Sort" width="0" height="11" align="absmiddle" style="margin:0px;"  />
</div></td>
				</tr>
</table>
</td>
		
				</tr>
			</table></th>
	
	</tr>

	<tr aria-invalid="true" role="row" id="mx1920"  onkeyup="if(tableRowEnterKeyFlag==1 && event.keyCode==KEYCODE_ENTER){sendEvent('filterrows','mx1920','');cancelEvent(event);}" onkeydown="if(event.keyCode == KEYCODE_ENTER) tableRowEnterKeyFlag=1; else tableRowEnterKeyFlag=0;" class="tfr   trodd" style="display:;">
	<td headers="errtitle"></td>	<td role="gridcell" control="true" id="mx1969"    onclick="" style="; " currentrow="false" class="tc    cursor_hand" headers="mx1936"  ><table role="presentation" id="mx1969_inner" style="display:inline; " >
			<tr>
					<td    nowrap="nowrap"  id="mx1968_0"     valign="top" style="vertical-align:top;"><table role="presentation" control="true" id="mx1967"   width="100%"  class="  " summary=""  style="width:100%;;;vertical-align:top">				<tr   control="true" id="mx1977_0"    style="vertical-align:top;">
				<td    nowrap="nowrap"  id="mx1976_0"  align="right"   valign="middle" style="vertical-align:middle;"></td>
				<td    nowrap="nowrap"  id="mx1976_1"     valign="middle" style="vertical-align:middle;"><div aria-live="polite" id="mx1973_holder" class="bc"><input   role="textbox"  id="mx1973" class="fld text tablefilterfield  tt queryField"     ctype="textbox"   li="mx1974"      style=";width:75.0px;"  ontr='true' async='1'  ae="setvalue"    type="text" title="Job Priority filter" value="" ov="" fldInfo='{&quot;query&quot;:true}'/></div><div aria-live="polite" id="mx1974_holder" class="bc"><img sf="1" aria-hidden="true" active="0" ctype="image" alt=""  src="../webclient/skins-20170809-1350/tivoli09/images/blank.gif" source="blank" imgtype=".gif" style="display:inline;margin:0px;" border="0"  lc="mx1973"    align="absmiddle" width='0px' height='26px'   id="mx1974" title=""/></div></td>
				</tr>
</table>
</td>
		
				</tr>
			</table></td>
		<td role="gridcell" control="true" id="mx1981"    onclick="" style="; " currentrow="false" class="tc    cursor_hand" headers="mx1947"  ><table role="presentation" id="mx1981_inner" style="display:inline; " >
			<tr>
					<td    nowrap="nowrap"  id="mx1980_0"     valign="top" style="vertical-align:top;"><table role="presentation" control="true" id="mx1979"   width="100%"  class="  " summary=""  style="width:100%;;;vertical-align:top">				<tr   control="true" id="mx1989_0"    style="vertical-align:top;">
				<td    nowrap="nowrap"  id="mx1988_0"  align="right"   valign="middle" style="vertical-align:middle;"></td>
				<td    nowrap="nowrap"  id="mx1988_1"     valign="middle" style="vertical-align:middle;"><div aria-live="polite" id="mx1985_holder" class="bc"><input   role="textbox"  id="mx1985" class="fld text tablefilterfield  tt queryField"     ctype="textbox"   li="mx1986"      style=";width:300.0px;"  ontr='true' async='1'  ae="setvalue"    type="text" title="Description filter" value="" ov="" fldInfo='{&quot;query&quot;:true}'/></div><div aria-live="polite" id="mx1986_holder" class="bc"><img sf="1" aria-hidden="true" active="0" ctype="image" alt=""  src="../webclient/skins-20170809-1350/tivoli09/images/blank.gif" source="blank" imgtype=".gif" style="display:inline;margin:0px;" border="0"  lc="mx1985"    align="absmiddle" width='0px' height='26px'   id="mx1986" title=""/></div></td>
				</tr>
</table>
</td>
		
				</tr>
			</table></td>
		<td role="gridcell" control="true" id="mx1993"    onclick="" style="; " currentrow="false" class="tc    cursor_hand" headers="mx1958"  ><table role="presentation" id="mx1993_inner" style="display:inline; " >
			<tr>
					<td    nowrap="nowrap"  id="mx1992_0"     valign="top" style="vertical-align:top;"><table role="presentation" control="true" id="mx1991"   width="100%"  class="  " summary=""  style="width:100%;;;vertical-align:top">				<tr   control="true" id="mx2001_0"    style="vertical-align:top;">
				<td    nowrap="nowrap"  id="mx2000_0"  align="right"   valign="middle" style="vertical-align:middle;"></td>
				<td    nowrap="nowrap"  id="mx2000_1"     valign="middle" style="vertical-align:middle;"><div aria-live="polite" id="mx1997_holder" class="bc"><input   role="textbox"  id="mx1997" class="fld text tablefilterfield  tt queryField"     ctype="textbox"   li="mx1998"      style=";width:75.0px;"  ontr='true' async='1'  ae="setvalue"    type="text" title="Org Id filter" value="" ov="" fldInfo='{&quot;query&quot;:true,&quot;eventpriority&quot;:1}'/></div><div aria-live="polite" id="mx1998_holder" class="bc"><img sf="1" aria-hidden="true" active="0" ctype="image" alt=""  src="../webclient/skins-20170809-1350/tivoli09/images/blank.gif" source="blank" imgtype=".gif" style="display:inline;margin:0px;" border="0"  lc="mx1997"    align="absmiddle" width='0px' height='26px'   id="mx1998" title=""/></div></td>
				</tr>
</table>
</td>
		
				</tr>
			</table></td>
	
	</tr>

	<tr aria-invalid="true" role="row" id="mx1923"    class="nrm   treven" aria-hidden="true"  style="display:none;">
	<td headers="errtitle"></td>
	</tr>

	<tr aria-invalid="true" role="row" id="mx1926[R:0]"  current="true"   class="tablerow   tcr trodd" style="display:;">
	<td headers="errtitle"><img id='mx1926[R:0]_er_img' src='../webclient/skins-20170809-1350/tivoli09/images/blank.gif' style='display:none' class='tablerow_blank_icon' title="" alt=""/></td>	<td role="gridcell" control="true" id="mx2013[R:0]"    onmouseover="appendClass(this.parentNode,'trh')" onmouseout="removeClass(this.parentNode,'trh')" onclick="tcClick(event,'mx2013[R:0]')" style="; width:;" currentrow="true" class="tc hl   cursor_hand" headers="mx1936"  ><table role="presentation" id="mx2013[R:0]_inner" style="display:inline; " >
			<tr>
					<td    nowrap="nowrap"  id="mx2012[R:0]_0"     valign="top" style="vertical-align:top;"><table role="presentation" control="true" id="mx2011[R:0]"   width="100%"  class="  " summary=""  style="width:100%;;;vertical-align:top">				<tr   control="true" id="mx2017[R:0]_0"    style="vertical-align:top;">
				<td    nowrap="nowrap"  id="mx2016[R:0]_0"  align="left"   valign="top" style="vertical-align:top;"><div aria-live="polite" id="mx2015[R:0]_holder" class="bc"><span ctype="label"  id="mx2015[R:0]"   tabindex="0"      targetid="mx2015[R:0]"  mxevent="click"  class="text txtbold text label  label   anchor" style="padding:0px;padding-left:1px;margin:0px;;cursor:pointer;;;;" title="P">P</span></div></td>
				</tr>
</table>
</td>
		
				</tr>
			</table></td>
		<td role="gridcell" control="true" id="mx2021[R:0]"    onmouseover="appendClass(this.parentNode,'trh')" onmouseout="removeClass(this.parentNode,'trh')" onclick="tcClick(event,'mx2021[R:0]')" style="; width:;" currentrow="true" class="tc hl   cursor_hand" headers="mx1947"  ><table role="presentation" id="mx2021[R:0]_inner" style="display:inline; " >
			<tr>
					<td    nowrap="nowrap"  id="mx2020[R:0]_0"     valign="top" style="vertical-align:top;"><table role="presentation" control="true" id="mx2019[R:0]"   width="100%"  class="  " summary=""  style="width:100%;;;vertical-align:top">				<tr   control="true" id="mx2025[R:0]_0"    style="vertical-align:top;">
				<td    nowrap="nowrap"  id="mx2024[R:0]_0"  align="left"   valign="top" style="vertical-align:top;"><div aria-live="polite" id="mx2023[R:0]_holder" class="bc">		&nbsp;
</div></td>
				</tr>
</table>
</td>
		
				</tr>
			</table></td>
		<td role="gridcell" control="true" id="mx2029[R:0]"    onmouseover="appendClass(this.parentNode,'trh')" onmouseout="removeClass(this.parentNode,'trh')" onclick="tcClick(event,'mx2029[R:0]')" style="; width:;" currentrow="true" class="tc hl   cursor_hand" headers="mx1958"  ><table role="presentation" id="mx2029[R:0]_inner" style="display:inline; " >
			<tr>
					<td    nowrap="nowrap"  id="mx2028[R:0]_0"     valign="top" style="vertical-align:top;"><table role="presentation" control="true" id="mx2027[R:0]"   width="100%"  class="  " summary=""  style="width:100%;;;vertical-align:top">				<tr   control="true" id="mx2033[R:0]_0"    style="vertical-align:top;">
				<td    nowrap="nowrap"  id="mx2032[R:0]_0"  align="left"   valign="top" style="vertical-align:top;"><div aria-live="polite" id="mx2031[R:0]_holder" class="bc"><span ctype="label"  id="mx2031[R:0]"   tabindex="0"      targetid="mx2031[R:0]"  mxevent="click"  class="text txtbold text label  label   anchor" style="padding:0px;padding-left:1px;margin:0px;;cursor:pointer;;;;" title="SGN">SGN</span></div></td>
				</tr>
</table>
</td>
		
				</tr>
			</table></td>
	
	</tr>

	<tr aria-invalid="true" role="row" id="mx1926[R:1]"    class="tablerow   treven" style="display:;">
	<td headers="errtitle"><img id='mx1926[R:1]_er_img' src='../webclient/skins-20170809-1350/tivoli09/images/blank.gif' style='display:none' class='tablerow_blank_icon' title="" alt=""/></td>	<td role="gridcell" control="true" id="mx2013[R:1]"    onmouseover="appendClass(this.parentNode,'trh')" onmouseout="removeClass(this.parentNode,'trh')" onclick="tcClick(event,'mx2013[R:1]')" style="; width:;" currentrow="false" class="tc hl   cursor_hand" headers="mx1936"  ><table role="presentation" id="mx2013[R:1]_inner" style="display:inline; " >
			<tr>
					<td    nowrap="nowrap"  id="mx2012[R:1]_0"     valign="top" style="vertical-align:top;"><table role="presentation" control="true" id="mx2011[R:1]"   width="100%"  class="  " summary=""  style="width:100%;;;vertical-align:top">				<tr   control="true" id="mx2017[R:1]_0"    style="vertical-align:top;">
				<td    nowrap="nowrap"  id="mx2016[R:1]_0"  align="left"   valign="top" style="vertical-align:top;"><div aria-live="polite" id="mx2015[R:1]_holder" class="bc"><span ctype="label"  id="mx2015[R:1]"   tabindex="0"      targetid="mx2015[R:1]"  mxevent="click"  class="text label  label   anchor" style="padding:0px;padding-left:1px;margin:0px;;cursor:pointer;;;;" title="O">O</span></div></td>
				</tr>
</table>
</td>
		
				</tr>
			</table></td>
		<td role="gridcell" control="true" id="mx2021[R:1]"    onmouseover="appendClass(this.parentNode,'trh')" onmouseout="removeClass(this.parentNode,'trh')" onclick="tcClick(event,'mx2021[R:1]')" style="; width:;" currentrow="false" class="tc hl   cursor_hand" headers="mx1947"  ><table role="presentation" id="mx2021[R:1]_inner" style="display:inline; " >
			<tr>
					<td    nowrap="nowrap"  id="mx2020[R:1]_0"     valign="top" style="vertical-align:top;"><table role="presentation" control="true" id="mx2019[R:1]"   width="100%"  class="  " summary=""  style="width:100%;;;vertical-align:top">				<tr   control="true" id="mx2025[R:1]_0"    style="vertical-align:top;">
				<td    nowrap="nowrap"  id="mx2024[R:1]_0"  align="left"   valign="top" style="vertical-align:top;"><div aria-live="polite" id="mx2023[R:1]_holder" class="bc">		&nbsp;
</div></td>
				</tr>
</table>
</td>
		
				</tr>
			</table></td>
		<td role="gridcell" control="true" id="mx2029[R:1]"    onmouseover="appendClass(this.parentNode,'trh')" onmouseout="removeClass(this.parentNode,'trh')" onclick="tcClick(event,'mx2029[R:1]')" style="; width:;" currentrow="false" class="tc hl   cursor_hand" headers="mx1958"  ><table role="presentation" id="mx2029[R:1]_inner" style="display:inline; " >
			<tr>
					<td    nowrap="nowrap"  id="mx2028[R:1]_0"     valign="top" style="vertical-align:top;"><table role="presentation" control="true" id="mx2027[R:1]"   width="100%"  class="  " summary=""  style="width:100%;;;vertical-align:top">				<tr   control="true" id="mx2033[R:1]_0"    style="vertical-align:top;">
				<td    nowrap="nowrap"  id="mx2032[R:1]_0"  align="left"   valign="top" style="vertical-align:top;"><div aria-live="polite" id="mx2031[R:1]_holder" class="bc"><span ctype="label"  id="mx2031[R:1]"   tabindex="0"      targetid="mx2031[R:1]"  mxevent="click"  class="text label  label   anchor" style="padding:0px;padding-left:1px;margin:0px;;cursor:pointer;;;;" title="SGN">SGN</span></div></td>
				</tr>
</table>
</td>
		
				</tr>
			</table></td>
	
	</tr>

	<tr aria-invalid="true" role="row" id="mx1926[R:2]"    class="tablerow   trodd" style="display:;">
	<td headers="errtitle"><img id='mx1926[R:2]_er_img' src='../webclient/skins-20170809-1350/tivoli09/images/blank.gif' style='display:none' class='tablerow_blank_icon' title="" alt=""/></td>	<td role="gridcell" control="true" id="mx2013[R:2]"    onmouseover="appendClass(this.parentNode,'trh')" onmouseout="removeClass(this.parentNode,'trh')" onclick="tcClick(event,'mx2013[R:2]')" style="; width:;" currentrow="false" class="tc hl   cursor_hand" headers="mx1936"  ><table role="presentation" id="mx2013[R:2]_inner" style="display:inline; " >
			<tr>
					<td    nowrap="nowrap"  id="mx2012[R:2]_0"     valign="top" style="vertical-align:top;"><table role="presentation" control="true" id="mx2011[R:2]"   width="100%"  class="  " summary=""  style="width:100%;;;vertical-align:top">				<tr   control="true" id="mx2017[R:2]_0"    style="vertical-align:top;">
				<td    nowrap="nowrap"  id="mx2016[R:2]_0"  align="left"   valign="top" style="vertical-align:top;"><div aria-live="polite" id="mx2015[R:2]_holder" class="bc"><span ctype="label"  id="mx2015[R:2]"   tabindex="0"      targetid="mx2015[R:2]"  mxevent="click"  class="text label  label   anchor" style="padding:0px;padding-left:1px;margin:0px;;cursor:pointer;;;;" title="U">U</span></div></td>
				</tr>
</table>
</td>
		
				</tr>
			</table></td>
		<td role="gridcell" control="true" id="mx2021[R:2]"    onmouseover="appendClass(this.parentNode,'trh')" onmouseout="removeClass(this.parentNode,'trh')" onclick="tcClick(event,'mx2021[R:2]')" style="; width:;" currentrow="false" class="tc hl   cursor_hand" headers="mx1947"  ><table role="presentation" id="mx2021[R:2]_inner" style="display:inline; " >
			<tr>
					<td    nowrap="nowrap"  id="mx2020[R:2]_0"     valign="top" style="vertical-align:top;"><table role="presentation" control="true" id="mx2019[R:2]"   width="100%"  class="  " summary=""  style="width:100%;;;vertical-align:top">				<tr   control="true" id="mx2025[R:2]_0"    style="vertical-align:top;">
				<td    nowrap="nowrap"  id="mx2024[R:2]_0"  align="left"   valign="top" style="vertical-align:top;"><div aria-live="polite" id="mx2023[R:2]_holder" class="bc">		&nbsp;
</div></td>
				</tr>
</table>
</td>
		
				</tr>
			</table></td>
		<td role="gridcell" control="true" id="mx2029[R:2]"    onmouseover="appendClass(this.parentNode,'trh')" onmouseout="removeClass(this.parentNode,'trh')" onclick="tcClick(event,'mx2029[R:2]')" style="; width:;" currentrow="false" class="tc hl   cursor_hand" headers="mx1958"  ><table role="presentation" id="mx2029[R:2]_inner" style="display:inline; " >
			<tr>
					<td    nowrap="nowrap"  id="mx2028[R:2]_0"     valign="top" style="vertical-align:top;"><table role="presentation" control="true" id="mx2027[R:2]"   width="100%"  class="  " summary=""  style="width:100%;;;vertical-align:top">				<tr   control="true" id="mx2033[R:2]_0"    style="vertical-align:top;">
				<td    nowrap="nowrap"  id="mx2032[R:2]_0"  align="left"   valign="top" style="vertical-align:top;"><div aria-live="polite" id="mx2031[R:2]_holder" class="bc"><span ctype="label"  id="mx2031[R:2]"   tabindex="0"      targetid="mx2031[R:2]"  mxevent="click"  class="text label  label   anchor" style="padding:0px;padding-left:1px;margin:0px;;cursor:pointer;;;;" title="SGN">SGN</span></div></td>
				</tr>
</table>
</td>
		
				</tr>
			</table></td>
	
	</tr>

	<tr aria-invalid="true" role="row" id="mx1926[R:3]"    class="tablerow   treven" style="display:;">
	<td headers="errtitle"><img id='mx1926[R:3]_er_img' src='../webclient/skins-20170809-1350/tivoli09/images/blank.gif' style='display:none' class='tablerow_blank_icon' title="" alt=""/></td>	<td role="gridcell" control="true" id="mx2013[R:3]"    onmouseover="appendClass(this.parentNode,'trh')" onmouseout="removeClass(this.parentNode,'trh')" onclick="tcClick(event,'mx2013[R:3]')" style="; width:;" currentrow="false" class="tc hl   cursor_hand" headers="mx1936"  ><table role="presentation" id="mx2013[R:3]_inner" style="display:inline; " >
			<tr>
					<td    nowrap="nowrap"  id="mx2012[R:3]_0"     valign="top" style="vertical-align:top;"><table role="presentation" control="true" id="mx2011[R:3]"   width="100%"  class="  " summary=""  style="width:100%;;;vertical-align:top">				<tr   control="true" id="mx2017[R:3]_0"    style="vertical-align:top;">
				<td    nowrap="nowrap"  id="mx2016[R:3]_0"  align="left"   valign="top" style="vertical-align:top;"><div aria-live="polite" id="mx2015[R:3]_holder" class="bc"><span ctype="label"  id="mx2015[R:3]"   tabindex="0"      targetid="mx2015[R:3]"  mxevent="click"  class="text label  label   anchor" style="padding:0px;padding-left:1px;margin:0px;;cursor:pointer;;;;" title="C">C</span></div></td>
				</tr>
</table>
</td>
		
				</tr>
			</table></td>
		<td role="gridcell" control="true" id="mx2021[R:3]"    onmouseover="appendClass(this.parentNode,'trh')" onmouseout="removeClass(this.parentNode,'trh')" onclick="tcClick(event,'mx2021[R:3]')" style="; width:;" currentrow="false" class="tc hl   cursor_hand" headers="mx1947"  ><table role="presentation" id="mx2021[R:3]_inner" style="display:inline; " >
			<tr>
					<td    nowrap="nowrap"  id="mx2020[R:3]_0"     valign="top" style="vertical-align:top;"><table role="presentation" control="true" id="mx2019[R:3]"   width="100%"  class="  " summary=""  style="width:100%;;;vertical-align:top">				<tr   control="true" id="mx2025[R:3]_0"    style="vertical-align:top;">
				<td    nowrap="nowrap"  id="mx2024[R:3]_0"  align="left"   valign="top" style="vertical-align:top;"><div aria-live="polite" id="mx2023[R:3]_holder" class="bc">		&nbsp;
</div></td>
				</tr>
</table>
</td>
		
				</tr>
			</table></td>
		<td role="gridcell" control="true" id="mx2029[R:3]"    onmouseover="appendClass(this.parentNode,'trh')" onmouseout="removeClass(this.parentNode,'trh')" onclick="tcClick(event,'mx2029[R:3]')" style="; width:;" currentrow="false" class="tc hl   cursor_hand" headers="mx1958"  ><table role="presentation" id="mx2029[R:3]_inner" style="display:inline; " >
			<tr>
					<td    nowrap="nowrap"  id="mx2028[R:3]_0"     valign="top" style="vertical-align:top;"><table role="presentation" control="true" id="mx2027[R:3]"   width="100%"  class="  " summary=""  style="width:100%;;;vertical-align:top">				<tr   control="true" id="mx2033[R:3]_0"    style="vertical-align:top;">
				<td    nowrap="nowrap"  id="mx2032[R:3]_0"  align="left"   valign="top" style="vertical-align:top;"><div aria-live="polite" id="mx2031[R:3]_holder" class="bc"><span ctype="label"  id="mx2031[R:3]"   tabindex="0"      targetid="mx2031[R:3]"  mxevent="click"  class="text label  label   anchor" style="padding:0px;padding-left:1px;margin:0px;;cursor:pointer;;;;" title="SGN">SGN</span></div></td>
				</tr>
</table>
</td>
		
				</tr>
			</table></td>
	
	</tr>

	<tr aria-invalid="true" role="row" id="mx1932"    class="tablerow   troddtsr" aria-hidden="true"  style="display:none;">
					<td role='gridcell'    colspan='100' nowrap="nowrap"  id="mx1931_0"  align="left" class="tsrs " valign="middle" style="vertical-align:middle;"><div aria-live="polite" id="mx1930_holder" class="bc"><a  href="javascript: void(0);" ctype="toggleimage" ev="false" tabindex="0"  compid="mx1930"  title="Select Specific Records"><img id="mx1930"  aria-disabled="true" aria-hidden="true"  tabindex="-1" border="0" class="ti toggleselectcheckbox  " src="../webclient/skins-20170809-1350/tivoli09/images/table_cb_unchecked.gif" source="table_cb_unchecked" imgtype=".gif" ev="false" align="top" style="display:inline;margin:0px;"  alt="Select Specific Records"  /></a>
		&nbsp;<span id="mx1930_label"  class="text">Select Records</span>
</div></td>

	</tr>

						</table>
					</div>
				</div></td>
				</tr>
</table>
</td>
				</tr>
				<tr   control="true" id="mx1892_3"    style="vertical-align:top;">
				</tr>
		</table>
	
	</div>
<!-- END Tableouter -->
</td>
				</tr>

			</table>
			
			</div>
	
		</td>
	</tr>
</table>
<table role="presentation" width="100%" class="dbottom" height="*" ondblclick="cancelEvent(event);">
	<tr>
		<td class="    dss" align="right">
	
			<table role="presentation" cellspacing="2" width="100%">
							<tr   control="true" id="mx1912_0"    style="vertical-align:top;">

<td colspan="7" height="0" align="right" id="mx1911"  style=";white-space: nowrap;" class="invisbuttongroup">
	<div style="width:100%;;">
		<table id="mx1911_table"  summary="" role="group">
			<tr>
			<td align="right" style="white-space: nowrap;">
<div aria-live="polite" id="mx1914_holder" class="bc">
		<button ctype="pushbutton"      control="true" id="mx1914"  class="text pb default"  style="">Cancel</button></div>			</td>
			</tr>
		</table>
	</div>
</td>
				</tr>

			</table>
			
		</td>
	</tr>
</table>

		</td>
	</tr>
</table>

<img tabindex="0" labelid="mx1841" alt="" id="lookup_XJOBPRIORITY_last" onfocus="moveable_onfocus(this);" src="../webclient/skins-20170809-1350/tivoli09/images/blank.gif" width="1" height="1" lastbuttonid="mx1914"></td>
			</tr>
		</table>
		<script>
			window.setTimeout("_initDialog('mx1852','lookup_XJOBPRIORITY',-1,true)", 50);
		</script>
]]></component>

<deferredscript><![CDATA[scrollScreen('0','0');focusItem('mx1973',true);resetLogoutTimer(true);if(tpaeConfig.validationOn) {setButtonEnabled(saveButton,true)};]]></deferredscript></server_response>