<?xml version="1.0" encoding="UTF-8" ?>
<server_response csrftoken="6k544bfh8i0h8rfj5656r8noj5">
	<component id="mx7482_holder"><![CDATA[<script>
		var el = document.getElementById("mx7482");
		if(el)
		{
			el.style.display="";
		}
	</script>]]></component>

			<component id="mx7510_holder"><![CDATA[<script>
		var el = document.getElementById("mx7510");
		if(el)
		{
			el.style.display="";
		}
	</script>]]></component>
<component vis="true" id="mx7509_holder" compid="mx7509"><![CDATA[<a  href="javascript: void(0);" ctype="toggleimage" ev="true" tabindex="0"  compid="mx7509"  title="Minimize Section"><img id="mx7509"  aria-disabled="true" aria-hidden="true"  tabindex="-1" border="0" class="ti   " src="../webclient/skins-20170809-1350/tivoli09/images/minimize.gif" source="minimize.gif" imgtype="" ev="true" align="top" style="display:block;margin:0px;"  alt="Minimize Section"  /></a>
]]></component>
<component vis="true" id="mx7546_holder" compid="mx7546"><![CDATA[<label ctype="label"  id="mx7546"    noclick="1"   targetid="mx7546"    class="text label  label  " style="display:block;padding-left:2px;padding-top:2px;;;;;" for="mx7548" title="New Status"><img class='required_label' width='8px' height='8px' align='absmiddle' border='0' src='../webclient/skins-20170809-1350/tivoli09/images/required_label.gif' alt=''/>New Status:</label>]]></component>
<component vis="true" id="mx7548_holder" compid="mx7548"><![CDATA[<input  aria-required="true"  role="combobox" aria-autocomplete="none"  id="mx7548" class="fld text cbt  ibfld fld_req"     ctype="textbox"   li="mx7549" liclick="1"    maxlength="16" style=";width:75.0px;"      sue="1"  readonly="readonly" type="text" title="New Status: Accept / Acknowledge" value="Accept / Acknowledge" ov="Accept / Acknowledge" work="1" fldInfo='{&quot;length&quot;:&quot;16&quot;,&quot;inttype&quot;:&quot;1&quot;,&quot;eventpriority&quot;:1,&quot;required&quot;:true}'/>]]></component>
	<compvalue id="mx7548"><![CDATA[Accept / Acknowledge]]></compvalue>
<component vis="true" id="mx7549_holder" compid="mx7549"><![CDATA[<img sf="1"   ctype="image" alt="Drop-down image"  src="../webclient/skins-20170809-1350/tivoli09/images/IE_dropdown.gif" source="IE_dropdown" imgtype=".gif" style="cursor:default;display:inline;margin:0px" border="0"  lc="mx7548"  class="di " align="absmiddle"    ev="combobox" id="mx7549" tabindex="-1" title="Drop-down image"/>]]></component>
		<component id="mx7600_holder"><![CDATA[<script>
		addLoadMethod("updateDisplay('mx7600','')");
		</script>]]></component>

		<finalscript><![CDATA[
			makeDialogScroll('mx7488','status',-1);
		]]></finalscript>
<deferredscript><![CDATA[focusItem('mx7548',true);scrollScreen('0','0');resetLogoutTimer(true);if(tpaeConfig.validationOn) {setButtonEnabled(saveButton,false)};]]></deferredscript></server_response>