<?xml version="1.0" encoding="UTF-8" ?>
<server_response csrftoken="6k544bfh8i0h8rfj5656r8noj5">
<component id="mx28_holder" role="alert" ><![CDATA[
		<script>
	
			// IV37703 - Titlebar message not displaying for full timeout
			//addLoadMethod("showMessage(0, 'BMXAA4591I - Status change(s) completed successfully.', false);");
			addLoadMethod("showMessage(0, \"BMXAA4591I - Status change(s) completed successfully.\", false);");  // RTC defect # 92784
	
		</script>
	]]></component>	<component id="mx2838_holder"><![CDATA[<script>
		var el = document.getElementById("mx2838");
		if(el)
		{
			el.style.display="";
		}
	</script>]]></component>
<component vis="true" id="mx2912_holder" compid="mx2912"><![CDATA[<input  aria-readonly="true"  role="textbox"  id="mx2912" class="fld text   fld fld_ro"     ctype="textbox"   li="mx2913"     maxlength="16" style=";width:75.0px;"   async='1'  ae="setvalue"  tabindex="-1" readonly="readonly" type="text" title="Status: ACCEPT" value="ACCEPT" ov="ACCEPT" work="1" fldInfo='{&quot;length&quot;:&quot;16&quot;,&quot;inttype&quot;:&quot;1&quot;,&quot;required&quot;:true}'/>]]></component>
	<compvalue id="mx2912"><![CDATA[ACCEPT]]></compvalue>
	<component id="mx2940_holder"><![CDATA[<script>
		var el = document.getElementById("mx2940");
		if(el)
		{
			el.style.display="";
		}
	</script>]]></component>
<component vis="true" id="mx2921_holder" compid="mx2921"><![CDATA[<span ctype="label"  id="mx2921"   tabindex="0"      targetid="mx2921"  mxevent="click"  class="text tht   anchor" style="display:block;padding-left:2px;padding-top:2px;;cursor:pointer;;;;" title="Filter">Filter</span>]]></component>
<component vis="true" id="mx2934_holder" compid="mx2934"><![CDATA[<label ctype="label"  id="mx2934"    noclick="1"   targetid="mx2934"    class="text tht  " style="display:block;padding-left:2px;padding-top:2px;;;;;" title="0 - 0 of 0">0 - 0 of 0</label>]]></component>
<component vis="true" id="mx2936_holder" compid="mx2936"><![CDATA[	<div id="mx2936" name="mx2936" class="text ts  ts  "  >&nbsp;</div>
]]></component>
<component vis="true" id="mx2937_holder" compid="mx2937"><![CDATA[<a ctype="label" disabled='disabled' id="mx2937"  href="Javascript: void(0);"  noclick="1"   targetid="mx2937"    class="text tht  " style="display:block;;;color:#C0C0C0;;" title="Download"><img id='mx2937_image' src='../webclient/skins-20170809-1350/tivoli09/images/tablebtn_download_off.gif'  border='0' alt="Download" style='vertical-align:top;margin:0px;margin-left:3px;margin-right:3px;'/><span>Download</span></a>]]></component>
<component vis="true" id="mx2978_holder" compid="mx2978" holder="mx2978_bodyholder"><![CDATA[
				<div id="mx2978_bodyholder1"  style="width:100%;">
					<table role="grid" id="mx2978" rownum="-1" aria-labelledby="mx2918" rowsperpage="5" displayrows="0"  valign="top" summary="Children of Work Order W114594080"  style="display:none" class="tbod  ">
						<tr>
							<th id="plans_children_table_tablebody_rowholder" colspan="200" style='display:none'></th>
						</tr>
						</table>
					</div>
				]]></component>

	<component id="mx3025_holder"><![CDATA[<script>
        el = document.getElementById("mx3025");
        if(el)
        {
            
			el.style.display="none";
			el.setAttribute("aria-hidden" , "true");
			el.setAttribute("rownum", "-1" );
		}
		el = document.getElementById("mx3025_inner");
		if(el)
		{
				el.style.display="none";
				el.setAttribute("aria-hidden" , "true");
		}
	</script>]]></component>
		<component id="mx3325_holder"><![CDATA[<script>
		addLoadMethod("updateDisplay('mx3325','none')");
		</script>]]></component>
	<component id="mx3358_holder"><![CDATA[<script>
		var el = document.getElementById("mx3358");
		if(el)
		{
			el.style.display="";
		}
	</script>]]></component>
<component vis="true" id="mx3339_holder" compid="mx3339"><![CDATA[<span ctype="label"  id="mx3339"   tabindex="0"      targetid="mx3339"  mxevent="click"  class="text tht   anchor" style="display:block;padding-left:2px;padding-top:2px;;cursor:pointer;;;;" title="Filter">Filter</span>]]></component>
<component vis="true" id="mx3352_holder" compid="mx3352"><![CDATA[<label ctype="label"  id="mx3352"    noclick="1"   targetid="mx3352"    class="text tht  " style="display:block;padding-left:2px;padding-top:2px;;;;;" title="0 - 0 of 0">0 - 0 of 0</label>]]></component>
<component vis="true" id="mx3354_holder" compid="mx3354"><![CDATA[	<div id="mx3354" name="mx3354" class="text ts  ts  "  >&nbsp;</div>
]]></component>
<component vis="true" id="mx3355_holder" compid="mx3355"><![CDATA[<a ctype="label" disabled='disabled' id="mx3355"  href="Javascript: void(0);"  noclick="1"   targetid="mx3355"    class="text tht  " style="display:block;;;color:#C0C0C0;;" title="Download"><img id='mx3355_image' src='../webclient/skins-20170809-1350/tivoli09/images/tablebtn_download_off.gif'  border='0' alt="Download" style='vertical-align:top;margin:0px;margin-left:3px;margin-right:3px;'/><span>Download</span></a>]]></component>
<component vis="true" id="mx3396_holder" compid="mx3396" holder="mx3396_bodyholder"><![CDATA[
				<div id="mx3396_bodyholder1"  style="width:100%;">
					<table role="grid" id="mx3396" rownum="-1" aria-labelledby="mx3336" rowsperpage="6" displayrows="0"  valign="top" summary="Tasks for Work Order W114594080"  style="" class="tbod  ">
						<tr>
							<th id="plans_task_table_tablebody_rowholder" colspan="200" style='display:none'></th>
						</tr>
	<tr aria-invalid="true" role="row" id="mx5193"    class="ttitr   treven" style="display:;">
	<th id="errtitle"></th>	<th role="columnheader" control="true" id="mx5212"    onclick="" style="; " currentrow="false" class="tc    cursor_hand"   ><table role="presentation" id="mx5212_inner" style="display:inline; " >
			<tr>
					<td    nowrap="nowrap"  id="mx5211_0"     valign="top" style="vertical-align:top;"><table role="presentation" control="true" id="mx5210"   width="100%"  class="  " summary=""  style="width:100%;;;vertical-align:top">				<tr   control="true" id="mx5216_0"    style="vertical-align:top;">
				<td   colspan='3' nowrap="nowrap"  id="mx5215_0"  align="right"   valign="top" style="vertical-align:top;"><div aria-live="polite" id="mx5214_holder" class="bc">		&nbsp;
</div></td>
				</tr>
</table>
</td>
		
				</tr>
			</table></th>
		<th role="columnheader" control="true" id="mx5220"    onclick="" style="; " currentrow="false" class="tc    cursor_hand"   ><table role="presentation" id="mx5220_inner" style="display:inline; margin-right:3px " align="right"  >
			<tr>
					<td    nowrap="nowrap"  id="mx5219_0"     valign="top" style="vertical-align:top;"><table role="presentation" control="true" id="mx5218"   width="100%"  class="  " summary=""  style="width:100%;;;vertical-align:top">				<tr   control="true" id="mx5227_0"    style="vertical-align:top;">
				<td    nowrap="nowrap"  id="mx5226_0"     valign="top" style="vertical-align:top;"><div aria-live="polite" id="mx5222_holder" class="bc"><span ctype="sortlabel"  id="mx5222"   tabindex="0"    ev="1"  targetid="mx5222"  mxevent="click"  class="text hcns   anchor" style="padding:0px;padding-left:1px;margin:0px;;cursor:pointer;;;;" title="Sequence">Sequence</span></div><div aria-live="polite" id="mx5223_holder" class="bc"><img id="mx5223"  tabindex="-1" border="0" src="../webclient/skins-20170809-1350/tivoli09/images/col_sort_asc.gif" aria-live="polite" alt="Sort Ascending" width="11" height="11" align="absmiddle" style="margin:0px;"  />
</div></td>
				</tr>
</table>
</td>
		
				</tr>
			</table></th>
		<th role="columnheader" control="true" id="mx5231"    onclick="" style="; " currentrow="false" class="tc    cursor_hand"   ><table role="presentation" id="mx5231_inner" style="display:inline; margin-right:3px " align="right"  >
			<tr>
					<td    nowrap="nowrap"  id="mx5230_0"     valign="top" style="vertical-align:top;"><table role="presentation" control="true" id="mx5229"   width="100%"  class="  " summary=""  style="width:100%;;;vertical-align:top">				<tr   control="true" id="mx5238_0"    style="vertical-align:top;">
				<td    nowrap="nowrap"  id="mx5237_0"     valign="top" style="vertical-align:top;"><div aria-live="polite" id="mx5233_holder" class="bc"><span ctype="sortlabel"  id="mx5233"   tabindex="0"    ev="2"  targetid="mx5233"  mxevent="click"  class="text hcns   anchor" style="padding:0px;padding-left:1px;margin:0px;;cursor:pointer;;;;" title="Task">Task</span></div><div aria-live="polite" id="mx5234_holder" class="bc"><img id="mx5234"  tabindex="-1" border="0" src="../webclient/skins-20170809-1350/tivoli09/images/blank.gif" aria-live="polite" alt="Default Sort" width="0" height="11" align="absmiddle" style="margin:0px;"  />
</div></td>
				</tr>
</table>
</td>
		
				</tr>
			</table></th>
		<th role="columnheader" control="true" id="mx5242"    onclick="" style="; " currentrow="false" class="tc    cursor_hand"   ><table role="presentation" id="mx5242_inner" style="display:inline; " >
			<tr>
					<td    nowrap="nowrap"  id="mx5241_0"     valign="top" style="vertical-align:top;"><table role="presentation" control="true" id="mx5240"   width="100%"  class="  " summary=""  style="width:100%;;;vertical-align:top">				<tr   control="true" id="mx5249_0"    style="vertical-align:top;">
				<td    nowrap="nowrap"  id="mx5248_0"     valign="top" style="vertical-align:top;"><div aria-live="polite" id="mx5244_holder" class="bc"><span ctype="sortlabel"  id="mx5244"   tabindex="0"    ev="3"  targetid="mx5244"  mxevent="click"  class="text hcns   anchor" style="padding:0px;padding-left:1px;margin:0px;;cursor:pointer;;;;" title="Summary">Summary</span></div><div aria-live="polite" id="mx5245_holder" class="bc"><img id="mx5245"  tabindex="-1" border="0" src="../webclient/skins-20170809-1350/tivoli09/images/blank.gif" aria-live="polite" alt="Default Sort" width="0" height="11" align="absmiddle" style="margin:0px;"  />
</div></td>
				</tr>
</table>
</td>
		
				</tr>
			</table></th>
		<th role="columnheader" control="true" id="mx5253"    onclick="" style="; " currentrow="false" class="tc    cursor_hand"   ><table role="presentation" id="mx5253_inner" style="display:inline; margin-right:3px " align="right"  >
			<tr>
					<td    nowrap="nowrap"  id="mx5252_0"     valign="top" style="vertical-align:top;"><table role="presentation" control="true" id="mx5251"   width="100%"  class="  " summary=""  style="width:100%;;;vertical-align:top">				<tr   control="true" id="mx5260_0"    style="vertical-align:top;">
				<td    nowrap="nowrap"  id="mx5259_0"     valign="top" style="vertical-align:top;"><div aria-live="polite" id="mx5255_holder" class="bc"><span ctype="sortlabel"  id="mx5255"   tabindex="0"    ev="4"  targetid="mx5255"  mxevent="click"  class="text hcns   anchor" style="padding:0px;padding-left:1px;margin:0px;;cursor:pointer;;;;" title="Estimated Duration">Estimated Duration</span></div><div aria-live="polite" id="mx5256_holder" class="bc"><img id="mx5256"  tabindex="-1" border="0" src="../webclient/skins-20170809-1350/tivoli09/images/blank.gif" aria-live="polite" alt="Default Sort" width="0" height="11" align="absmiddle" style="margin:0px;"  />
</div></td>
				</tr>
</table>
</td>
		
				</tr>
			</table></th>
		<th role="columnheader" control="true" id="mx5264"    onclick="" style="; " currentrow="false" class="tc    cursor_hand"   ><table role="presentation" id="mx5264_inner" style="display:inline; " >
			<tr>
					<td    nowrap="nowrap"  id="mx5263_0"     valign="top" style="vertical-align:top;"><table role="presentation" control="true" id="mx5262"   width="100%"  class="  " summary=""  style="width:100%;;;vertical-align:top">				<tr   control="true" id="mx5271_0"    style="vertical-align:top;">
				<td    nowrap="nowrap"  id="mx5270_0"     valign="top" style="vertical-align:top;"><div aria-live="polite" id="mx5266_holder" class="bc"><span ctype="sortlabel"  id="mx5266"   tabindex="0"    ev="5"  targetid="mx5266"  mxevent="click"  class="text hcns   anchor" style="padding:0px;padding-left:1px;margin:0px;;cursor:pointer;;;;" title="Status">Status</span></div><div aria-live="polite" id="mx5267_holder" class="bc"><img id="mx5267"  tabindex="-1" border="0" src="../webclient/skins-20170809-1350/tivoli09/images/blank.gif" aria-live="polite" alt="Default Sort" width="0" height="11" align="absmiddle" style="margin:0px;"  />
</div></td>
				</tr>
</table>
</td>
		
				</tr>
			</table></th>
		<th role="columnheader" control="true" id="mx5275"    onclick="" style="; " currentrow="false" class="tc    cursor_hand"   ><table role="presentation" id="mx5275_inner" style="display:inline; " >
			<tr>
					<td    nowrap="nowrap"  id="mx5274_0"     valign="top" style="vertical-align:top;"><table role="presentation" control="true" id="mx5273"   width="100%"  class="  " summary=""  style="width:100%;;;vertical-align:top">				<tr   control="true" id="mx5279_0"    style="vertical-align:top;">
				<td    nowrap="nowrap"  id="mx5278_0"     valign="top" style="vertical-align:top;"><div aria-live="polite" id="mx5277_holder" class="bc"><img sf="1" aria-hidden="true" active="0" ctype="image" alt=""  src="../webclient/skins-20170809-1350/tivoli09/images/blank.gif" source="blank" imgtype=".gif" style="display:inline;margin:0px;" border="0"      align="absmiddle" width='0px' height='26px'   id="mx5277" title=""/></div></td>
				</tr>
</table>
</td>
		
				</tr>
			</table></th>
		<th role="columnheader" control="true" id="mx5283"    onclick="" style="; " currentrow="false" class="tc    cursor_hand"   ><table role="presentation" id="mx5283_inner" style="display:inline; " >
			<tr>
					<td    nowrap="nowrap"  id="mx5282_0"     valign="top" style="vertical-align:top;"><table role="presentation" control="true" id="mx5281"   width="100%"  class="  " summary=""  style="width:100%;;;vertical-align:top">				<tr   control="true" id="mx5287_0"    style="vertical-align:top;">
				<td    nowrap="nowrap"  id="mx5286_0"     valign="top" style="vertical-align:top;"><div aria-live="polite" id="mx5285_holder" class="bc"><img sf="1" aria-hidden="true" active="0" ctype="image" alt=""  src="../webclient/skins-20170809-1350/tivoli09/images/blank.gif" source="blank" imgtype=".gif" style="display:inline;margin:0px;" border="0"      align="absmiddle" width='0px' height='26px'   id="mx5285" title=""/></div></td>
				</tr>
</table>
</td>
		
				</tr>
			</table></th>
	
	</tr>

	<tr aria-invalid="true" role="row" id="mx5196"  onkeyup="if(tableRowEnterKeyFlag==1 && event.keyCode==KEYCODE_ENTER){sendEvent('filterrows','mx5196','');cancelEvent(event);}" onkeydown="if(event.keyCode == KEYCODE_ENTER) tableRowEnterKeyFlag=1; else tableRowEnterKeyFlag=0;" class="tfr   trodd" aria-hidden="true"  style="display:none;">
	<td headers="errtitle"></td>	<td role="gridcell" control="true" id="mx5291"    onclick="" style="; " currentrow="false" class="tc    cursor_hand" headers="mx5212"  ><br/><table role="presentation" id="mx5291_inner" style="display:none;; " >
			<tr>
					<td    nowrap="nowrap"  id="mx5290_0"     valign="top" style="vertical-align:top;display:none;"><table role="presentation" control="true" id="mx5289"   width="100%"  class="  " summary=""  style="width:100%;;;vertical-align:top">				<tr   control="true" id="mx5295_0"    style="vertical-align:top;display:none;">
				<td    nowrap="nowrap"  id="mx5294_0"     valign="top" style="vertical-align:top;display:none;"><div aria-live="polite" id="mx5293_holder" class="bc" style="display:none">	<div id="mx5293" name="mx5293" class="  "  >&nbsp;</div>
</div></td>
				</tr>
</table>
</td>
		
				</tr>
			</table></td>
		<td role="gridcell" control="true" id="mx5299"    onclick="" style="; " currentrow="false" class="tc    cursor_hand" headers="mx5220"  ><br/><table role="presentation" id="mx5299_inner" style="display:none;; margin-right:3px " align="right"  >
			<tr>
					<td    nowrap="nowrap"  id="mx5298_0"     valign="top" style="vertical-align:top;display:none;"><table role="presentation" control="true" id="mx5297"   width="100%"  class="  " summary=""  style="width:100%;;;vertical-align:top">				<tr   control="true" id="mx5307_0"    style="vertical-align:top;display:none;">
				<td    nowrap="nowrap"  id="mx5306_0"  align="right"   valign="middle" style="vertical-align:middle;display:none;"></td>
				<td    nowrap="nowrap"  id="mx5306_1"     valign="middle" style="vertical-align:middle;display:none;"><div aria-live="polite" id="mx5303_holder" class="bc" style="display:none"><input   role="textbox"  id="mx5303" class="fld text tablefilterfield  tt queryField"     ctype="textbox"  dir="ltr" li="mx5304"      style="padding-right:2px;text-align: right;;width:70.0px;"  ontr='true' async='1'  ae="setvalue"    type="text" title="Sequence filter" value="" ov="" fldInfo='{&quot;query&quot;:true,&quot;eventpriority&quot;:1}'/></div><div aria-live="polite" id="mx5304_holder" class="bc" style="display:none"><img sf="1" aria-hidden="true" active="0" ctype="image" alt=""  src="../webclient/skins-20170809-1350/tivoli09/images/blank.gif" source="blank" imgtype=".gif" style="display:inline;margin:0px;" border="0"  lc="mx5303"    align="absmiddle" width='0px' height='26px'   id="mx5304" title=""/></div></td>
				</tr>
</table>
</td>
		
				</tr>
			</table></td>
		<td role="gridcell" control="true" id="mx5311"    onclick="" style="; " currentrow="false" class="tc    cursor_hand" headers="mx5231"  ><br/><table role="presentation" id="mx5311_inner" style="display:none;; margin-right:3px " align="right"  >
			<tr>
					<td    nowrap="nowrap"  id="mx5310_0"     valign="top" style="vertical-align:top;display:none;"><table role="presentation" control="true" id="mx5309"   width="100%"  class="  " summary=""  style="width:100%;;;vertical-align:top">				<tr   control="true" id="mx5319_0"    style="vertical-align:top;display:none;">
				<td    nowrap="nowrap"  id="mx5318_0"  align="right"   valign="middle" style="vertical-align:middle;display:none;"></td>
				<td    nowrap="nowrap"  id="mx5318_1"     valign="middle" style="vertical-align:middle;display:none;"><div aria-live="polite" id="mx5315_holder" class="bc" style="display:none"><input   role="textbox"  id="mx5315" class="fld text tablefilterfield  tt queryField"     ctype="textbox"  dir="ltr" li="mx5316"      style="padding-right:2px;text-align: right;;width:70.0px;"  ontr='true' async='1'  ae="setvalue"    type="text" title="Task filter" value="" ov="" fldInfo='{&quot;query&quot;:true,&quot;eventpriority&quot;:1}'/></div><div aria-live="polite" id="mx5316_holder" class="bc" style="display:none"><img sf="1" aria-hidden="true" active="0" ctype="image" alt=""  src="../webclient/skins-20170809-1350/tivoli09/images/blank.gif" source="blank" imgtype=".gif" style="display:inline;margin:0px;" border="0"  lc="mx5315"    align="absmiddle" width='0px' height='26px'   id="mx5316" title=""/></div></td>
				</tr>
</table>
</td>
		
				</tr>
			</table></td>
		<td role="gridcell" control="true" id="mx5323"    onclick="" style="; " currentrow="false" class="tc    cursor_hand" headers="mx5242"  ><br/><table role="presentation" id="mx5323_inner" style="display:none;; " >
			<tr>
					<td    nowrap="nowrap"  id="mx5322_0"     valign="top" style="vertical-align:top;display:none;"><table role="presentation" control="true" id="mx5321"   width="100%"  class="  " summary=""  style="width:100%;;;vertical-align:top">				<tr   control="true" id="mx5331_0"    style="vertical-align:top;display:none;">
				<td    nowrap="nowrap"  id="mx5330_0"  align="right"   valign="middle" style="vertical-align:middle;display:none;"></td>
				<td    nowrap="nowrap"  id="mx5330_1"     valign="middle" style="vertical-align:middle;display:none;"><div aria-live="polite" id="mx5327_holder" class="bc" style="display:none"><input   role="textbox"  id="mx5327" class="fld text tablefilterfield  tt queryField"     ctype="textbox"   li="mx5328"      style=";width:300.0px;"  ontr='true' async='1'  ae="setvalue"    type="text" title="Summary filter" value="" ov="" fldInfo='{&quot;query&quot;:true,&quot;lookup&quot;:&quot;longdesc&quot;}'/></div><div aria-live="polite" id="mx5328_holder" class="bc" style="display:none"><img sf="1" aria-hidden="true" active="0" ctype="image" alt=""  src="../webclient/skins-20170809-1350/tivoli09/images/blank.gif" source="blank" imgtype=".gif" style="display:inline;margin:0px;" border="0"  lc="mx5327"    align="absmiddle" width='0px' height='26px'   id="mx5328" title=""/></div></td>
				</tr>
</table>
</td>
		
				</tr>
			</table></td>
		<td role="gridcell" control="true" id="mx5335"    onclick="" style="; " currentrow="false" class="tc    cursor_hand" headers="mx5253"  ><br/><table role="presentation" id="mx5335_inner" style="display:none;; margin-right:3px " align="right"  >
			<tr>
					<td    nowrap="nowrap"  id="mx5334_0"     valign="top" style="vertical-align:top;display:none;"><table role="presentation" control="true" id="mx5333"   width="100%"  class="  " summary=""  style="width:100%;;;vertical-align:top">				<tr   control="true" id="mx5343_0"    style="vertical-align:top;display:none;">
				<td    nowrap="nowrap"  id="mx5342_0"  align="right"   valign="middle" style="vertical-align:middle;display:none;"></td>
				<td    nowrap="nowrap"  id="mx5342_1"     valign="middle" style="vertical-align:middle;display:none;"><div aria-live="polite" id="mx5339_holder" class="bc" style="display:none"><input   role="textbox"  id="mx5339" class="fld text tablefilterfield  tt queryField"     ctype="textbox"  dir="ltr" li="mx5340"      style="padding-right:2px;text-align: right;;width:70.0px;"  ontr='true' async='1'  ae="setvalue"    type="text" title="Estimated Duration filter" value="" ov="" fldInfo='{&quot;query&quot;:true}'/></div><div aria-live="polite" id="mx5340_holder" class="bc" style="display:none"><img sf="1" aria-hidden="true" active="0" ctype="image" alt=""  src="../webclient/skins-20170809-1350/tivoli09/images/blank.gif" source="blank" imgtype=".gif" style="display:inline;margin:0px;" border="0"  lc="mx5339"    align="absmiddle" width='0px' height='26px'   id="mx5340" title=""/></div></td>
				</tr>
</table>
</td>
		
				</tr>
			</table></td>
		<td role="gridcell" control="true" id="mx5347"    onclick="" style="; " currentrow="false" class="tc    cursor_hand" headers="mx5264"  ><br/><table role="presentation" id="mx5347_inner" style="display:none;; " >
			<tr>
					<td    nowrap="nowrap"  id="mx5346_0"     valign="top" style="vertical-align:top;display:none;"><table role="presentation" control="true" id="mx5345"   width="100%"  class="  " summary=""  style="width:100%;;;vertical-align:top">				<tr   control="true" id="mx5355_0"    style="vertical-align:top;display:none;">
				<td    nowrap="nowrap"  id="mx5354_0"  align="right"   valign="middle" style="vertical-align:middle;display:none;"></td>
				<td    nowrap="nowrap"  id="mx5354_1"     valign="middle" style="vertical-align:middle;display:none;"><div aria-live="polite" id="mx5351_holder" class="bc" style="display:none"><input   role="textbox"  id="mx5351" class="fld text tablefilterfield  tt queryField"     ctype="textbox"   li="mx5352"      style=";width:75.0px;"  ontr='true' async='1'  ae="setvalue"    type="text" title="Status filter" value="" ov="" fldInfo='{&quot;query&quot;:true}'/></div><div aria-live="polite" id="mx5352_holder" class="bc" style="display:none"><img sf="1" aria-hidden="true" active="0" ctype="image" alt=""  src="../webclient/skins-20170809-1350/tivoli09/images/blank.gif" source="blank" imgtype=".gif" style="display:inline;margin:0px;" border="0"  lc="mx5351"    align="absmiddle" width='0px' height='26px'   id="mx5352" title=""/></div></td>
				</tr>
</table>
</td>
		
				</tr>
			</table></td>
		<td role="gridcell" control="true" id="mx5359"    onclick="" style="; " currentrow="false" class="tc    cursor_hand" headers="mx5275"  ><br/><table role="presentation" id="mx5359_inner" style="display:none;; " >
			<tr>
					<td    nowrap="nowrap"  id="mx5358_0"     valign="top" style="vertical-align:top;display:none;"><table role="presentation" control="true" id="mx5357"   width="100%"  class="  " summary=""  style="width:100%;;;vertical-align:top">				<tr   control="true" id="mx5363_0"    style="vertical-align:top;display:none;">
				<td    nowrap="nowrap"  id="mx5362_0"     valign="top" style="vertical-align:top;display:none;"><div aria-live="polite" id="mx5361_holder" class="bc" style="display:none"><img sf="1"  active="0" ctype="image" alt=""  src="../webclient/skins-20170809-1350/tivoli09/images/blank.gif" source="blank.gif" imgtype="" style="cursor:default;display:@display;margin:0px;margin-top:2px;margin-left:2px;" border="0"           id="mx5361" title=""/></div></td>
				</tr>
</table>
</td>
		
				</tr>
			</table></td>
		<td role="gridcell" control="true" id="mx5367"    onclick="" style="; " currentrow="false" class="tc    cursor_hand" headers="mx5283"  ><br/><table role="presentation" id="mx5367_inner" style="display:none;; " >
			<tr>
					<td    nowrap="nowrap"  id="mx5366_0"     valign="top" style="vertical-align:top;display:none;"><table role="presentation" control="true" id="mx5365"   width="100%"  class="  " summary=""  style="width:100%;;;vertical-align:top">				<tr   control="true" id="mx5371_0"    style="vertical-align:top;display:none;">
				<td    nowrap="nowrap"  id="mx5370_0"     valign="top" style="vertical-align:top;display:none;"><div aria-live="polite" id="mx5369_holder" class="bc" style="display:none"><img sf="1"  active="0" ctype="image" alt=""  src="../webclient/skins-20170809-1350/tivoli09/images/blank.gif" source="blank.gif" imgtype="" style="cursor:default;display:@display;margin:0px;margin-top:2px;margin-left:2px;" border="0"           id="mx5369" title=""/></div></td>
				</tr>
</table>
</td>
		
				</tr>
			</table></td>
	
	</tr>

	<tr aria-invalid="true" role="row" id="mx5199"    class="nrm   treven" style="display:;">
	<td headers="errtitle"></td>	<td role="gridcell" control="true" id="mx5375"  colspan="8"  onclick="" style="; " currentrow="false" class="tc    cursor_hand"   align="middle"><table role="presentation" id="mx5375_inner" style="display:inline; " >
			<tr>
					<td    nowrap="nowrap"  id="mx5374_0"     valign="top" style="vertical-align:top;"><table role="presentation" control="true" id="mx5373"   width="100%"  class="  " summary=""  style="width:100%;;;vertical-align:top">				<tr   control="true" id="mx5379_0"    style="vertical-align:top;">
				<td   colspan='3' nowrap="nowrap"  id="mx5378_0"  align="right"   valign="top" style="vertical-align:top;"><div aria-live="polite" id="mx5377_holder" class="bc"><label ctype="label"  id="mx5377"    noclick="1"   targetid="mx5377"    class="text nrm  nrm  " style="display:block;padding-left:2px;padding-top:2px;;;;;" title="...No rows to display...">...No rows to display...</label></div></td>
				</tr>
</table>
</td>
		
				</tr>
			</table></td>
	
	</tr>

	<tr aria-invalid="true" role="row" id="mx5208"    class="tablerow   troddtsr" aria-hidden="true"  style="display:none;">
					<td role='gridcell'    colspan='100' nowrap="nowrap"  id="mx5207_0"  align="left" class="tsrs " valign="middle" style="vertical-align:middle;"><div aria-live="polite" id="mx5206_holder" class="bc"><a  href="javascript: void(0);" ctype="toggleimage" ev="false" tabindex="0"  compid="mx5206"  title="Select Specific Records"><img id="mx5206"  aria-disabled="true" aria-hidden="true"  tabindex="-1" border="0" class="ti toggleselectcheckbox  " src="../webclient/skins-20170809-1350/tivoli09/images/table_cb_unchecked.gif" source="table_cb_unchecked" imgtype=".gif" ev="false" align="top" style="display:inline;margin:0px;"  alt="Select Specific Records"  /></a>
		&nbsp;<span id="mx5206_label"  class="text">Select Records</span>
</div></td>

	</tr>

						</table>
					</div>
				]]></component>

	<component id="mx3417_holder"><![CDATA[<script>
        el = document.getElementById("mx3417");
        if(el)
        {
            
			el.style.display="none";
			el.setAttribute("aria-hidden" , "true");
			el.setAttribute("rownum", "-1" );
		}
		el = document.getElementById("mx3417_inner");
		if(el)
		{
				el.style.display="none";
				el.setAttribute("aria-hidden" , "true");
		}
	</script>]]></component>
		<component id="mx3784_holder"><![CDATA[<script>
		addLoadMethod("updateDisplay('mx3784','')");
		</script>]]></component>
	<component id="mx3822_holder"><![CDATA[<script>
		var el = document.getElementById("mx3822");
		if(el)
		{
			el.style.display="";
		}
	</script>]]></component>
<component vis="true" id="mx3803_holder" compid="mx3803"><![CDATA[<span ctype="label"  id="mx3803"   tabindex="0"      targetid="mx3803"  mxevent="click"  class="text tht   anchor" style="display:block;padding-left:2px;padding-top:2px;;cursor:pointer;;;;" title="Filter">Filter</span>]]></component>
<component vis="true" id="mx3816_holder" compid="mx3816"><![CDATA[<label ctype="label"  id="mx3816"    noclick="1"   targetid="mx3816"    class="text tht  " style="display:block;padding-left:2px;padding-top:2px;;;;;" title="1 - 1 of 1">1 - 1 of 1</label>]]></component>
<component vis="true" id="mx3818_holder" compid="mx3818"><![CDATA[	<div id="mx3818" name="mx3818" class="text ts  ts  "  >&nbsp;</div>
]]></component>
<component vis="true" id="mx3819_holder" compid="mx3819"><![CDATA[<a ctype="label"  id="mx3819"  href="http://porud755/maximo/ui/1526722286723?_tbldnld=plans_plans_labor_labor_table&amp;uisessionid=267&amp;csrftoken=6k544bfh8i0h8rfj5656r8noj5" onmouseover="return noStatus();" target="_blank"  noclick="1"   targetid="mx3819"    class="text tht  " style="display:block;;;;;" title="Download"><img id='mx3819_image' src='../webclient/skins-20170809-1350/tivoli09/images/tablebtn_download.gif'  border='0' alt="Download" style='vertical-align:top;margin:0px;margin-left:3px;margin-right:3px;'/><span>Download</span></a>]]></component>
<component vis="true" id="mx3845_holder" compid="mx3845" holder="mx3845_bodyholder"><![CDATA[
				<div id="mx3845_bodyholder1"  style="width:100%;">
					<table role="grid" id="mx3845" rownum="0" aria-labelledby="mx3800" rowsperpage="6" displayrows="1"  valign="top" summary="Labor"  style="" class="tbod  ">
						<tr>
							<th id="plans_plans_labor_labor_table_tablebody_rowholder" colspan="200" style='display:none'></th>
						</tr>
	<tr aria-invalid="true" role="row" id="mx5529"    class="ttitr   treven" style="display:;">
	<th id="errtitle"></th>	<th role="columnheader" control="true" id="mx5548"    onclick="" style="; " currentrow="false" class="tc    cursor_hand"   ><table role="presentation" id="mx5548_inner" style="display:inline; " >
			<tr>
					<td    nowrap="nowrap"  id="mx5547_0"     valign="top" style="vertical-align:top;"><table role="presentation" control="true" id="mx5546"   width="100%"  class="  " summary=""  style="width:100%;;;vertical-align:top">				<tr   control="true" id="mx5552_0"    style="vertical-align:top;">
				<td   colspan='3' nowrap="nowrap"  id="mx5551_0"  align="right"   valign="top" style="vertical-align:top;"><div aria-live="polite" id="mx5550_holder" class="bc">		&nbsp;
</div></td>
				</tr>
</table>
</td>
		
				</tr>
			</table></th>
		<th role="columnheader" control="true" id="mx5556"    onclick="" style="; " currentrow="false" class="tc    cursor_hand"   ><table role="presentation" id="mx5556_inner" style="display:inline; margin-right:3px " align="right"  >
			<tr>
					<td    nowrap="nowrap"  id="mx5555_0"     valign="top" style="vertical-align:top;"><table role="presentation" control="true" id="mx5554"   width="100%"  class="  " summary=""  style="width:100%;;;vertical-align:top">				<tr   control="true" id="mx5563_0"    style="vertical-align:top;">
				<td    nowrap="nowrap"  id="mx5562_0"     valign="top" style="vertical-align:top;"><div aria-live="polite" id="mx5558_holder" class="bc"><label ctype="sortlabel"  id="mx5558"    noclick="1"   targetid="mx5558"    class="text ct  " style="padding:0px;padding-left:1px;margin:0px;;;;;" title="Task">Task</label></div><div aria-live="polite" id="mx5559_holder" class="bc"><img id="mx5559"  tabindex="-1" border="0" src="../webclient/skins-20170809-1350/tivoli09/images/blank.gif" aria-live="polite" alt="Default Sort" width="0" height="11" align="absmiddle" style="margin:0px;"  />
</div><div aria-live="polite" id="mx5560_holder" class="bc"><img sf="1" aria-hidden="true" active="0" ctype="image" alt=""  src="../webclient/skins-20170809-1350/tivoli09/images/blank.gif" source="blank.gif" imgtype="" style="display:inline;margin:0px;margin-top:2px;margin-left:2px;" border="0"    class="lookupspacer "  width="14" height="2"   id="mx5560" title=""/></div></td>
				</tr>
</table>
</td>
		
				</tr>
			</table></th>
		<th role="columnheader" control="true" id="mx5567"    onclick="" style="; " currentrow="false" class="tc    cursor_hand"   ><table role="presentation" id="mx5567_inner" style="display:inline; " >
			<tr>
					<td    nowrap="nowrap"  id="mx5566_0"     valign="top" style="vertical-align:top;"><table role="presentation" control="true" id="mx5565"   width="100%"  class="  " summary=""  style="width:100%;;;vertical-align:top">				<tr   control="true" id="mx5574_0"    style="vertical-align:top;">
				<td    nowrap="nowrap"  id="mx5573_0"     valign="top" style="vertical-align:top;"><div aria-live="polite" id="mx5569_holder" class="bc"><span ctype="sortlabel"  id="mx5569"   tabindex="0"    ev="2"  targetid="mx5569"  mxevent="click"  class="text hcns   anchor" style="padding:0px;padding-left:1px;margin:0px;;cursor:pointer;;;;" title="Craft">Craft</span></div><div aria-live="polite" id="mx5570_holder" class="bc"><img id="mx5570"  tabindex="-1" border="0" src="../webclient/skins-20170809-1350/tivoli09/images/blank.gif" aria-live="polite" alt="Default Sort" width="0" height="11" align="absmiddle" style="margin:0px;"  />
</div></td>
				</tr>
</table>
</td>
		
				</tr>
			</table></th>
		<th role="columnheader" control="true" id="mx5578"    onclick="" style="; " currentrow="false" class="tc    cursor_hand"   ><table role="presentation" id="mx5578_inner" style="display:inline; " >
			<tr>
					<td    nowrap="nowrap"  id="mx5577_0"     valign="top" style="vertical-align:top;"><table role="presentation" control="true" id="mx5576"   width="100%"  class="  " summary=""  style="width:100%;;;vertical-align:top">				<tr   control="true" id="mx5585_0"    style="vertical-align:top;">
				<td    nowrap="nowrap"  id="mx5584_0"     valign="top" style="vertical-align:top;"><div aria-live="polite" id="mx5580_holder" class="bc"><span ctype="sortlabel"  id="mx5580"   tabindex="0"    ev="3"  targetid="mx5580"  mxevent="click"  class="text hcns   anchor" style="padding:0px;padding-left:1px;margin:0px;;cursor:pointer;;;;" title="Skill Level">Skill Level</span></div><div aria-live="polite" id="mx5581_holder" class="bc"><img id="mx5581"  tabindex="-1" border="0" src="../webclient/skins-20170809-1350/tivoli09/images/blank.gif" aria-live="polite" alt="Default Sort" width="0" height="11" align="absmiddle" style="margin:0px;"  />
</div></td>
				</tr>
</table>
</td>
		
				</tr>
			</table></th>
		<th role="columnheader" control="true" id="mx5589"    onclick="" style="; " currentrow="false" class="tc    cursor_hand"   ><table role="presentation" id="mx5589_inner" style="display:inline; " >
			<tr>
					<td    nowrap="nowrap"  id="mx5588_0"     valign="top" style="vertical-align:top;"><table role="presentation" control="true" id="mx5587"   width="100%"  class="  " summary=""  style="width:100%;;;vertical-align:top">				<tr   control="true" id="mx5596_0"    style="vertical-align:top;">
				<td    nowrap="nowrap"  id="mx5595_0"     valign="top" style="vertical-align:top;"><div aria-live="polite" id="mx5591_holder" class="bc"><span ctype="sortlabel"  id="mx5591"   tabindex="0"    ev="4"  targetid="mx5591"  mxevent="click"  class="text hcns   anchor" style="padding:0px;padding-left:1px;margin:0px;;cursor:pointer;;;;" title="Vendor">Vendor</span></div><div aria-live="polite" id="mx5592_holder" class="bc"><img id="mx5592"  tabindex="-1" border="0" src="../webclient/skins-20170809-1350/tivoli09/images/blank.gif" aria-live="polite" alt="Default Sort" width="0" height="11" align="absmiddle" style="margin:0px;"  />
</div></td>
				</tr>
</table>
</td>
		
				</tr>
			</table></th>
		<th role="columnheader" control="true" id="mx5600"    onclick="" style="; " currentrow="false" class="tc    cursor_hand"   ><table role="presentation" id="mx5600_inner" style="display:inline; margin-right:3px " align="right"  >
			<tr>
					<td    nowrap="nowrap"  id="mx5599_0"     valign="top" style="vertical-align:top;"><table role="presentation" control="true" id="mx5598"   width="100%"  class="  " summary=""  style="width:100%;;;vertical-align:top">				<tr   control="true" id="mx5607_0"    style="vertical-align:top;">
				<td    nowrap="nowrap"  id="mx5606_0"     valign="top" style="vertical-align:top;"><div aria-live="polite" id="mx5602_holder" class="bc"><span ctype="sortlabel"  id="mx5602"   tabindex="0"    ev="5"  targetid="mx5602"  mxevent="click"  class="text hcns   anchor" style="padding:0px;padding-left:1px;margin:0px;;cursor:pointer;;;;" title="Quantity">Quantity</span></div><div aria-live="polite" id="mx5603_holder" class="bc"><img id="mx5603"  tabindex="-1" border="0" src="../webclient/skins-20170809-1350/tivoli09/images/blank.gif" aria-live="polite" alt="Default Sort" width="0" height="11" align="absmiddle" style="margin:0px;"  />
</div></td>
				</tr>
</table>
</td>
		
				</tr>
			</table></th>
		<th role="columnheader" control="true" id="mx5611"    onclick="" style="; " currentrow="false" class="tc    cursor_hand"   ><table role="presentation" id="mx5611_inner" style="display:inline; " >
			<tr>
					<td    nowrap="nowrap"  id="mx5610_0"     valign="top" style="vertical-align:top;"><table role="presentation" control="true" id="mx5609"   width="100%"  class="  " summary=""  style="width:100%;;;vertical-align:top">				<tr   control="true" id="mx5618_0"    style="vertical-align:top;">
				<td    nowrap="nowrap"  id="mx5617_0"     valign="top" style="vertical-align:top;"><div aria-live="polite" id="mx5613_holder" class="bc"><span ctype="sortlabel"  id="mx5613"   tabindex="0"    ev="6"  targetid="mx5613"  mxevent="click"  class="text hcns   anchor" style="padding:0px;padding-left:1px;margin:0px;;cursor:pointer;;;;" title="Labor">Labor</span></div><div aria-live="polite" id="mx5614_holder" class="bc"><img id="mx5614"  tabindex="-1" border="0" src="../webclient/skins-20170809-1350/tivoli09/images/blank.gif" aria-live="polite" alt="Default Sort" width="0" height="11" align="absmiddle" style="margin:0px;"  />
</div></td>
				</tr>
</table>
</td>
		
				</tr>
			</table></th>
		<th role="columnheader" control="true" id="mx5622"    onclick="" style="; " currentrow="false" class="tc    cursor_hand"   ><table role="presentation" id="mx5622_inner" style="display:inline; margin-right:3px " align="right"  >
			<tr>
					<td    nowrap="nowrap"  id="mx5621_0"     valign="top" style="vertical-align:top;"><table role="presentation" control="true" id="mx5620"   width="100%"  class="  " summary=""  style="width:100%;;;vertical-align:top">				<tr   control="true" id="mx5629_0"    style="vertical-align:top;">
				<td    nowrap="nowrap"  id="mx5628_0"     valign="top" style="vertical-align:top;"><div aria-live="polite" id="mx5624_holder" class="bc"><span ctype="sortlabel"  id="mx5624"   tabindex="0"    ev="7"  targetid="mx5624"  mxevent="click"  class="text hcns   anchor" style="padding:0px;padding-left:1px;margin:0px;;cursor:pointer;;;;" title="Regular Hours">Regular Hours</span></div><div aria-live="polite" id="mx5625_holder" class="bc"><img id="mx5625"  tabindex="-1" border="0" src="../webclient/skins-20170809-1350/tivoli09/images/blank.gif" aria-live="polite" alt="Default Sort" width="0" height="11" align="absmiddle" style="margin:0px;"  />
</div></td>
				</tr>
</table>
</td>
		
				</tr>
			</table></th>
		<th role="columnheader" control="true" id="mx5633"    onclick="" style="; " currentrow="false" class="tc    cursor_hand"   ><table role="presentation" id="mx5633_inner" style="display:inline; margin-right:3px " align="right"  >
			<tr>
					<td    nowrap="nowrap"  id="mx5632_0"     valign="top" style="vertical-align:top;"><table role="presentation" control="true" id="mx5631"   width="100%"  class="  " summary=""  style="width:100%;;;vertical-align:top">				<tr   control="true" id="mx5640_0"    style="vertical-align:top;">
				<td    nowrap="nowrap"  id="mx5639_0"     valign="top" style="vertical-align:top;"><div aria-live="polite" id="mx5635_holder" class="bc"><label ctype="sortlabel"  id="mx5635"    noclick="1"   targetid="mx5635"    class="text ct  " style="padding:0px;padding-left:1px;margin:0px;;;;;" title="Rate">Rate</label></div><div aria-live="polite" id="mx5636_holder" class="bc"><img id="mx5636"  tabindex="-1" border="0" src="../webclient/skins-20170809-1350/tivoli09/images/blank.gif" aria-live="polite" alt="Default Sort" width="0" height="11" align="absmiddle" style="margin:0px;"  />
</div></td>
				</tr>
</table>
</td>
		
				</tr>
			</table></th>
		<th role="columnheader" control="true" id="mx5644"    onclick="" style="; " currentrow="false" class="tc    cursor_hand"   ><table role="presentation" id="mx5644_inner" style="display:inline; margin-right:3px " align="right"  >
			<tr>
					<td    nowrap="nowrap"  id="mx5643_0"     valign="top" style="vertical-align:top;"><table role="presentation" control="true" id="mx5642"   width="100%"  class="  " summary=""  style="width:100%;;;vertical-align:top">				<tr   control="true" id="mx5651_0"    style="vertical-align:top;">
				<td    nowrap="nowrap"  id="mx5650_0"     valign="top" style="vertical-align:top;"><div aria-live="polite" id="mx5646_holder" class="bc"><label ctype="sortlabel"  id="mx5646"    noclick="1"   targetid="mx5646"    class="text ct  " style="padding:0px;padding-left:1px;margin:0px;;;;;" title="Line Cost">Line Cost</label></div><div aria-live="polite" id="mx5647_holder" class="bc"><img id="mx5647"  tabindex="-1" border="0" src="../webclient/skins-20170809-1350/tivoli09/images/blank.gif" aria-live="polite" alt="Default Sort" width="0" height="11" align="absmiddle" style="margin:0px;"  />
</div></td>
				</tr>
</table>
</td>
		
				</tr>
			</table></th>
		<th role="columnheader" control="true" id="mx5655"    onclick="" style="; " currentrow="false" class="tc    cursor_hand"   ><table role="presentation" id="mx5655_inner" style="display:inline; " >
			<tr>
					<td    nowrap="nowrap"  id="mx5654_0"     valign="top" style="vertical-align:top;"><table role="presentation" control="true" id="mx5653"   width="100%"  class="  " summary=""  style="width:100%;;;vertical-align:top">				<tr   control="true" id="mx5659_0"    style="vertical-align:top;">
				<td    nowrap="nowrap"  id="mx5658_0"     valign="top" style="vertical-align:top;"><div aria-live="polite" id="mx5657_holder" class="bc"><img sf="1" aria-hidden="true" active="0" ctype="image" alt=""  src="../webclient/skins-20170809-1350/tivoli09/images/blank.gif" source="blank" imgtype=".gif" style="display:inline;margin:0px;" border="0"      align="absmiddle" width='0px' height='26px'   id="mx5657" title=""/></div></td>
				</tr>
</table>
</td>
		
				</tr>
			</table></th>
	
	</tr>

	<tr aria-invalid="true" role="row" id="mx5532"  onkeyup="if(tableRowEnterKeyFlag==1 && event.keyCode==KEYCODE_ENTER){sendEvent('filterrows','mx5532','');cancelEvent(event);}" onkeydown="if(event.keyCode == KEYCODE_ENTER) tableRowEnterKeyFlag=1; else tableRowEnterKeyFlag=0;" class="tfr   trodd" aria-hidden="true"  style="display:none;">
	<td headers="errtitle"></td>	<td role="gridcell" control="true" id="mx5663"    onclick="" style="; " currentrow="false" class="tc    cursor_hand" headers="mx5548"  ><br/><table role="presentation" id="mx5663_inner" style="display:none;; " >
			<tr>
					<td    nowrap="nowrap"  id="mx5662_0"     valign="top" style="vertical-align:top;display:none;"><table role="presentation" control="true" id="mx5661"   width="100%"  class="  " summary=""  style="width:100%;;;vertical-align:top">				<tr   control="true" id="mx5667_0"    style="vertical-align:top;display:none;">
				<td    nowrap="nowrap"  id="mx5666_0"     valign="top" style="vertical-align:top;display:none;"><div aria-live="polite" id="mx5665_holder" class="bc" style="display:none">	<div id="mx5665" name="mx5665" class="  "  >&nbsp;</div>
</div></td>
				</tr>
</table>
</td>
		
				</tr>
			</table></td>
		<td role="gridcell" control="true" id="mx5671"    onclick="" style="; " currentrow="false" class="tc    cursor_hand" headers="mx5556"  ><br/><table role="presentation" id="mx5671_inner" style="display:none;; margin-right:3px " align="right"  >
			<tr>
					<td    nowrap="nowrap"  id="mx5670_0"     valign="top" style="vertical-align:top;display:none;"><table role="presentation" control="true" id="mx5669"   width="100%"  class="  " summary=""  style="width:100%;;;vertical-align:top">				<tr   control="true" id="mx5675_0"    style="vertical-align:top;display:none;">
				<td    nowrap="nowrap"  id="mx5674_0"     valign="top" style="vertical-align:top;display:none;"><div aria-live="polite" id="mx5673_holder" class="bc" style="display:none">	<div id="mx5673" name="mx5673" class="  "  >&nbsp;</div>
</div></td>
				</tr>
</table>
</td>
		
				</tr>
			</table></td>
		<td role="gridcell" control="true" id="mx5679"    onclick="" style="; " currentrow="false" class="tc    cursor_hand" headers="mx5567"  ><br/><table role="presentation" id="mx5679_inner" style="display:none;; " >
			<tr>
					<td    nowrap="nowrap"  id="mx5678_0"     valign="top" style="vertical-align:top;display:none;"><table role="presentation" control="true" id="mx5677"   width="100%"  class="  " summary=""  style="width:100%;;;vertical-align:top">				<tr   control="true" id="mx5687_0"    style="vertical-align:top;display:none;">
				<td    nowrap="nowrap"  id="mx5686_0"  align="right"   valign="middle" style="vertical-align:middle;display:none;"></td>
				<td    nowrap="nowrap"  id="mx5686_1"     valign="middle" style="vertical-align:middle;display:none;"><div aria-live="polite" id="mx5683_holder" class="bc" style="display:none"><input   role="textbox"  id="mx5683" class="fld text tablefilterfield  tt queryField"     ctype="textbox"   li="mx5684"      style=";width:75.0px;"  ontr='true' async='1'  ae="setvalue"    type="text" title="Craft filter" value="" ov="" fldInfo='{&quot;query&quot;:true,&quot;lookup&quot;:&quot;craftstandardrate&quot;,&quot;eventpriority&quot;:1}'/></div><div aria-live="polite" id="mx5684_holder" class="bc" style="display:none"><img sf="1"   ctype="image" alt="Detail Menu"  src="../webclient/skins-20170809-1350/tivoli09/images/img_menu.gif" source="img_menu" imgtype=".gif" style="cursor:default;display:inline;margin:0px;margin-top:2px;margin-left:2px;" border="0"  lc="mx5683" aria-haspopup="true"   align="absmiddle"     id="mx5684" tabindex="-1" title="Detail Menu"/></div></td>
				</tr>
</table>
</td>
		
				</tr>
			</table></td>
		<td role="gridcell" control="true" id="mx5691"    onclick="" style="; " currentrow="false" class="tc    cursor_hand" headers="mx5578"  ><br/><table role="presentation" id="mx5691_inner" style="display:none;; " >
			<tr>
					<td    nowrap="nowrap"  id="mx5690_0"     valign="top" style="vertical-align:top;display:none;"><table role="presentation" control="true" id="mx5689"   width="100%"  class="  " summary=""  style="width:100%;;;vertical-align:top">				<tr   control="true" id="mx5699_0"    style="vertical-align:top;display:none;">
				<td    nowrap="nowrap"  id="mx5698_0"  align="right"   valign="middle" style="vertical-align:middle;display:none;"></td>
				<td    nowrap="nowrap"  id="mx5698_1"     valign="middle" style="vertical-align:middle;display:none;"><div aria-live="polite" id="mx5695_holder" class="bc" style="display:none"><input   role="textbox"  id="mx5695" class="fld text tablefilterfield  tt queryField"     ctype="textbox"   li="mx5696"      style=";width:75.0px;"  ontr='true' async='1'  ae="setvalue"    type="text" title="Skill Level filter" value="" ov="" fldInfo='{&quot;query&quot;:true,&quot;lookup&quot;:&quot;craftstandardrate&quot;,&quot;eventpriority&quot;:1}'/></div><div aria-live="polite" id="mx5696_holder" class="bc" style="display:none"><img sf="1"   ctype="image" alt="Select Value"  src="../webclient/skins-20170809-1350/tivoli09/images/img_lookup.gif" source="img_lookup" imgtype=".gif" style="cursor:default;display:inline;margin:0px;margin-top:2px;margin-left:2px;" border="0"  lc="mx5695" aria-haspopup="true"   align="absmiddle"    ev="craftstandardrate" id="mx5696" tabindex="-1" title="Select Value"/></div></td>
				</tr>
</table>
</td>
		
				</tr>
			</table></td>
		<td role="gridcell" control="true" id="mx5703"    onclick="" style="; " currentrow="false" class="tc    cursor_hand" headers="mx5589"  ><br/><table role="presentation" id="mx5703_inner" style="display:none;; " >
			<tr>
					<td    nowrap="nowrap"  id="mx5702_0"     valign="top" style="vertical-align:top;display:none;"><table role="presentation" control="true" id="mx5701"   width="100%"  class="  " summary=""  style="width:100%;;;vertical-align:top">				<tr   control="true" id="mx5711_0"    style="vertical-align:top;display:none;">
				<td    nowrap="nowrap"  id="mx5710_0"  align="right"   valign="middle" style="vertical-align:middle;display:none;"></td>
				<td    nowrap="nowrap"  id="mx5710_1"     valign="middle" style="vertical-align:middle;display:none;"><div aria-live="polite" id="mx5707_holder" class="bc" style="display:none"><input   role="textbox"  id="mx5707" class="fld text tablefilterfield  tt queryField"     ctype="textbox"   li="mx5708"      style=";width:75.0px;"  ontr='true' async='1'  ae="setvalue"    type="text" title="Vendor filter" value="" ov="" fldInfo='{&quot;query&quot;:true,&quot;lookup&quot;:&quot;craftstandardrate&quot;,&quot;eventpriority&quot;:1}'/></div><div aria-live="polite" id="mx5708_holder" class="bc" style="display:none"><img sf="1"   ctype="image" alt="Detail Menu"  src="../webclient/skins-20170809-1350/tivoli09/images/img_menu.gif" source="img_menu" imgtype=".gif" style="cursor:default;display:inline;margin:0px;margin-top:2px;margin-left:2px;" border="0"  lc="mx5707" aria-haspopup="true"   align="absmiddle"     id="mx5708" tabindex="-1" title="Detail Menu"/></div></td>
				</tr>
</table>
</td>
		
				</tr>
			</table></td>
		<td role="gridcell" control="true" id="mx5715"    onclick="" style="; " currentrow="false" class="tc    cursor_hand" headers="mx5600"  ><br/><table role="presentation" id="mx5715_inner" style="display:none;; margin-right:3px " align="right"  >
			<tr>
					<td    nowrap="nowrap"  id="mx5714_0"     valign="top" style="vertical-align:top;display:none;"><table role="presentation" control="true" id="mx5713"   width="100%"  class="  " summary=""  style="width:100%;;;vertical-align:top">				<tr   control="true" id="mx5723_0"    style="vertical-align:top;display:none;">
				<td    nowrap="nowrap"  id="mx5722_0"  align="right"   valign="middle" style="vertical-align:middle;display:none;"></td>
				<td    nowrap="nowrap"  id="mx5722_1"     valign="middle" style="vertical-align:middle;display:none;"><div aria-live="polite" id="mx5719_holder" class="bc" style="display:none"><input   role="textbox"  id="mx5719" class="fld text tablefilterfield  tt queryField"     ctype="textbox"  dir="ltr" li="mx5720"      style="padding-right:2px;text-align: right;;width:70.0px;"  ontr='true' async='1'  ae="setvalue"    type="text" title="Quantity filter" value="" ov="" fldInfo='{&quot;query&quot;:true,&quot;eventpriority&quot;:1}'/></div><div aria-live="polite" id="mx5720_holder" class="bc" style="display:none"><img sf="1" aria-hidden="true" active="0" ctype="image" alt=""  src="../webclient/skins-20170809-1350/tivoli09/images/blank.gif" source="blank" imgtype=".gif" style="display:inline;margin:0px;" border="0"  lc="mx5719"    align="absmiddle" width='0px' height='26px'   id="mx5720" title=""/></div></td>
				</tr>
</table>
</td>
		
				</tr>
			</table></td>
		<td role="gridcell" control="true" id="mx5727"    onclick="" style="; " currentrow="false" class="tc    cursor_hand" headers="mx5611"  ><br/><table role="presentation" id="mx5727_inner" style="display:none;; " >
			<tr>
					<td    nowrap="nowrap"  id="mx5726_0"     valign="top" style="vertical-align:top;display:none;"><table role="presentation" control="true" id="mx5725"   width="100%"  class="  " summary=""  style="width:100%;;;vertical-align:top">				<tr   control="true" id="mx5735_0"    style="vertical-align:top;display:none;">
				<td    nowrap="nowrap"  id="mx5734_0"  align="right"   valign="middle" style="vertical-align:middle;display:none;"></td>
				<td    nowrap="nowrap"  id="mx5734_1"     valign="middle" style="vertical-align:middle;display:none;"><div aria-live="polite" id="mx5731_holder" class="bc" style="display:none"><input   role="textbox"  id="mx5731" class="fld text tablefilterfield  tt queryField"     ctype="textbox"   li="mx5732"      style=";width:75.0px;"  ontr='true' async='1'  ae="setvalue"    type="text" title="Labor filter" value="" ov="" fldInfo='{&quot;query&quot;:true,&quot;lookup&quot;:&quot;laboronly&quot;,&quot;eventpriority&quot;:1}'/></div><div aria-live="polite" id="mx5732_holder" class="bc" style="display:none"><img sf="1"   ctype="image" alt="Detail Menu"  src="../webclient/skins-20170809-1350/tivoli09/images/img_menu.gif" source="img_menu" imgtype=".gif" style="cursor:default;display:inline;margin:0px;margin-top:2px;margin-left:2px;" border="0"  lc="mx5731" aria-haspopup="true"   align="absmiddle"     id="mx5732" tabindex="-1" title="Detail Menu"/></div></td>
				</tr>
</table>
</td>
		
				</tr>
			</table></td>
		<td role="gridcell" control="true" id="mx5739"    onclick="" style="; " currentrow="false" class="tc    cursor_hand" headers="mx5622"  ><br/><table role="presentation" id="mx5739_inner" style="display:none;; margin-right:3px " align="right"  >
			<tr>
					<td    nowrap="nowrap"  id="mx5738_0"     valign="top" style="vertical-align:top;display:none;"><table role="presentation" control="true" id="mx5737"   width="100%"  class="  " summary=""  style="width:100%;;;vertical-align:top">				<tr   control="true" id="mx5747_0"    style="vertical-align:top;display:none;">
				<td    nowrap="nowrap"  id="mx5746_0"  align="right"   valign="middle" style="vertical-align:middle;display:none;"></td>
				<td    nowrap="nowrap"  id="mx5746_1"     valign="middle" style="vertical-align:middle;display:none;"><div aria-live="polite" id="mx5743_holder" class="bc" style="display:none"><input   role="textbox"  id="mx5743" class="fld text tablefilterfield  tt queryField"     ctype="textbox"  dir="ltr" li="mx5744"      style="padding-right:2px;text-align: right;;width:70.0px;"  ontr='true' async='1'  ae="setvalue"    type="text" title="Regular Hours filter" value="" ov="" fldInfo='{&quot;query&quot;:true,&quot;eventpriority&quot;:1}'/></div><div aria-live="polite" id="mx5744_holder" class="bc" style="display:none"><img sf="1" aria-hidden="true" active="0" ctype="image" alt=""  src="../webclient/skins-20170809-1350/tivoli09/images/blank.gif" source="blank" imgtype=".gif" style="display:inline;margin:0px;" border="0"  lc="mx5743"    align="absmiddle" width='0px' height='26px'   id="mx5744" title=""/></div></td>
				</tr>
</table>
</td>
		
				</tr>
			</table></td>
		<td role="gridcell" control="true" id="mx5751"    onclick="" style="; " currentrow="false" class="tc    cursor_hand" headers="mx5633"  ><br/><table role="presentation" id="mx5751_inner" style="display:none;; margin-right:3px " align="right"  >
			<tr>
					<td    nowrap="nowrap"  id="mx5750_0"     valign="top" style="vertical-align:top;display:none;"><table role="presentation" control="true" id="mx5749"   width="100%"  class="  " summary=""  style="width:100%;;;vertical-align:top">				<tr   control="true" id="mx5755_0"    style="vertical-align:top;display:none;">
				<td    nowrap="nowrap"  id="mx5754_0"     valign="top" style="vertical-align:top;display:none;"><div aria-live="polite" id="mx5753_holder" class="bc" style="display:none">	<div id="mx5753" name="mx5753" class="  "  >&nbsp;</div>
</div></td>
				</tr>
</table>
</td>
		
				</tr>
			</table></td>
		<td role="gridcell" control="true" id="mx5759"    onclick="" style="; " currentrow="false" class="tc    cursor_hand" headers="mx5644"  ><br/><table role="presentation" id="mx5759_inner" style="display:none;; margin-right:3px " align="right"  >
			<tr>
					<td    nowrap="nowrap"  id="mx5758_0"     valign="top" style="vertical-align:top;display:none;"><table role="presentation" control="true" id="mx5757"   width="100%"  class="  " summary=""  style="width:100%;;;vertical-align:top">				<tr   control="true" id="mx5763_0"    style="vertical-align:top;display:none;">
				<td    nowrap="nowrap"  id="mx5762_0"     valign="top" style="vertical-align:top;display:none;"><div aria-live="polite" id="mx5761_holder" class="bc" style="display:none">	<div id="mx5761" name="mx5761" class="  "  >&nbsp;</div>
</div></td>
				</tr>
</table>
</td>
		
				</tr>
			</table></td>
		<td role="gridcell" control="true" id="mx5767"    onclick="" style="; " currentrow="false" class="tc    cursor_hand" headers="mx5655"  ><br/><table role="presentation" id="mx5767_inner" style="display:none;; " >
			<tr>
					<td    nowrap="nowrap"  id="mx5766_0"     valign="top" style="vertical-align:top;display:none;"><table role="presentation" control="true" id="mx5765"   width="100%"  class="  " summary=""  style="width:100%;;;vertical-align:top">				<tr   control="true" id="mx5771_0"    style="vertical-align:top;display:none;">
				<td    nowrap="nowrap"  id="mx5770_0"     valign="top" style="vertical-align:top;display:none;"><div aria-live="polite" id="mx5769_holder" class="bc" style="display:none"><img sf="1"  active="0" ctype="image" alt=""  src="../webclient/skins-20170809-1350/tivoli09/images/blank.gif" source="blank.gif" imgtype="" style="cursor:default;display:@display;margin:0px;margin-top:2px;margin-left:2px;" border="0"           id="mx5769" title=""/></div></td>
				</tr>
</table>
</td>
		
				</tr>
			</table></td>
	
	</tr>

	<tr aria-invalid="true" role="row" id="mx5535"    class="nrm   treven" aria-hidden="true"  style="display:none;">
	<td headers="errtitle"></td>
	</tr>

	<tr aria-invalid="true" role="row" id="mx5538[R:0]"  current="true"   class="tablerow   tcr trodd" style="display:;">
	<td headers="errtitle"><img id='mx5538[R:0]_er_img' src='../webclient/skins-20170809-1350/tivoli09/images/blank.gif' style='display:none' class='tablerow_blank_icon' title="" alt=""/></td>	<td role="gridcell" control="true" id="mx5783[R:0]"    onmouseover="appendClass(this.parentNode,'trh')" onmouseout="removeClass(this.parentNode,'trh')" onclick="tcClick(event,'mx5783[R:0]')" style="; width:;" currentrow="true" class="tc hl   cursor_hand" headers="mx5548"  ><table role="presentation" id="mx5783[R:0]_inner" style="display:inline; " >
			<tr>
					<td    nowrap="nowrap"  id="mx5782[R:0]_0"     valign="top" style="vertical-align:top;"><table role="presentation" control="true" id="mx5781[R:0]"   width="100%"  class="  " summary=""  style="width:100%;;;vertical-align:top">				<tr   control="true" id="mx5787[R:0]_0"    style="vertical-align:top;">
				<td    nowrap="nowrap"  id="mx5786[R:0]_0"     valign="top" style="vertical-align:top;"><div aria-live="polite" id="mx5785[R:0]_holder" class="bc"><a  href="javascript: void(0);" ctype="toggleimage" ev="false" tabindex="0"  compid="mx5785[R:0]"  title="View Details"><img id="mx5785[R:0]"  aria-disabled="true" aria-hidden="true"  tabindex="-1" border="0" class="ti   " src="../webclient/skins-20170809-1350/tivoli09/images/img_row_unselect.gif" source="img_row_unselect" imgtype=".gif" ev="false" align="top" style="display:block;margin:0px;margin-top:2px;" align="absbottom" alt="View Details"  /></a>
</div></td>
				</tr>
</table>
</td>
		
				</tr>
			</table></td>
		<td role="gridcell" control="true" id="mx5791[R:0]"    onmouseover="appendClass(this.parentNode,'trh')" onmouseout="removeClass(this.parentNode,'trh')" onclick="tcClick(event,'mx5791[R:0]')" style="; width:;" currentrow="true" class="tc    cursor_hand" headers="mx5556"  ><table role="presentation" id="mx5791[R:0]_inner" style="display:inline; margin-right:3px " align="right"  >
			<tr>
					<td    nowrap="nowrap"  id="mx5790[R:0]_0"     valign="top" style="vertical-align:top;"><table role="presentation" control="true" id="mx5789[R:0]"   width="100%"  class="  " summary=""  style="width:100%;;;vertical-align:top">				<tr   control="true" id="mx5799[R:0]_0"    style="vertical-align:top;">
				<td    nowrap="nowrap"  id="mx5798[R:0]_0"  align="right"   valign="middle" style="vertical-align:middle;"></td>
				<td    nowrap="nowrap"  id="mx5798[R:0]_1"     valign="middle" style="vertical-align:middle;"><div aria-live="polite" id="mx5795[R:0]_holder" class="bc"><input  aria-readonly="true"  role="textbox"  id="mx5795[R:0]" class="fld text   ttfld fld_ro"     ctype="textbox"  dir="ltr" li="mx5796[R:0]"  db="mx4018"    style="padding-right:2px;text-align: right;;width:70.0px;"  ontr='true' async='1'  ae="setvalue"  tabindex="-1" readonly="readonly" type="text" title="Task" value="" ov="" work="1" fldInfo='{&quot;length&quot;:&quot;12&quot;,&quot;inttype&quot;:&quot;6&quot;,&quot;scale&quot;:&quot;0&quot;,&quot;lookup&quot;:&quot;wptask&quot;}'/></div><div aria-live="polite" id="mx5796[R:0]_holder" class="bc"><img sf="1"   ctype="image" alt="Select Value"  src="../webclient/skins-20170809-1350/tivoli09/images/img_lookup.gif" source="img_lookup" imgtype=".gif" style="cursor:default;display:inline;margin:0px;margin-top:2px;margin-left:2px;" border="0"  lc="mx5795[R:0]" aria-haspopup="true"   align="absmiddle"    ev="wptask" id="mx5796[R:0]" tabindex="-1" title="Select Value"/></div></td>
				</tr>
</table>
</td>
		
				</tr>
			</table></td>
		<td role="gridcell" control="true" id="mx5803[R:0]"    onmouseover="appendClass(this.parentNode,'trh')" onmouseout="removeClass(this.parentNode,'trh')" onclick="tcClick(event,'mx5803[R:0]')" style="; width:;" currentrow="true" class="tc    cursor_hand" headers="mx5567"  ><table role="presentation" id="mx5803[R:0]_inner" style="display:inline; " >
			<tr>
					<td    nowrap="nowrap"  id="mx5802[R:0]_0"     valign="top" style="vertical-align:top;"><table role="presentation" control="true" id="mx5801[R:0]"   width="100%"  class="  " summary=""  style="width:100%;;;vertical-align:top">				<tr   control="true" id="mx5811[R:0]_0"    style="vertical-align:top;">
				<td    nowrap="nowrap"  id="mx5810[R:0]_0"  align="right"   valign="middle" style="vertical-align:middle;"></td>
				<td    nowrap="nowrap"  id="mx5810[R:0]_1"     valign="middle" style="vertical-align:middle;"><div aria-live="polite" id="mx5807[R:0]_holder" class="bc"><input  aria-readonly="true"  role="textbox"  id="mx5807[R:0]" class="fld text   ttfld fld_ro"     ctype="textbox"   li="mx5808[R:0]"  db="mx4018"   maxlength="8" style=";width:75.0px;"  ontr='true' async='1'  ae="setvalue"  tabindex="-1" readonly="readonly" type="text" title="Craft" value="" ov="" work="1" fldInfo='{&quot;length&quot;:&quot;8&quot;,&quot;inttype&quot;:&quot;1&quot;,&quot;lookup&quot;:&quot;craftstandardrate&quot;,&quot;eventpriority&quot;:1}'/></div><div aria-live="polite" id="mx5808[R:0]_holder" class="bc"><img sf="1"   ctype="image" alt="Detail Menu"  src="../webclient/skins-20170809-1350/tivoli09/images/img_menu.gif" source="img_menu" imgtype=".gif" style="cursor:default;display:inline;margin:0px;margin-top:2px;margin-left:2px;" border="0"  lc="mx5807[R:0]" aria-haspopup="true"   align="absmiddle"     id="mx5808[R:0]" tabindex="-1" title="Detail Menu"/></div></td>
				</tr>
</table>
</td>
		
				</tr>
			</table></td>
		<td role="gridcell" control="true" id="mx5815[R:0]"    onmouseover="appendClass(this.parentNode,'trh')" onmouseout="removeClass(this.parentNode,'trh')" onclick="tcClick(event,'mx5815[R:0]')" style="; width:;" currentrow="true" class="tc    cursor_hand" headers="mx5578"  ><table role="presentation" id="mx5815[R:0]_inner" style="display:inline; " >
			<tr>
					<td    nowrap="nowrap"  id="mx5814[R:0]_0"     valign="top" style="vertical-align:top;"><table role="presentation" control="true" id="mx5813[R:0]"   width="100%"  class="  " summary=""  style="width:100%;;;vertical-align:top">				<tr   control="true" id="mx5823[R:0]_0"    style="vertical-align:top;">
				<td    nowrap="nowrap"  id="mx5822[R:0]_0"  align="right"   valign="middle" style="vertical-align:middle;"></td>
				<td    nowrap="nowrap"  id="mx5822[R:0]_1"     valign="middle" style="vertical-align:middle;"><div aria-live="polite" id="mx5819[R:0]_holder" class="bc"><input  aria-readonly="true"  role="textbox"  id="mx5819[R:0]" class="fld text   ttfld fld_ro"     ctype="textbox"   li="mx5820[R:0]"  db="mx4018"   maxlength="12" style=";width:75.0px;"  ontr='true' async='1'  ae="setvalue"  tabindex="-1" readonly="readonly" type="text" title="Skill Level" value="" ov="" work="1" fldInfo='{&quot;length&quot;:&quot;12&quot;,&quot;inttype&quot;:&quot;1&quot;,&quot;lookup&quot;:&quot;craftstandardrate&quot;,&quot;eventpriority&quot;:1}'/></div><div aria-live="polite" id="mx5820[R:0]_holder" class="bc"><img sf="1"   ctype="image" alt="Select Value"  src="../webclient/skins-20170809-1350/tivoli09/images/img_lookup.gif" source="img_lookup" imgtype=".gif" style="cursor:default;display:inline;margin:0px;margin-top:2px;margin-left:2px;" border="0"  lc="mx5819[R:0]" aria-haspopup="true"   align="absmiddle"    ev="craftstandardrate" id="mx5820[R:0]" tabindex="-1" title="Select Value"/></div></td>
				</tr>
</table>
</td>
		
				</tr>
			</table></td>
		<td role="gridcell" control="true" id="mx5827[R:0]"    onmouseover="appendClass(this.parentNode,'trh')" onmouseout="removeClass(this.parentNode,'trh')" onclick="tcClick(event,'mx5827[R:0]')" style="; width:;" currentrow="true" class="tc    cursor_hand" headers="mx5589"  ><table role="presentation" id="mx5827[R:0]_inner" style="display:inline; " >
			<tr>
					<td    nowrap="nowrap"  id="mx5826[R:0]_0"     valign="top" style="vertical-align:top;"><table role="presentation" control="true" id="mx5825[R:0]"   width="100%"  class="  " summary=""  style="width:100%;;;vertical-align:top">				<tr   control="true" id="mx5835[R:0]_0"    style="vertical-align:top;">
				<td    nowrap="nowrap"  id="mx5834[R:0]_0"  align="right"   valign="middle" style="vertical-align:middle;"></td>
				<td    nowrap="nowrap"  id="mx5834[R:0]_1"     valign="middle" style="vertical-align:middle;"><div aria-live="polite" id="mx5831[R:0]_holder" class="bc"><input  aria-readonly="true"  role="textbox"  id="mx5831[R:0]" class="fld text   ttfld fld_ro"     ctype="textbox"   li="mx5832[R:0]"  db="mx4018"   maxlength="12" style=";width:75.0px;"  ontr='true' async='1'  ae="setvalue"  tabindex="-1" readonly="readonly" type="text" title="Vendor" value="" ov="" work="1" fldInfo='{&quot;length&quot;:&quot;12&quot;,&quot;inttype&quot;:&quot;1&quot;,&quot;lookup&quot;:&quot;craftstandardrate&quot;,&quot;eventpriority&quot;:1}'/></div><div aria-live="polite" id="mx5832[R:0]_holder" class="bc"><img sf="1"   ctype="image" alt="Detail Menu"  src="../webclient/skins-20170809-1350/tivoli09/images/img_menu.gif" source="img_menu" imgtype=".gif" style="cursor:default;display:inline;margin:0px;margin-top:2px;margin-left:2px;" border="0"  lc="mx5831[R:0]" aria-haspopup="true"   align="absmiddle"     id="mx5832[R:0]" tabindex="-1" title="Detail Menu"/></div></td>
				</tr>
</table>
</td>
		
				</tr>
			</table></td>
		<td role="gridcell" control="true" id="mx5839[R:0]"    onmouseover="appendClass(this.parentNode,'trh')" onmouseout="removeClass(this.parentNode,'trh')" onclick="tcClick(event,'mx5839[R:0]')" style="; width:;" currentrow="true" class="tc    cursor_hand" headers="mx5600"  ><table role="presentation" id="mx5839[R:0]_inner" style="display:inline; margin-right:3px " align="right"  >
			<tr>
					<td    nowrap="nowrap"  id="mx5838[R:0]_0"     valign="top" style="vertical-align:top;"><table role="presentation" control="true" id="mx5837[R:0]"   width="100%"  class="  " summary=""  style="width:100%;;;vertical-align:top">				<tr   control="true" id="mx5847[R:0]_0"    style="vertical-align:top;">
				<td    nowrap="nowrap"  id="mx5846[R:0]_0"  align="right"   valign="middle" style="vertical-align:middle;"></td>
				<td    nowrap="nowrap"  id="mx5846[R:0]_1"     valign="middle" style="vertical-align:middle;"><div aria-live="polite" id="mx5843[R:0]_holder" class="bc"><input  aria-readonly="true"  role="textbox"  id="mx5843[R:0]" class="fld text   ttfld fld_ro"     ctype="textbox"  dir="ltr" li="mx5844[R:0]"  db="mx4018"    style="padding-right:2px;text-align: right;;width:70.0px;"  ontr='true' async='1'  ae="setvalue"  tabindex="-1" readonly="readonly" type="text" title="Quantity: 1" value="1" ov="1" work="1" fldInfo='{&quot;length&quot;:&quot;12&quot;,&quot;inttype&quot;:&quot;6&quot;,&quot;scale&quot;:&quot;0&quot;,&quot;eventpriority&quot;:1,&quot;required&quot;:true}'/></div><div aria-live="polite" id="mx5844[R:0]_holder" class="bc"><img sf="1" aria-hidden="true" active="0" ctype="image" alt=""  src="../webclient/skins-20170809-1350/tivoli09/images/blank.gif" source="blank" imgtype=".gif" style="display:inline;margin:0px;" border="0"  lc="mx5843[R:0]"    align="absmiddle" width='0px' height='26px'   id="mx5844[R:0]" title=""/></div></td>
				</tr>
</table>
</td>
		
				</tr>
			</table></td>
		<td role="gridcell" control="true" id="mx5851[R:0]"    onmouseover="appendClass(this.parentNode,'trh')" onmouseout="removeClass(this.parentNode,'trh')" onclick="tcClick(event,'mx5851[R:0]')" style="; width:;" currentrow="true" class="tc    cursor_hand" headers="mx5611"  ><table role="presentation" id="mx5851[R:0]_inner" style="display:inline; " >
			<tr>
					<td    nowrap="nowrap"  id="mx5850[R:0]_0"     valign="top" style="vertical-align:top;"><table role="presentation" control="true" id="mx5849[R:0]"   width="100%"  class="  " summary=""  style="width:100%;;;vertical-align:top">				<tr   control="true" id="mx5859[R:0]_0"    style="vertical-align:top;">
				<td    nowrap="nowrap"  id="mx5858[R:0]_0"  align="right"   valign="middle" style="vertical-align:middle;"></td>
				<td    nowrap="nowrap"  id="mx5858[R:0]_1"     valign="middle" style="vertical-align:middle;"><div aria-live="polite" id="mx5855[R:0]_holder" class="bc"><input  aria-readonly="true"  role="textbox"  id="mx5855[R:0]" class="fld text   ttfld fld_ro"     ctype="textbox"   li="mx5856[R:0]"  db="mx4018"   maxlength="8" style=";width:75.0px;"  ontr='true' async='1'  ae="setvalue"  tabindex="-1" readonly="readonly" type="text" title="Labor: PP56035" value="PP56035" ov="PP56035" work="1" fldInfo='{&quot;length&quot;:&quot;8&quot;,&quot;inttype&quot;:&quot;1&quot;,&quot;lookup&quot;:&quot;laboronly&quot;,&quot;eventpriority&quot;:1}'/></div><div aria-live="polite" id="mx5856[R:0]_holder" class="bc"><img sf="1"   ctype="image" alt="Detail Menu"  src="../webclient/skins-20170809-1350/tivoli09/images/img_menu.gif" source="img_menu" imgtype=".gif" style="cursor:default;display:inline;margin:0px;margin-top:2px;margin-left:2px;" border="0"  lc="mx5855[R:0]" aria-haspopup="true"   align="absmiddle"     id="mx5856[R:0]" tabindex="-1" title="Detail Menu"/></div></td>
				</tr>
</table>
</td>
		
				</tr>
			</table></td>
		<td role="gridcell" control="true" id="mx5863[R:0]"    onmouseover="appendClass(this.parentNode,'trh')" onmouseout="removeClass(this.parentNode,'trh')" onclick="tcClick(event,'mx5863[R:0]')" style="; width:;" currentrow="true" class="tc    cursor_hand" headers="mx5622"  ><table role="presentation" id="mx5863[R:0]_inner" style="display:inline; margin-right:3px " align="right"  >
			<tr>
					<td    nowrap="nowrap"  id="mx5862[R:0]_0"     valign="top" style="vertical-align:top;"><table role="presentation" control="true" id="mx5861[R:0]"   width="100%"  class="  " summary=""  style="width:100%;;;vertical-align:top">				<tr   control="true" id="mx5871[R:0]_0"    style="vertical-align:top;">
				<td    nowrap="nowrap"  id="mx5870[R:0]_0"  align="right"   valign="middle" style="vertical-align:middle;"></td>
				<td    nowrap="nowrap"  id="mx5870[R:0]_1"     valign="middle" style="vertical-align:middle;"><div aria-live="polite" id="mx5867[R:0]_holder" class="bc"><input  aria-readonly="true"  role="textbox"  id="mx5867[R:0]" class="fld text   ttfld fld_ro"     ctype="textbox"  dir="ltr" li="mx5868[R:0]"  db="mx4018"    style="padding-right:2px;text-align: right;;width:70.0px;"  ontr='true' async='1'  ae="setvalue"  tabindex="-1" readonly="readonly" type="text" title="Regular Hours: 0:00" value="0:00" ov="0:00" work="1" fldInfo='{&quot;length&quot;:&quot;8&quot;,&quot;inttype&quot;:&quot;10&quot;,&quot;eventpriority&quot;:1,&quot;required&quot;:true}'/></div><div aria-live="polite" id="mx5868[R:0]_holder" class="bc"><img sf="1" aria-hidden="true" active="0" ctype="image" alt=""  src="../webclient/skins-20170809-1350/tivoli09/images/blank.gif" source="blank" imgtype=".gif" style="display:inline;margin:0px;" border="0"  lc="mx5867[R:0]"    align="absmiddle" width='0px' height='26px'   id="mx5868[R:0]" title=""/></div></td>
				</tr>
</table>
</td>
		
				</tr>
			</table></td>
		<td role="gridcell" control="true" id="mx5875[R:0]"    onmouseover="appendClass(this.parentNode,'trh')" onmouseout="removeClass(this.parentNode,'trh')" onclick="tcClick(event,'mx5875[R:0]')" style="; width:;" currentrow="true" class="tc    cursor_hand" headers="mx5633"  ><table role="presentation" id="mx5875[R:0]_inner" style="display:inline; margin-right:3px " align="right"  >
			<tr>
					<td    nowrap="nowrap"  id="mx5874[R:0]_0"     valign="top" style="vertical-align:top;"><table role="presentation" control="true" id="mx5873[R:0]"   width="100%"  class="  " summary=""  style="width:100%;;;vertical-align:top">				<tr   control="true" id="mx5883[R:0]_0"    style="vertical-align:top;">
				<td    nowrap="nowrap"  id="mx5882[R:0]_0"  align="right"   valign="middle" style="vertical-align:middle;"></td>
				<td    nowrap="nowrap"  id="mx5882[R:0]_1"     valign="middle" style="vertical-align:middle;"><div aria-live="polite" id="mx5879[R:0]_holder" class="bc"><input  aria-readonly="true"  role="textbox"  id="mx5879[R:0]" class="fld text   ttfld fld_ro"     ctype="textbox"  dir="ltr" li="mx5880[R:0]"  db="mx4018"    style="padding-right:2px;text-align: right;;width:75.0px;"  ontr='true' async='1'  ae="setvalue"  tabindex="-1" readonly="readonly" type="text" title="Rate: 0.00" value="0.00" ov="0.00" work="1" fldInfo='{&quot;length&quot;:&quot;11&quot;,&quot;inttype&quot;:&quot;9&quot;,&quot;scale&quot;:&quot;2&quot;,&quot;eventpriority&quot;:1}'/></div><div aria-live="polite" id="mx5880[R:0]_holder" class="bc"><img sf="1" aria-hidden="true" active="0" ctype="image" alt=""  src="../webclient/skins-20170809-1350/tivoli09/images/blank.gif" source="blank" imgtype=".gif" style="display:inline;margin:0px;" border="0"  lc="mx5879[R:0]"    align="absmiddle" width='0px' height='26px'   id="mx5880[R:0]" title=""/></div></td>
				</tr>
</table>
</td>
		
				</tr>
			</table></td>
		<td role="gridcell" control="true" id="mx5887[R:0]"    onmouseover="appendClass(this.parentNode,'trh')" onmouseout="removeClass(this.parentNode,'trh')" onclick="tcClick(event,'mx5887[R:0]')" style="; width:;" currentrow="true" class="tc    cursor_hand" headers="mx5644"  ><table role="presentation" id="mx5887[R:0]_inner" style="display:inline; margin-right:3px " align="right"  >
			<tr>
					<td    nowrap="nowrap"  id="mx5886[R:0]_0"     valign="top" style="vertical-align:top;"><table role="presentation" control="true" id="mx5885[R:0]"   width="100%"  class="  " summary=""  style="width:100%;;;vertical-align:top">				<tr   control="true" id="mx5891[R:0]_0"    style="vertical-align:top;">
				<td    nowrap="nowrap"  id="mx5890[R:0]_0"  align="left"   valign="top" style="vertical-align:top;"><div aria-live="polite" id="mx5889[R:0]_holder" class="bc"><label ctype="label"  id="mx5889[R:0]"    noclick="1"   targetid="mx5889[R:0]"    class="text txtbold txtbold txtbold txtbold txtbold txtbold text label  label  " style="padding:0px;padding-left:1px;margin:0px;;;;;" title="0.00">0.00</label></div></td>
				</tr>
</table>
</td>
		
				</tr>
			</table></td>
		<td role="gridcell" control="true" id="mx5895[R:0]"    onmouseover="appendClass(this.parentNode,'trh')" onmouseout="removeClass(this.parentNode,'trh')" onclick="tcClick(event,'mx5895[R:0]')" style="; width:;" currentrow="true" class="tc hl   cursor_hand" headers="mx5655"  ><table role="presentation" id="mx5895[R:0]_inner" style="display:inline; " >
			<tr>
					<td    nowrap="nowrap"  id="mx5894[R:0]_0"     valign="top" style="vertical-align:top;"><table role="presentation" control="true" id="mx5893[R:0]"   width="100%"  class="  " summary=""  style="width:100%;;;vertical-align:top">				<tr   control="true" id="mx5899[R:0]_0"    style="vertical-align:top;">
				<td    nowrap="nowrap"  id="mx5898[R:0]_0"     valign="top" style="vertical-align:top;"><div aria-live="polite" id="mx5897[R:0]_holder" class="bc"><a  href="javascript: void(0);" ctype="toggleimage" ev="false" tabindex="0"  compid="mx5897[R:0]"  title="Mark Row for Delete"><img id="mx5897[R:0]"  aria-disabled="true" aria-hidden="true"  tabindex="-1" border="0" class="ti   " src="../webclient/skins-20170809-1350/tivoli09/images/btn_garbage.gif" source="btn_garbage.gif" imgtype="" ev="false" align="top" style="display:block;margin:0px;margin-top:2px;" align="absbottom" alt="Mark Row for Delete"  /></a>
</div></td>
				</tr>
</table>
</td>
		
				</tr>
			</table></td>
	
	</tr>

	<tr aria-invalid="true" role="row" id="mx5544"    class="tablerow   troddtsr" aria-hidden="true"  style="display:none;">
					<td role='gridcell'    colspan='100' nowrap="nowrap"  id="mx5543_0"  align="left" class="tsrs " valign="middle" style="vertical-align:middle;"><div aria-live="polite" id="mx5542_holder" class="bc"><a  href="javascript: void(0);" ctype="toggleimage" ev="false" tabindex="0"  compid="mx5542"  title="Select Specific Records"><img id="mx5542"  aria-disabled="true" aria-hidden="true"  tabindex="-1" border="0" class="ti toggleselectcheckbox  " src="../webclient/skins-20170809-1350/tivoli09/images/table_cb_unchecked.gif" source="table_cb_unchecked" imgtype=".gif" ev="false" align="top" style="display:inline;margin:0px;"  alt="Select Specific Records"  /></a>
		&nbsp;<span id="mx5542_label"  class="text">Select Records</span>
</div></td>

	</tr>

						</table>
					</div>
				]]></component>

	<component id="mx3872_holder"><![CDATA[<script>
        el = document.getElementById("mx3872");
        if(el)
        {
            
			el.style.display="none";
			el.setAttribute("aria-hidden" , "true");
			el.setAttribute("rownum", "0" );
		}
		el = document.getElementById("mx3872_inner");
		if(el)
		{
				el.style.display="none";
				el.setAttribute("aria-hidden" , "true");
		}
	</script>]]></component>
		<component id="mx4013_holder"><![CDATA[<script>
		addLoadMethod("updateDisplay('mx4013','')");
		</script>]]></component>
<component vis="true" id="mx7620_holder" compid="mx7620" replacemethod="NONE"><![CDATA[
			<script>
			cancelTimerCalls();
			cancelQueryTimeout();
			dialogCount--;
			showObjs();
			var dialogToRemove=getElement("mx7620_inner");
			if(dialogToRemove)
			{
				removePageAutoFill("2");
				dialogTD=dialogToRemove.parentNode;
				dialogRow=dialogTD.parentNode;
				dialogRow.deleteCell(dialogTD.cellIndex);
				removeModalWaitLayer();
			}
			</script>
		]]></component>

<component vis="true" id="mx7488_holder" compid="mx7488" replacemethod="NONE"><![CDATA[<script pre='true'>publishMessage({"channel":"widgetCleanup","message":["mx7496","mx7512","mx7543"]});</script>
			<script>
			cancelTimerCalls();
			cancelQueryTimeout();
			dialogCount--;
			showObjs();
			var dialogToRemove=getElement("mx7488_inner");
			if(dialogToRemove)
			{
				removePageAutoFill("1");
				dialogTD=dialogToRemove.parentNode;
				dialogRow=dialogTD.parentNode;
				dialogRow.deleteCell(dialogTD.cellIndex);
				removeModalWaitLayer();
			}
			</script>
		]]></component>


<deferredscript><![CDATA[focusItem('mx5855[R:0]',true);resetLogoutTimer(true);if(tpaeConfig.validationOn) {setButtonEnabled(saveButton,false)};]]></deferredscript></server_response>