<?xml version="1.0" encoding="UTF-8" ?>
<server_response csrftoken="6k544bfh8i0h8rfj5656r8noj5">
<!-- Begin of the DIALOG -->
<component vis="true" id="mx7832_holder" compid="mx7832" replacemethod="addDialog"><![CDATA[			<div id='mx7832_inner_dialogwait'  class='wait'>&nbsp;</div>
				<table id="mx7832_inner"  role="dialog" aria-labelledby="mx7821" positionAtTop="false" positionX="" positionY="" modal="true" width="200" height="50" class="dsc1 mc modal" border="0" defaultbutton="" control="true" onmousedown='hideAllMenus();'onkeypress="if(hasKeyCode(event,'KEYCODE_ESC')) {sendEvent('dialogcancel','mx7832', null, null); }"ondragstart='return false;' ondblclick="toggleMinimize('mx7832')"  style="visibility:hidden;" cellpadding="0px" cellspacing="0px">
			<tr id="mx7832_content0" aria-live="polite"   style="" valign="top">
				<td id="mx7832_inner_content"  valign="BOTTOM"  style="padding:0px; %>">
<img tabindex="0" alt="" id="lookup_VALUELIST_first" alt="" onfocus="moveable_onfocus(this);" src="../webclient/skins-20170809-1350/tivoli09/images/blank.gif" width="1" height="1" style="display:inline;margin:0px" firstbuttonid="first"/><table id="mx7826"  width="100%" style="margin:0px;" class="" role="presentation">
			<tr>
				<td id="mx7826_middle"  class="dh mh dhb  " valign="middle" align="left" width="*">
					<table role="presentation" class="" width="100%">
						<tr>
							<td valign="center" align="left" style="padding:0px;white-space:nowrap;" class="dh mh">
								<table role="presentation"  width="100%">
									<tr>
					<td id="mx7826_header_0"  align="left" class="dhbsh" valign="middle" style="padding:0px;white-space:nowrap;" width:100%;></td>
					<td id="mx7826_header_1"  align="left" class="dhbsh" valign="middle" style="padding:0px;white-space:nowrap;" width:100%;><div aria-live="polite" id="mx7821_holder" class="bc"><h1 labelledby="mx7821" style="display:inline" title="Select Value"><label ctype="label"  id="mx7821"    noclick="1"   targetid="mx7821"    class="text dh mh  " style="display:block;padding-left:2px;padding-top:2px;;;;;" title="Select Value">Select Value</label></h1></div></td>
					<td id="mx7826_header_2"   class="dhbsh" valign="middle" style="padding:0px;white-space:nowrap;" width="100%"><div aria-live="polite" id="mx7822_holder" class="bc">	<div id="mx7822" name="mx7822" class="ts dh mh  "  >&nbsp;</div>
</div></td>
					<td id="mx7826_header_3"  align="right" class="dhbsh" valign="middle" style="padding:0px;white-space:nowrap;" width="100%"></td>
					<td id="mx7826_header_4"  align="right" class="dhbsh" valign="middle" style="padding:0px;white-space:nowrap;" width="100%"></td>
					<td id="mx7826_header_5"  align="right" class="dhbsh" valign="middle" style="padding:0px;white-space:nowrap;" width="100%"></td>
								</tr>
								</table>
							</td>
						</tr>
					</table>
				</td>
			</tr>
		</table></td>
			</tr>
			<tr id="mx7832_content1" aria-live="polite"   style="" valign="top">
				<td id="mx7832_inner_content"  valign="BOTTOM"  style="padding:0px; %>">
<table role="presentation" id="mx7831"  class="dialogb" width="100%" style="position:relative;top:0px;margin:0px;" height="100%" ondblclick="cancelEvent(event);">
	<tr>
		<td class="  " style=";padding:0px;" align="">

		<table role="presentation" width="100%"  height="*" ondblclick="cancelEvent(event);">
	<tr>
		<td class="    dss" align="center">
	<div aria-live="polite" id="dialogmessage_holder" class="bc"><label ctype="label"  id="dialogmessage"    noclick="1"   targetid="dialogmessage"  role='alert'    class="text label  label  text  dum" style="display:block;padding-left:2px;padding-top:2px;;;;;" title="">&nbsp;</label></div>
		</td>
	</tr>
</table>
<table role="presentation" width="100%"  height="*" ondblclick="cancelEvent(event);">
	<tr>
		<td class="db    dss" align="">
	
			<div id="lookup_VALUELIST_bodydiv" class="dbDiv"  onscroll='hideAllMenusNF()'>
	
			<table role="presentation" cellspacing="2" width="100%">
							<tr   control="true" id="mx7875_0"    style="vertical-align:top;">
				<td    nowrap="nowrap"  id="mx7874_0"     valign="top" style="vertical-align:top;">
	<!-- BEGIN Tableouter -->
	<div nowrap id="mx7873_holder" class="tableouter"  style="display:inline;background-color: inherit !important">
	
		<table role="presentation" id="mx7873"  valign="top" summary="" class="  " style="width:100%;border-collapse: collapse;">
				<tr   control="true" id="mx7872_0"    style="vertical-align:top;">
		<td id="mx7856" class="hbouter"  style="padding:0px;;white-space:nowrap;" onkeydown="tableHotkey(event, this);" role="presentation">
			<table cellspacing="0" cellpadding="0" style="width:100%;" class="" role="presentation">
				<tr>
						<td class="h_l"></td>
					<td id="mx7856_header_0"  align="left" class="hb thb   hbsh" valign="middle" style="padding:0px;white-space:nowrap;" width:100%;><div aria-live="polite" id="mx7834_holder" class="bc"></div></td>
					<td id="mx7856_header_1"   class="hb thb   hbsh" valign="middle" style="padding:0px;white-space:nowrap;" width:100%;><div aria-live="polite" id="mx7835_holder" class="bc"><img sf="1" aria-hidden="true" active="0" ctype="image" alt=""  src="../webclient/skins-20170809-1350/tivoli09/images/tablebtn_divider.gif" source="tablebtn_divider.gif" imgtype="" style="display:block;margin:0px" border="0"           id="mx7835" title=""/></div></td>
					<td id="mx7856_header_2"   class="hb thb   hbsh" valign="middle" style="padding:0px;white-space:nowrap;" width:100%;><div aria-live="polite" id="mx7836_holder" class="bc"><a  href="javascript: void(0);" ctype="toggleimage" ev="true" tabindex="0"  compid="mx7836"  title="Close Filter CTRL+Z"><img id="mx7836"  aria-disabled="true" aria-hidden="true"  tabindex="-1" border="0" class="ti   " src="../webclient/skins-20170809-1350/tivoli09/images/tablebtn_filter_on.gif" source="tablebtn_filter_on.gif" imgtype="" ev="true" align="top" style="display:block;margin:0px;"  alt="Close Filter CTRL+Z"  /></a>
</div></td>
					<td id="mx7856_header_3"  align="left" class="hb thb   hbsh" valign="middle" style="padding:0px;white-space:nowrap;" width:100%;><div aria-live="polite" id="mx7837_holder" class="bc"><span ctype="label"  id="mx7837"   tabindex="0"      targetid="mx7837"  mxevent="click"  class="text tht   anchor" style="display:block;padding-left:2px;padding-top:2px;;cursor:pointer;;;;" title="Filter">Filter</span></div></td>
					<td id="mx7856_header_4"   class="hb thb   hbsh" valign="middle" style="padding:0px;white-space:nowrap;" width:100%;><div aria-live="polite" id="mx7838_holder" class="bc"><img sf="1" aria-hidden="true" active="0" ctype="image" alt=""  src="../webclient/skins-20170809-1350/tivoli09/images/img_arrow_quickfilter.gif" source="img_arrow_quickfilter.gif" imgtype="" style="display:block;margin:0px" border="0"           id="mx7838" title=""/></div></td>
					<td id="mx7856_header_5"   class="hb thb   hbsh" valign="middle" style="padding:0px;white-space:nowrap;" width:100%;><div aria-live="polite" id="mx7839_holder" class="bc"><a  href="javascript: void(0);" ctype="toggleimage" ev="true" tabindex="0"  compid="mx7839"  title="Filter Table"><img id="mx7839"  aria-disabled="true" aria-hidden="true"  tabindex="-1" border="0" class="ti   " src="../webclient/skins-20170809-1350/tivoli09/images/qf_find.gif" source="qf_find.gif" imgtype="" ev="true" align="top" style="display:block;margin:0px;"  alt="Filter Table"  /></a>
</div></td>
					<td id="mx7856_header_6"   class="hb thb   hbsh" valign="middle" style="padding:0px;white-space:nowrap;" width:100%;><div aria-live="polite" id="mx7840_holder" class="bc"><img sf="1" aria-hidden="true" active="0" ctype="image" alt=""  src="../webclient/skins-20170809-1350/tivoli09/images/tablebtn_divider.gif" source="tablebtn_divider.gif" imgtype="" style="display:block;margin:0px" border="0"           id="mx7840" title=""/></div></td>
					<td id="mx7856_header_7"   class="hb thb   hbsh" valign="middle" style="padding:0px;white-space:nowrap;" width:100%;><div aria-live="polite" id="mx7841_holder" class="bc"><a ctype="toggleimage" ev="false" tabindex="-1" active="0" compid="mx7841"  title="" disabled="disabled"><img id="mx7841"  aria-disabled="true" aria-hidden="true"  tabindex="-1" border="0" class="ti   opacity_30" src="../webclient/skins-20170809-1350/tivoli09/images/qf_clear_disabled.gif" source="qf_clear_disabled.gif" imgtype="" ev="false" align="top" style="display:block;margin:0px;"  alt=""  /></a>
</div></td>
					<td id="mx7856_header_8"   class="hb thb   hbsh" valign="middle" style="padding:0px;white-space:nowrap;" width:100%;></td>
					<td id="mx7856_header_9"   class="hb thb   hbsh" valign="middle" style="padding:0px;white-space:nowrap;" width:100%;></td>
					<td id="mx7856_header_10"   class="hb thb   hbsh" valign="middle" style="padding:0px;white-space:nowrap;" width:100%;><div aria-live="polite" id="mx7844_holder" class="bc"><img sf="1" aria-hidden="true" active="0" ctype="image" alt=""  src="../webclient/skins-20170809-1350/tivoli09/images/tablebtn_divider.gif" source="tablebtn_divider.gif" imgtype="" style="display:block;margin:0px" border="0"           id="mx7844" title=""/></div></td>
					<td id="mx7856_header_11"   class="hb thb   hbsh" valign="middle" style="padding:0px;white-space:nowrap;" width:100%;><div aria-live="polite" id="mx7845_holder" class="bc"><a ctype="toggleimage" ev="false" tabindex="-1" active="0" compid="mx7845"  title="" disabled="disabled"><img id="mx7845"  aria-disabled="true" aria-hidden="true"  tabindex="-1" border="0" class="ti   opacity_30" src="../webclient/skins-20170809-1350/tivoli09/images/tablebtn_nextup_off.gif" source="tablebtn_nextup_off.gif" imgtype="" ev="false" align="top" style="display:block;margin:0px;"  alt=""  /></a>
</div></td>
					<td id="mx7856_header_12"   class="hb thb   hbsh" valign="middle" style="padding:0px;white-space:nowrap;" width:100%;><div aria-live="polite" id="mx7846_holder" class="bc"><img sf="1" aria-hidden="true" active="0" ctype="image" alt=""  src="../webclient/skins-20170809-1350/tivoli09/images/blank.gif" source="blank.gif" imgtype="" style="display:block;margin:0px" border="0"       width="7px" height="7px"   id="mx7846" title=""/></div></td>
					<td id="mx7856_header_13"   class="hb thb   hbsh" valign="middle" style="padding:0px;white-space:nowrap;" width:100%;><div aria-live="polite" id="mx7847_holder" class="bc"><a  href="javascript: void(0);" ctype="toggleimage" ev="true" tabindex="0"  compid="mx7847"  title="Next Row     [CTRL+Down Arrow]"><img id="mx7847"  aria-disabled="true" aria-hidden="true"  tabindex="-1" border="0" class="ti   " src="../webclient/skins-20170809-1350/tivoli09/images/tablebtn_nextdown_on.gif" source="tablebtn_nextdown_on.gif" imgtype="" ev="true" align="top" style="display:block;margin:0px;"  alt="Next Row     [CTRL+Down Arrow]"  /></a>
</div></td>
					<td id="mx7856_header_14"   class="hb thb   hbsh" valign="middle" style="padding:0px;white-space:nowrap;" width:100%;><div aria-live="polite" id="mx7848_holder" class="bc"><img sf="1" aria-hidden="true" active="0" ctype="image" alt=""  src="../webclient/skins-20170809-1350/tivoli09/images/tablebtn_divider.gif" source="tablebtn_divider.gif" imgtype="" style="display:block;margin:0px" border="0"           id="mx7848" title=""/></div></td>
					<td id="mx7856_header_15"   class="hb thb   hbsh" valign="middle" style="padding:0px;white-space:nowrap;" width:100%;><div aria-live="polite" id="mx7849_holder" class="bc"><a ctype="toggleimage" ev="false" tabindex="-1" active="0" compid="mx7849"  title="" disabled="disabled"><img id="mx7849"  aria-disabled="true" aria-hidden="true"  tabindex="-1" border="0" class="ti   opacity_30" src="../webclient/skins-20170809-1350/tivoli09/images/tablebtn_previous_off.gif" source="tablebtn_previous_off.gif" imgtype="" ev="false" align="top" style="display:block;margin:0px;"  alt=""  /></a>
</div></td>
					<td id="mx7856_header_16"  align="left" class="hb thb   hbsh" valign="middle" style="padding:0px;white-space:nowrap;" width:100%;><div aria-live="polite" id="mx7850_holder" class="bc"><label ctype="label"  id="mx7850"    noclick="1"   targetid="mx7850"    class="text tht  " style="display:block;padding-left:2px;padding-top:2px;;;;;" title="1 - 3 of 3">1 - 3 of 3</label></div></td>
					<td id="mx7856_header_17"   class="hb thb   hbsh" valign="middle" style="padding:0px;white-space:nowrap;" width:100%;><div aria-live="polite" id="mx7851_holder" class="bc"><a ctype="toggleimage" ev="false" tabindex="-1" active="0" compid="mx7851"  title="" disabled="disabled"><img id="mx7851"  aria-disabled="true" aria-hidden="true"  tabindex="-1" border="0" class="ti   opacity_30" src="../webclient/skins-20170809-1350/tivoli09/images/tablebtn_next_off.gif" source="tablebtn_next_off.gif" imgtype="" ev="false" align="top" style="display:block;margin:0px;"  alt=""  /></a>
</div></td>
					<td id="mx7856_header_18"   class="hb thb   hbsh" valign="middle" style="padding:0px;white-space:nowrap;" width="100%"><div aria-live="polite" id="mx7852_holder" class="bc">	<div id="mx7852" name="mx7852" class="text ts  ts  "  >&nbsp;</div>
</div></td>
					<td id="mx7856_header_19"  align="left" class="hb thb   hbsh" valign="middle" style="padding:0px;white-space:nowrap;" width="100%"><div aria-live="polite" id="mx7853_holder" class="bc"><a ctype="label"  id="mx7853"  href="http://porud755/maximo/ui/1526722325734?_tbldnld=valuelist&amp;uisessionid=267&amp;csrftoken=6k544bfh8i0h8rfj5656r8noj5" onmouseover="return noStatus();" target="_blank"  noclick="1"   targetid="mx7853"    class="text tht  " style="display:block;;;;;" title="Download"><img id='mx7853_image' src='../webclient/skins-20170809-1350/tivoli09/images/tablebtn_download.gif'  border='0' alt="Download" style='vertical-align:top;margin:0px;margin-left:3px;margin-right:3px;'/><span>Download</span></a></div></td>
					<td id="mx7856_header_20"   class="hb thb   hbsh" valign="middle" style="padding:0px;white-space:nowrap;" width="100%"><div aria-live="polite" id="mx7854_holder" class="bc"><img sf="1" aria-hidden="true" active="0" ctype="image" alt=""  src="../webclient/skins-20170809-1350/tivoli09/images/tablebtn_divider.gif" source="tablebtn_divider.gif" imgtype="" style="display:block;margin:0px" border="0"           id="mx7854" title=""/></div></td>
					<td id="mx7856_header_21"   class="hb thb   hbsh" valign="middle" style="padding:0px;white-space:nowrap;" width="100%"><div aria-live="polite" id="mx7855_holder" class="bc"><a  href="javascript: void(0);" ctype="toggleimage" ev="true" tabindex="0"  compid="mx7855"  title="Hide Table: {0}"><img id="mx7855"  aria-disabled="true" aria-hidden="true"  tabindex="-1" border="0" class="ti   " src="../webclient/skins-20170809-1350/tivoli09/images/minimize.gif" source="minimize.gif" imgtype="" ev="true" align="top" style="display:block;margin:0px;"  alt="Hide Table: {0}"  /></a>
</div></td>
					<td class="h_r"></td>
				</tr>
			</table>
		</td>
				</tr>
				<tr   control="true" id="mx7872_1"    style="vertical-align:top;">
				</tr>
				<tr   control="true" id="mx7872_2"    style="vertical-align:top;">
				<td    nowrap="nowrap"  id="mx7866_0"     valign="top" style="vertical-align:top;"><table role="presentation" control="true" id="mx7865"   width="100%"  class="table  " summary="" onkeydown="tableHotkey(event, this);" style="width:100%;;;vertical-align:top">				<tr   control="true" id="mx7881_0"    style="vertical-align:top;">
				<td    nowrap="nowrap"  id="mx7880_0"   class="tbod " valign="top" style="vertical-align:top;"><div id="mx7879_bodyholder" >
				<div id="mx7879_bodyholder1"  style="width:100%;">
					<table role="grid" id="mx7879" rownum="0" aria-labelledby="mx7834" rowsperpage="20" displayrows="3"  valign="top" summary=""  style="" class="tbod  ">
						<tr>
							<th id="valuelist_lookup_tablebody_rowholder" colspan="200" style='display:none'></th>
						</tr>
	<tr aria-invalid="true" role="row" id="mx7895"    class="ttitr   treven" style="display:;">
	<th id="errtitle"></th>	<th role="columnheader" control="true" id="mx7914"    onclick="" style="; " currentrow="false" class="tc    cursor_hand"   ><table role="presentation" id="mx7914_inner" style="display:inline; " >
			<tr>
					<td    nowrap="nowrap"  id="mx7913_0"     valign="top" style="vertical-align:top;"><table role="presentation" control="true" id="mx7912"   width="100%"  class="  " summary=""  style="width:100%;;;vertical-align:top">				<tr   control="true" id="mx7921_0"    style="vertical-align:top;">
				<td    nowrap="nowrap"  id="mx7920_0"     valign="top" style="vertical-align:top;"><div aria-live="polite" id="mx7916_holder" class="bc"><span ctype="sortlabel"  id="mx7916"   tabindex="0"    ev="0"  targetid="mx7916"  mxevent="click"  class="text hcns   anchor" style="padding:0px;padding-left:1px;margin:0px;;cursor:pointer;;;;" title="Value">Value</span></div><div aria-live="polite" id="mx7917_holder" class="bc"><img id="mx7917"  tabindex="-1" border="0" src="../webclient/skins-20170809-1350/tivoli09/images/col_sort_asc.gif" aria-live="polite" alt="Sort Ascending" width="11" height="11" align="absmiddle" style="margin:0px;"  />
</div></td>
				</tr>
</table>
</td>
		
				</tr>
			</table></th>
		<th role="columnheader" control="true" id="mx7925"    onclick="" style="; " currentrow="false" class="tc    cursor_hand"   ><table role="presentation" id="mx7925_inner" style="display:inline; " >
			<tr>
					<td    nowrap="nowrap"  id="mx7924_0"     valign="top" style="vertical-align:top;"><table role="presentation" control="true" id="mx7923"   width="100%"  class="  " summary=""  style="width:100%;;;vertical-align:top">				<tr   control="true" id="mx7932_0"    style="vertical-align:top;">
				<td    nowrap="nowrap"  id="mx7931_0"     valign="top" style="vertical-align:top;"><div aria-live="polite" id="mx7927_holder" class="bc"><span ctype="sortlabel"  id="mx7927"   tabindex="0"    ev="1"  targetid="mx7927"  mxevent="click"  class="text hcns   anchor" style="padding:0px;padding-left:1px;margin:0px;;cursor:pointer;;;;" title="Description">Description</span></div><div aria-live="polite" id="mx7928_holder" class="bc"><img id="mx7928"  tabindex="-1" border="0" src="../webclient/skins-20170809-1350/tivoli09/images/blank.gif" aria-live="polite" alt="Default Sort" width="0" height="11" align="absmiddle" style="margin:0px;"  />
</div></td>
				</tr>
</table>
</td>
		
				</tr>
			</table></th>
	
	</tr>

	<tr aria-invalid="true" role="row" id="mx7898"  onkeyup="if(tableRowEnterKeyFlag==1 && event.keyCode==KEYCODE_ENTER){sendEvent('filterrows','mx7898','');cancelEvent(event);}" onkeydown="if(event.keyCode == KEYCODE_ENTER) tableRowEnterKeyFlag=1; else tableRowEnterKeyFlag=0;" class="tfr   trodd" style="display:;">
	<td headers="errtitle"></td>	<td role="gridcell" control="true" id="mx7936"    onclick="" style="; " currentrow="false" class="tc    cursor_hand" headers="mx7914"  ><table role="presentation" id="mx7936_inner" style="display:inline; " >
			<tr>
					<td    nowrap="nowrap"  id="mx7935_0"     valign="top" style="vertical-align:top;"><table role="presentation" control="true" id="mx7934"   width="100%"  class="  " summary=""  style="width:100%;;;vertical-align:top">				<tr   control="true" id="mx7944_0"    style="vertical-align:top;">
				<td    nowrap="nowrap"  id="mx7943_0"  align="right"   valign="middle" style="vertical-align:middle;"></td>
				<td    nowrap="nowrap"  id="mx7943_1"     valign="middle" style="vertical-align:middle;"><div aria-live="polite" id="mx7940_holder" class="bc"><input   role="textbox"  id="mx7940" class="fld text tablefilterfield  tt queryField"     ctype="textbox"   li="mx7941"      style=";width:300.0px;"  ontr='true' async='1'  ae="setvalue"    type="text" title="Value filter" value="" ov="" fldInfo='{&quot;query&quot;:true,&quot;eventpriority&quot;:1}'/></div><div aria-live="polite" id="mx7941_holder" class="bc"><img sf="1" aria-hidden="true" active="0" ctype="image" alt=""  src="../webclient/skins-20170809-1350/tivoli09/images/blank.gif" source="blank" imgtype=".gif" style="display:inline;margin:0px;" border="0"  lc="mx7940"    align="absmiddle" width='0px' height='26px'   id="mx7941" title=""/></div></td>
				</tr>
</table>
</td>
		
				</tr>
			</table></td>
		<td role="gridcell" control="true" id="mx7948"    onclick="" style="; " currentrow="false" class="tc    cursor_hand" headers="mx7925"  ><table role="presentation" id="mx7948_inner" style="display:inline; " >
			<tr>
					<td    nowrap="nowrap"  id="mx7947_0"     valign="top" style="vertical-align:top;"><table role="presentation" control="true" id="mx7946"   width="100%"  class="  " summary=""  style="width:100%;;;vertical-align:top">				<tr   control="true" id="mx7956_0"    style="vertical-align:top;">
				<td    nowrap="nowrap"  id="mx7955_0"  align="right"   valign="middle" style="vertical-align:middle;"></td>
				<td    nowrap="nowrap"  id="mx7955_1"     valign="middle" style="vertical-align:middle;"><div aria-live="polite" id="mx7952_holder" class="bc"><input   role="textbox"  id="mx7952" class="fld text tablefilterfield  tt queryField"     ctype="textbox"   li="mx7953"      style=";width:300.0px;"  ontr='true' async='1'  ae="setvalue"    type="text" title="Description filter" value="" ov="" fldInfo='{&quot;query&quot;:true}'/></div><div aria-live="polite" id="mx7953_holder" class="bc"><img sf="1" aria-hidden="true" active="0" ctype="image" alt=""  src="../webclient/skins-20170809-1350/tivoli09/images/blank.gif" source="blank" imgtype=".gif" style="display:inline;margin:0px;" border="0"  lc="mx7952"    align="absmiddle" width='0px' height='26px'   id="mx7953" title=""/></div></td>
				</tr>
</table>
</td>
		
				</tr>
			</table></td>
	
	</tr>

	<tr aria-invalid="true" role="row" id="mx7901"    class="nrm   treven" aria-hidden="true"  style="display:none;">
	<td headers="errtitle"></td>
	</tr>

	<tr aria-invalid="true" role="row" id="mx7904[R:0]"  current="true"   class="tablerow   tcr trodd" style="display:;">
	<td headers="errtitle"><img id='mx7904[R:0]_er_img' src='../webclient/skins-20170809-1350/tivoli09/images/blank.gif' style='display:none' class='tablerow_blank_icon' title="" alt=""/></td>	<td role="gridcell" control="true" id="mx7968[R:0]"    onmouseover="appendClass(this.parentNode,'trh')" onmouseout="removeClass(this.parentNode,'trh')" onclick="tcClick(event,'mx7968[R:0]')" style="; width:;" currentrow="true" class="tc hl   cursor_hand" headers="mx7914"  ><table role="presentation" id="mx7968[R:0]_inner" style="display:inline; " >
			<tr>
					<td    nowrap="nowrap"  id="mx7967[R:0]_0"     valign="top" style="vertical-align:top;"><table role="presentation" control="true" id="mx7966[R:0]"   width="100%"  class="  " summary=""  style="width:100%;;;vertical-align:top">				<tr   control="true" id="mx7972[R:0]_0"    style="vertical-align:top;">
				<td    nowrap="nowrap"  id="mx7971[R:0]_0"  align="left"   valign="top" style="vertical-align:top;"><div aria-live="polite" id="mx7970[R:0]_holder" class="bc"><span ctype="label"  id="mx7970[R:0]"   tabindex="0"      targetid="mx7970[R:0]"  mxevent="click"  class="text txtbold text label  label   anchor" style="padding:0px;padding-left:1px;margin:0px;;cursor:pointer;;;;" title="PC">PC</span></div></td>
				</tr>
</table>
</td>
		
				</tr>
			</table></td>
		<td role="gridcell" control="true" id="mx7976[R:0]"    onmouseover="appendClass(this.parentNode,'trh')" onmouseout="removeClass(this.parentNode,'trh')" onclick="tcClick(event,'mx7976[R:0]')" style="; width:;" currentrow="true" class="tc hl   cursor_hand" headers="mx7925"  ><table role="presentation" id="mx7976[R:0]_inner" style="display:inline; " >
			<tr>
					<td    nowrap="nowrap"  id="mx7975[R:0]_0"     valign="top" style="vertical-align:top;"><table role="presentation" control="true" id="mx7974[R:0]"   width="100%"  class="  " summary=""  style="width:100%;;;vertical-align:top">				<tr   control="true" id="mx7980[R:0]_0"    style="vertical-align:top;">
				<td    nowrap="nowrap"  id="mx7979[R:0]_0"  align="left"   valign="top" style="vertical-align:top;"><div aria-live="polite" id="mx7978[R:0]_holder" class="bc"><span ctype="label"  id="mx7978[R:0]"   tabindex="0"      targetid="mx7978[R:0]"  mxevent="click"  class="text txtbold text label  label   anchor" style="padding:0px;padding-left:1px;margin:0px;;cursor:pointer;;;;" title="Physical constraints">Physical constraints</span></div></td>
				</tr>
</table>
</td>
		
				</tr>
			</table></td>
	
	</tr>

	<tr aria-invalid="true" role="row" id="mx7904[R:1]"    class="tablerow   treven" style="display:;">
	<td headers="errtitle"><img id='mx7904[R:1]_er_img' src='../webclient/skins-20170809-1350/tivoli09/images/blank.gif' style='display:none' class='tablerow_blank_icon' title="" alt=""/></td>	<td role="gridcell" control="true" id="mx7968[R:1]"    onmouseover="appendClass(this.parentNode,'trh')" onmouseout="removeClass(this.parentNode,'trh')" onclick="tcClick(event,'mx7968[R:1]')" style="; width:;" currentrow="false" class="tc hl   cursor_hand" headers="mx7914"  ><table role="presentation" id="mx7968[R:1]_inner" style="display:inline; " >
			<tr>
					<td    nowrap="nowrap"  id="mx7967[R:1]_0"     valign="top" style="vertical-align:top;"><table role="presentation" control="true" id="mx7966[R:1]"   width="100%"  class="  " summary=""  style="width:100%;;;vertical-align:top">				<tr   control="true" id="mx7972[R:1]_0"    style="vertical-align:top;">
				<td    nowrap="nowrap"  id="mx7971[R:1]_0"  align="left"   valign="top" style="vertical-align:top;"><div aria-live="polite" id="mx7970[R:1]_holder" class="bc"><span ctype="label"  id="mx7970[R:1]"   tabindex="0"      targetid="mx7970[R:1]"  mxevent="click"  class="text label  label   anchor" style="padding:0px;padding-left:1px;margin:0px;;cursor:pointer;;;;" title="RC">RC</span></div></td>
				</tr>
</table>
</td>
		
				</tr>
			</table></td>
		<td role="gridcell" control="true" id="mx7976[R:1]"    onmouseover="appendClass(this.parentNode,'trh')" onmouseout="removeClass(this.parentNode,'trh')" onclick="tcClick(event,'mx7976[R:1]')" style="; width:;" currentrow="false" class="tc hl   cursor_hand" headers="mx7925"  ><table role="presentation" id="mx7976[R:1]_inner" style="display:inline; " >
			<tr>
					<td    nowrap="nowrap"  id="mx7975[R:1]_0"     valign="top" style="vertical-align:top;"><table role="presentation" control="true" id="mx7974[R:1]"   width="100%"  class="  " summary=""  style="width:100%;;;vertical-align:top">				<tr   control="true" id="mx7980[R:1]_0"    style="vertical-align:top;">
				<td    nowrap="nowrap"  id="mx7979[R:1]_0"  align="left"   valign="top" style="vertical-align:top;"><div aria-live="polite" id="mx7978[R:1]_holder" class="bc"><span ctype="label"  id="mx7978[R:1]"   tabindex="0"      targetid="mx7978[R:1]"  mxevent="click"  class="text label  label   anchor" style="padding:0px;padding-left:1px;margin:0px;;cursor:pointer;;;;" title="Resource constraints">Resource constraints</span></div></td>
				</tr>
</table>
</td>
		
				</tr>
			</table></td>
	
	</tr>

	<tr aria-invalid="true" role="row" id="mx7904[R:2]"    class="tablerow   trodd" style="display:;">
	<td headers="errtitle"><img id='mx7904[R:2]_er_img' src='../webclient/skins-20170809-1350/tivoli09/images/blank.gif' style='display:none' class='tablerow_blank_icon' title="" alt=""/></td>	<td role="gridcell" control="true" id="mx7968[R:2]"    onmouseover="appendClass(this.parentNode,'trh')" onmouseout="removeClass(this.parentNode,'trh')" onclick="tcClick(event,'mx7968[R:2]')" style="; width:;" currentrow="false" class="tc hl   cursor_hand" headers="mx7914"  ><table role="presentation" id="mx7968[R:2]_inner" style="display:inline; " >
			<tr>
					<td    nowrap="nowrap"  id="mx7967[R:2]_0"     valign="top" style="vertical-align:top;"><table role="presentation" control="true" id="mx7966[R:2]"   width="100%"  class="  " summary=""  style="width:100%;;;vertical-align:top">				<tr   control="true" id="mx7972[R:2]_0"    style="vertical-align:top;">
				<td    nowrap="nowrap"  id="mx7971[R:2]_0"  align="left"   valign="top" style="vertical-align:top;"><div aria-live="polite" id="mx7970[R:2]_holder" class="bc"><span ctype="label"  id="mx7970[R:2]"   tabindex="0"      targetid="mx7970[R:2]"  mxevent="click"  class="text label  label   anchor" style="padding:0px;padding-left:1px;margin:0px;;cursor:pointer;;;;" title="SEC">SEC</span></div></td>
				</tr>
</table>
</td>
		
				</tr>
			</table></td>
		<td role="gridcell" control="true" id="mx7976[R:2]"    onmouseover="appendClass(this.parentNode,'trh')" onmouseout="removeClass(this.parentNode,'trh')" onclick="tcClick(event,'mx7976[R:2]')" style="; width:;" currentrow="false" class="tc hl   cursor_hand" headers="mx7925"  ><table role="presentation" id="mx7976[R:2]_inner" style="display:inline; " >
			<tr>
					<td    nowrap="nowrap"  id="mx7975[R:2]_0"     valign="top" style="vertical-align:top;"><table role="presentation" control="true" id="mx7974[R:2]"   width="100%"  class="  " summary=""  style="width:100%;;;vertical-align:top">				<tr   control="true" id="mx7980[R:2]_0"    style="vertical-align:top;">
				<td    nowrap="nowrap"  id="mx7979[R:2]_0"  align="left"   valign="top" style="vertical-align:top;"><div aria-live="polite" id="mx7978[R:2]_holder" class="bc"><span ctype="label"  id="mx7978[R:2]"   tabindex="0"      targetid="mx7978[R:2]"  mxevent="click"  class="text label  label   anchor" style="padding:0px;padding-left:1px;margin:0px;;cursor:pointer;;;;" title="Social and Environmental constraints">Social and Environmental constraints</span></div></td>
				</tr>
</table>
</td>
		
				</tr>
			</table></td>
	
	</tr>

	<tr aria-invalid="true" role="row" id="mx7910"    class="tablerow   troddtsr" aria-hidden="true"  style="display:none;">
					<td role='gridcell'    colspan='100' nowrap="nowrap"  id="mx7909_0"  align="left" class="tsrs " valign="middle" style="vertical-align:middle;"><div aria-live="polite" id="mx7908_holder" class="bc"><a  href="javascript: void(0);" ctype="toggleimage" ev="false" tabindex="0"  compid="mx7908"  title="Select Specific Records"><img id="mx7908"  aria-disabled="true" aria-hidden="true"  tabindex="-1" border="0" class="ti toggleselectcheckbox  " src="../webclient/skins-20170809-1350/tivoli09/images/table_cb_unchecked.gif" source="table_cb_unchecked" imgtype=".gif" ev="false" align="top" style="display:inline;margin:0px;"  alt="Select Specific Records"  /></a>
		&nbsp;<span id="mx7908_label"  class="text">Select Records</span>
</div></td>

	</tr>

						</table>
					</div>
				</div></td>
				</tr>
</table>
</td>
				</tr>
				<tr   control="true" id="mx7872_3"    style="vertical-align:top;">
				</tr>
		</table>
	
	</div>
<!-- END Tableouter -->
</td>
				</tr>

			</table>
			
			</div>
	
		</td>
	</tr>
</table>
<table role="presentation" width="100%" class="dbottom" height="*" ondblclick="cancelEvent(event);">
	<tr>
		<td class="    dss" align="right">
	
			<table role="presentation" cellspacing="2" width="100%">
							<tr   control="true" id="mx7890_0"    style="vertical-align:top;">

<td colspan="7" height="0" align="right" id="mx7889"  style=";white-space: nowrap;" class="invisbuttongroup">
	<div style="width:100%;;">
		<table id="mx7889_table"  summary="" role="group">
			<tr>
			<td align="right" style="white-space: nowrap;">
<div aria-live="polite" id="mx7892_holder" class="bc">
		<button ctype="pushbutton"      control="true" id="mx7892"  class="text pb default"  style="">Cancel</button></div>			</td>
			</tr>
		</table>
	</div>
</td>
				</tr>

			</table>
			
		</td>
	</tr>
</table>

		</td>
	</tr>
</table>

<img tabindex="0" labelid="mx7821" alt="" id="lookup_VALUELIST_last" onfocus="moveable_onfocus(this);" src="../webclient/skins-20170809-1350/tivoli09/images/blank.gif" width="1" height="1" lastbuttonid="mx7892"></td>
			</tr>
		</table>
		<script>
			window.setTimeout("_initDialog('mx7832','lookup_VALUELIST',-1,true)", 50);
		</script>
]]></component>

<deferredscript><![CDATA[scrollScreen('0','0');focusItem('mx7940',true);resetLogoutTimer(true);if(tpaeConfig.validationOn) {setButtonEnabled(saveButton,true)};]]></deferredscript></server_response>