<?xml version="1.0" encoding="UTF-8" ?>
<server_response csrftoken="6k544bfh8i0h8rfj5656r8noj5">
	<component id="mx900_holder"><![CDATA[<script>
		var el = document.getElementById("mx900");
		if(el)
		{
			el.style.display="";
		}
	</script>]]></component>
	<component id="mx1123_holder"><![CDATA[<script>
		var el = document.getElementById("mx1123");
		if(el)
		{
			el.style.display="";
		}
	</script>]]></component>
	<component id="mx1267_holder"><![CDATA[<script>
		var el = document.getElementById("mx1267");
		if(el)
		{
			el.style.display="";
		}
	</script>]]></component>
	<component id="mx1324_holder"><![CDATA[<script>
		var el = document.getElementById("mx1324");
		if(el)
		{
			el.style.display="";
		}
	</script>]]></component>
	<component id="mx1420_holder"><![CDATA[<script>
		var el = document.getElementById("mx1420");
		if(el)
		{
			el.style.display="";
		}
	</script>]]></component>
<component vis="true" id="mx1481_holder" compid="mx1481"><![CDATA[<input  aria-required="true"  role="textbox"  id="mx1481" class="fld text text  fld fld_req"     ctype="textbox"   li="mx1482"     maxlength="3" style=";width:75.0px;"   async='1'  ae="setvalue"    type="text" title="Programming Reason Category: RC" value="RC" ov="RC" work="1" fldInfo='{&quot;length&quot;:&quot;3&quot;,&quot;inttype&quot;:&quot;0&quot;,&quot;lookup&quot;:&quot;VALUELIST&quot;,&quot;eventpriority&quot;:2,&quot;required&quot;:true}'/>]]></component>
	<compvalue id="mx1481"><![CDATA[RC]]></compvalue>
<component vis="true" id="mx1484_holder" compid="mx1484"><![CDATA[<input  aria-readonly="true"  role="textbox"  id="mx1484" class="fld text    fld fld_ro"     ctype="textbox"   li="mx1485"     maxlength="100" style=";width:300.0px;"   async='1'  ae="setvalue" sue="1" tabindex="-1" readonly="readonly" type="text" title="Description: Resource constraints" value="Resource constraints" ov="Resource constraints" work="1" fldInfo='{&quot;length&quot;:&quot;100&quot;,&quot;inttype&quot;:&quot;0&quot;,&quot;eventpriority&quot;:2}'/>]]></component>
	<compvalue id="mx1484"><![CDATA[Resource constraints]]></compvalue>
	<component id="mx1544_holder"><![CDATA[<script>
		var el = document.getElementById("mx1544");
		if(el)
		{
			el.style.display="";
		}
	</script>]]></component>
<component vis="true" id="mx7832_holder" compid="mx7832" replacemethod="NONE"><![CDATA[
			<script>
			cancelTimerCalls();
			cancelQueryTimeout();
			dialogCount--;
			showObjs();
			var dialogToRemove=getElement("mx7832_inner");
			if(dialogToRemove)
			{
				removePageAutoFill("1");
				dialogTD=dialogToRemove.parentNode;
				dialogRow=dialogTD.parentNode;
				dialogRow.deleteCell(dialogTD.cellIndex);
				removeModalWaitLayer();
			}
			</script>
		]]></component>


<deferredscript><![CDATA[focusItem('mx1481',true);resetLogoutTimer(true);if(tpaeConfig.validationOn) {setButtonEnabled(saveButton,true)};]]></deferredscript></server_response>