<?xml version="1.0" encoding="UTF-8" ?>
<server_response csrftoken="6k544bfh8i0h8rfj5656r8noj5">
<!-- Begin of the DIALOG -->
<component vis="true" id="mx8013_holder" compid="mx8013" replacemethod="addDialog"><![CDATA[			<div id='mx8013_inner_dialogwait'  class='wait'>&nbsp;</div>
				<table id="mx8013_inner"  role="dialog" aria-labelledby="mx8002" positionAtTop="false" positionX="" positionY="" modal="true" width="200" height="50" class="dsc1 mc modal" border="0" defaultbutton="" control="true" onmousedown='hideAllMenus();'onkeypress="if(hasKeyCode(event,'KEYCODE_ESC')) {sendEvent('dialogcancel','mx8013', null, null); }"ondragstart='return false;' ondblclick="toggleMinimize('mx8013')"  style="visibility:hidden;" cellpadding="0px" cellspacing="0px">
			<tr id="mx8013_content0" aria-live="polite"   style="" valign="top">
				<td id="mx8013_inner_content"  valign="BOTTOM"  style="padding:0px; %>">
<img tabindex="0" alt="" id="lookup_valuelist_first" alt="" onfocus="moveable_onfocus(this);" src="../webclient/skins-20170809-1350/tivoli09/images/blank.gif" width="1" height="1" style="display:inline;margin:0px" firstbuttonid="first"/><table id="mx8007"  width="100%" style="margin:0px;" class="" role="presentation">
			<tr>
				<td id="mx8007_middle"  class="dh mh dhb  " valign="middle" align="left" width="*">
					<table role="presentation" class="" width="100%">
						<tr>
							<td valign="center" align="left" style="padding:0px;white-space:nowrap;" class="dh mh">
								<table role="presentation"  width="100%">
									<tr>
					<td id="mx8007_header_0"  align="left" class="dhbsh" valign="middle" style="padding:0px;white-space:nowrap;" width:100%;></td>
					<td id="mx8007_header_1"  align="left" class="dhbsh" valign="middle" style="padding:0px;white-space:nowrap;" width:100%;><div aria-live="polite" id="mx8002_holder" class="bc"><h1 labelledby="mx8002" style="display:inline" title="Select Value"><label ctype="label"  id="mx8002"    noclick="1"   targetid="mx8002"    class="text dh mh  " style="display:block;padding-left:2px;padding-top:2px;;;;;" title="Select Value">Select Value</label></h1></div></td>
					<td id="mx8007_header_2"   class="dhbsh" valign="middle" style="padding:0px;white-space:nowrap;" width="100%"><div aria-live="polite" id="mx8003_holder" class="bc">	<div id="mx8003" name="mx8003" class="ts dh mh  "  >&nbsp;</div>
</div></td>
					<td id="mx8007_header_3"  align="right" class="dhbsh" valign="middle" style="padding:0px;white-space:nowrap;" width="100%"></td>
					<td id="mx8007_header_4"  align="right" class="dhbsh" valign="middle" style="padding:0px;white-space:nowrap;" width="100%"></td>
					<td id="mx8007_header_5"  align="right" class="dhbsh" valign="middle" style="padding:0px;white-space:nowrap;" width="100%"></td>
								</tr>
								</table>
							</td>
						</tr>
					</table>
				</td>
			</tr>
		</table></td>
			</tr>
			<tr id="mx8013_content1" aria-live="polite"   style="" valign="top">
				<td id="mx8013_inner_content"  valign="BOTTOM"  style="padding:0px; %>">
<table role="presentation" id="mx8012"  class="dialogb" width="100%" style="position:relative;top:0px;margin:0px;" height="100%" ondblclick="cancelEvent(event);">
	<tr>
		<td class="  " style=";padding:0px;" align="">

		<table role="presentation" width="100%"  height="*" ondblclick="cancelEvent(event);">
	<tr>
		<td class="    dss" align="center">
	<div aria-live="polite" id="dialogmessage_holder" class="bc"><label ctype="label"  id="dialogmessage"    noclick="1"   targetid="dialogmessage"  role='alert'    class="text label  label  text  dum" style="display:block;padding-left:2px;padding-top:2px;;;;;" title="">&nbsp;</label></div>
		</td>
	</tr>
</table>
<table role="presentation" width="100%"  height="*" ondblclick="cancelEvent(event);">
	<tr>
		<td class="db    dss" align="">
	
			<div id="lookup_valuelist_bodydiv" class="dbDiv"  onscroll='hideAllMenusNF()'>
	
			<table role="presentation" cellspacing="2" width="100%">
							<tr   control="true" id="mx8056_0"    style="vertical-align:top;">
				<td    nowrap="nowrap"  id="mx8055_0"     valign="top" style="vertical-align:top;">
	<!-- BEGIN Tableouter -->
	<div nowrap id="mx8054_holder" class="tableouter"  style="display:inline;background-color: inherit !important">
	
		<table role="presentation" id="mx8054"  valign="top" summary="" class="  " style="width:100%;border-collapse: collapse;">
				<tr   control="true" id="mx8053_0"    style="vertical-align:top;">
		<td id="mx8037" class="hbouter"  style="padding:0px;;white-space:nowrap;" onkeydown="tableHotkey(event, this);" role="presentation">
			<table cellspacing="0" cellpadding="0" style="width:100%;" class="" role="presentation">
				<tr>
						<td class="h_l"></td>
					<td id="mx8037_header_0"  align="left" class="hb thb   hbsh" valign="middle" style="padding:0px;white-space:nowrap;" width:100%;><div aria-live="polite" id="mx8015_holder" class="bc"></div></td>
					<td id="mx8037_header_1"   class="hb thb   hbsh" valign="middle" style="padding:0px;white-space:nowrap;" width:100%;><div aria-live="polite" id="mx8016_holder" class="bc"><img sf="1" aria-hidden="true" active="0" ctype="image" alt=""  src="../webclient/skins-20170809-1350/tivoli09/images/tablebtn_divider.gif" source="tablebtn_divider.gif" imgtype="" style="display:block;margin:0px" border="0"           id="mx8016" title=""/></div></td>
					<td id="mx8037_header_2"   class="hb thb   hbsh" valign="middle" style="padding:0px;white-space:nowrap;" width:100%;><div aria-live="polite" id="mx8017_holder" class="bc"><a  href="javascript: void(0);" ctype="toggleimage" ev="true" tabindex="0"  compid="mx8017"  title="Close Filter CTRL+Z"><img id="mx8017"  aria-disabled="true" aria-hidden="true"  tabindex="-1" border="0" class="ti   " src="../webclient/skins-20170809-1350/tivoli09/images/tablebtn_filter_on.gif" source="tablebtn_filter_on.gif" imgtype="" ev="true" align="top" style="display:block;margin:0px;"  alt="Close Filter CTRL+Z"  /></a>
</div></td>
					<td id="mx8037_header_3"  align="left" class="hb thb   hbsh" valign="middle" style="padding:0px;white-space:nowrap;" width:100%;><div aria-live="polite" id="mx8018_holder" class="bc"><span ctype="label"  id="mx8018"   tabindex="0"      targetid="mx8018"  mxevent="click"  class="text tht   anchor" style="display:block;padding-left:2px;padding-top:2px;;cursor:pointer;;;;" title="Filter">Filter</span></div></td>
					<td id="mx8037_header_4"   class="hb thb   hbsh" valign="middle" style="padding:0px;white-space:nowrap;" width:100%;><div aria-live="polite" id="mx8019_holder" class="bc"><img sf="1" aria-hidden="true" active="0" ctype="image" alt=""  src="../webclient/skins-20170809-1350/tivoli09/images/img_arrow_quickfilter.gif" source="img_arrow_quickfilter.gif" imgtype="" style="display:block;margin:0px" border="0"           id="mx8019" title=""/></div></td>
					<td id="mx8037_header_5"   class="hb thb   hbsh" valign="middle" style="padding:0px;white-space:nowrap;" width:100%;><div aria-live="polite" id="mx8020_holder" class="bc"><a  href="javascript: void(0);" ctype="toggleimage" ev="true" tabindex="0"  compid="mx8020"  title="Filter Table"><img id="mx8020"  aria-disabled="true" aria-hidden="true"  tabindex="-1" border="0" class="ti   " src="../webclient/skins-20170809-1350/tivoli09/images/qf_find.gif" source="qf_find.gif" imgtype="" ev="true" align="top" style="display:block;margin:0px;"  alt="Filter Table"  /></a>
</div></td>
					<td id="mx8037_header_6"   class="hb thb   hbsh" valign="middle" style="padding:0px;white-space:nowrap;" width:100%;><div aria-live="polite" id="mx8021_holder" class="bc"><img sf="1" aria-hidden="true" active="0" ctype="image" alt=""  src="../webclient/skins-20170809-1350/tivoli09/images/tablebtn_divider.gif" source="tablebtn_divider.gif" imgtype="" style="display:block;margin:0px" border="0"           id="mx8021" title=""/></div></td>
					<td id="mx8037_header_7"   class="hb thb   hbsh" valign="middle" style="padding:0px;white-space:nowrap;" width:100%;><div aria-live="polite" id="mx8022_holder" class="bc"><a ctype="toggleimage" ev="false" tabindex="-1" active="0" compid="mx8022"  title="" disabled="disabled"><img id="mx8022"  aria-disabled="true" aria-hidden="true"  tabindex="-1" border="0" class="ti   opacity_30" src="../webclient/skins-20170809-1350/tivoli09/images/qf_clear_disabled.gif" source="qf_clear_disabled.gif" imgtype="" ev="false" align="top" style="display:block;margin:0px;"  alt=""  /></a>
</div></td>
					<td id="mx8037_header_8"   class="hb thb   hbsh" valign="middle" style="padding:0px;white-space:nowrap;" width:100%;></td>
					<td id="mx8037_header_9"   class="hb thb   hbsh" valign="middle" style="padding:0px;white-space:nowrap;" width:100%;></td>
					<td id="mx8037_header_10"   class="hb thb   hbsh" valign="middle" style="padding:0px;white-space:nowrap;" width:100%;><div aria-live="polite" id="mx8025_holder" class="bc"><img sf="1" aria-hidden="true" active="0" ctype="image" alt=""  src="../webclient/skins-20170809-1350/tivoli09/images/tablebtn_divider.gif" source="tablebtn_divider.gif" imgtype="" style="display:block;margin:0px" border="0"           id="mx8025" title=""/></div></td>
					<td id="mx8037_header_11"   class="hb thb   hbsh" valign="middle" style="padding:0px;white-space:nowrap;" width:100%;><div aria-live="polite" id="mx8026_holder" class="bc"><a ctype="toggleimage" ev="false" tabindex="-1" active="0" compid="mx8026"  title="" disabled="disabled"><img id="mx8026"  aria-disabled="true" aria-hidden="true"  tabindex="-1" border="0" class="ti   opacity_30" src="../webclient/skins-20170809-1350/tivoli09/images/tablebtn_nextup_off.gif" source="tablebtn_nextup_off.gif" imgtype="" ev="false" align="top" style="display:block;margin:0px;"  alt=""  /></a>
</div></td>
					<td id="mx8037_header_12"   class="hb thb   hbsh" valign="middle" style="padding:0px;white-space:nowrap;" width:100%;><div aria-live="polite" id="mx8027_holder" class="bc"><img sf="1" aria-hidden="true" active="0" ctype="image" alt=""  src="../webclient/skins-20170809-1350/tivoli09/images/blank.gif" source="blank.gif" imgtype="" style="display:block;margin:0px" border="0"       width="7px" height="7px"   id="mx8027" title=""/></div></td>
					<td id="mx8037_header_13"   class="hb thb   hbsh" valign="middle" style="padding:0px;white-space:nowrap;" width:100%;><div aria-live="polite" id="mx8028_holder" class="bc"><a  href="javascript: void(0);" ctype="toggleimage" ev="true" tabindex="0"  compid="mx8028"  title="Next Row     [CTRL+Down Arrow]"><img id="mx8028"  aria-disabled="true" aria-hidden="true"  tabindex="-1" border="0" class="ti   " src="../webclient/skins-20170809-1350/tivoli09/images/tablebtn_nextdown_on.gif" source="tablebtn_nextdown_on.gif" imgtype="" ev="true" align="top" style="display:block;margin:0px;"  alt="Next Row     [CTRL+Down Arrow]"  /></a>
</div></td>
					<td id="mx8037_header_14"   class="hb thb   hbsh" valign="middle" style="padding:0px;white-space:nowrap;" width:100%;><div aria-live="polite" id="mx8029_holder" class="bc"><img sf="1" aria-hidden="true" active="0" ctype="image" alt=""  src="../webclient/skins-20170809-1350/tivoli09/images/tablebtn_divider.gif" source="tablebtn_divider.gif" imgtype="" style="display:block;margin:0px" border="0"           id="mx8029" title=""/></div></td>
					<td id="mx8037_header_15"   class="hb thb   hbsh" valign="middle" style="padding:0px;white-space:nowrap;" width:100%;><div aria-live="polite" id="mx8030_holder" class="bc"><a ctype="toggleimage" ev="false" tabindex="-1" active="0" compid="mx8030"  title="" disabled="disabled"><img id="mx8030"  aria-disabled="true" aria-hidden="true"  tabindex="-1" border="0" class="ti   opacity_30" src="../webclient/skins-20170809-1350/tivoli09/images/tablebtn_previous_off.gif" source="tablebtn_previous_off.gif" imgtype="" ev="false" align="top" style="display:block;margin:0px;"  alt=""  /></a>
</div></td>
					<td id="mx8037_header_16"  align="left" class="hb thb   hbsh" valign="middle" style="padding:0px;white-space:nowrap;" width:100%;><div aria-live="polite" id="mx8031_holder" class="bc"><label ctype="label"  id="mx8031"    noclick="1"   targetid="mx8031"    class="text tht  " style="display:block;padding-left:2px;padding-top:2px;;;;;" title="1 - 3 of 3">1 - 3 of 3</label></div></td>
					<td id="mx8037_header_17"   class="hb thb   hbsh" valign="middle" style="padding:0px;white-space:nowrap;" width:100%;><div aria-live="polite" id="mx8032_holder" class="bc"><a ctype="toggleimage" ev="false" tabindex="-1" active="0" compid="mx8032"  title="" disabled="disabled"><img id="mx8032"  aria-disabled="true" aria-hidden="true"  tabindex="-1" border="0" class="ti   opacity_30" src="../webclient/skins-20170809-1350/tivoli09/images/tablebtn_next_off.gif" source="tablebtn_next_off.gif" imgtype="" ev="false" align="top" style="display:block;margin:0px;"  alt=""  /></a>
</div></td>
					<td id="mx8037_header_18"   class="hb thb   hbsh" valign="middle" style="padding:0px;white-space:nowrap;" width="100%"><div aria-live="polite" id="mx8033_holder" class="bc">	<div id="mx8033" name="mx8033" class="text ts  ts  "  >&nbsp;</div>
</div></td>
					<td id="mx8037_header_19"  align="left" class="hb thb   hbsh" valign="middle" style="padding:0px;white-space:nowrap;" width="100%"><div aria-live="polite" id="mx8034_holder" class="bc"><a ctype="label"  id="mx8034"  href="http://porud755/maximo/ui/1526722331145?_tbldnld=valuelist&amp;uisessionid=267&amp;csrftoken=6k544bfh8i0h8rfj5656r8noj5" onmouseover="return noStatus();" target="_blank"  noclick="1"   targetid="mx8034"    class="text tht  " style="display:block;;;;;" title="Download"><img id='mx8034_image' src='../webclient/skins-20170809-1350/tivoli09/images/tablebtn_download.gif'  border='0' alt="Download" style='vertical-align:top;margin:0px;margin-left:3px;margin-right:3px;'/><span>Download</span></a></div></td>
					<td id="mx8037_header_20"   class="hb thb   hbsh" valign="middle" style="padding:0px;white-space:nowrap;" width="100%"><div aria-live="polite" id="mx8035_holder" class="bc"><img sf="1" aria-hidden="true" active="0" ctype="image" alt=""  src="../webclient/skins-20170809-1350/tivoli09/images/tablebtn_divider.gif" source="tablebtn_divider.gif" imgtype="" style="display:block;margin:0px" border="0"           id="mx8035" title=""/></div></td>
					<td id="mx8037_header_21"   class="hb thb   hbsh" valign="middle" style="padding:0px;white-space:nowrap;" width="100%"><div aria-live="polite" id="mx8036_holder" class="bc"><a  href="javascript: void(0);" ctype="toggleimage" ev="true" tabindex="0"  compid="mx8036"  title="Hide Table: {0}"><img id="mx8036"  aria-disabled="true" aria-hidden="true"  tabindex="-1" border="0" class="ti   " src="../webclient/skins-20170809-1350/tivoli09/images/minimize.gif" source="minimize.gif" imgtype="" ev="true" align="top" style="display:block;margin:0px;"  alt="Hide Table: {0}"  /></a>
</div></td>
					<td class="h_r"></td>
				</tr>
			</table>
		</td>
				</tr>
				<tr   control="true" id="mx8053_1"    style="vertical-align:top;">
				</tr>
				<tr   control="true" id="mx8053_2"    style="vertical-align:top;">
				<td    nowrap="nowrap"  id="mx8047_0"     valign="top" style="vertical-align:top;"><table role="presentation" control="true" id="mx8046"   width="100%"  class="table  " summary="" onkeydown="tableHotkey(event, this);" style="width:100%;;;vertical-align:top">				<tr   control="true" id="mx8062_0"    style="vertical-align:top;">
				<td    nowrap="nowrap"  id="mx8061_0"   class="tbod " valign="top" style="vertical-align:top;"><div id="mx8060_bodyholder" >
				<div id="mx8060_bodyholder1"  style="width:100%;">
					<table role="grid" id="mx8060" rownum="0" aria-labelledby="mx8015" rowsperpage="20" displayrows="3"  valign="top" summary=""  style="" class="tbod  ">
						<tr>
							<th id="valuelist_lookup_tablebody_rowholder" colspan="200" style='display:none'></th>
						</tr>
	<tr aria-invalid="true" role="row" id="mx8076"    class="ttitr   treven" style="display:;">
	<th id="errtitle"></th>	<th role="columnheader" control="true" id="mx8095"    onclick="" style="; " currentrow="false" class="tc    cursor_hand"   ><table role="presentation" id="mx8095_inner" style="display:inline; " >
			<tr>
					<td    nowrap="nowrap"  id="mx8094_0"     valign="top" style="vertical-align:top;"><table role="presentation" control="true" id="mx8093"   width="100%"  class="  " summary=""  style="width:100%;;;vertical-align:top">				<tr   control="true" id="mx8102_0"    style="vertical-align:top;">
				<td    nowrap="nowrap"  id="mx8101_0"     valign="top" style="vertical-align:top;"><div aria-live="polite" id="mx8097_holder" class="bc"><span ctype="sortlabel"  id="mx8097"   tabindex="0"    ev="0"  targetid="mx8097"  mxevent="click"  class="text hcns   anchor" style="padding:0px;padding-left:1px;margin:0px;;cursor:pointer;;;;" title="Value">Value</span></div><div aria-live="polite" id="mx8098_holder" class="bc"><img id="mx8098"  tabindex="-1" border="0" src="../webclient/skins-20170809-1350/tivoli09/images/col_sort_asc.gif" aria-live="polite" alt="Sort Ascending" width="11" height="11" align="absmiddle" style="margin:0px;"  />
</div></td>
				</tr>
</table>
</td>
		
				</tr>
			</table></th>
		<th role="columnheader" control="true" id="mx8106"    onclick="" style="; " currentrow="false" class="tc    cursor_hand"   ><table role="presentation" id="mx8106_inner" style="display:inline; " >
			<tr>
					<td    nowrap="nowrap"  id="mx8105_0"     valign="top" style="vertical-align:top;"><table role="presentation" control="true" id="mx8104"   width="100%"  class="  " summary=""  style="width:100%;;;vertical-align:top">				<tr   control="true" id="mx8113_0"    style="vertical-align:top;">
				<td    nowrap="nowrap"  id="mx8112_0"     valign="top" style="vertical-align:top;"><div aria-live="polite" id="mx8108_holder" class="bc"><span ctype="sortlabel"  id="mx8108"   tabindex="0"    ev="1"  targetid="mx8108"  mxevent="click"  class="text hcns   anchor" style="padding:0px;padding-left:1px;margin:0px;;cursor:pointer;;;;" title="Description">Description</span></div><div aria-live="polite" id="mx8109_holder" class="bc"><img id="mx8109"  tabindex="-1" border="0" src="../webclient/skins-20170809-1350/tivoli09/images/blank.gif" aria-live="polite" alt="Default Sort" width="0" height="11" align="absmiddle" style="margin:0px;"  />
</div></td>
				</tr>
</table>
</td>
		
				</tr>
			</table></th>
	
	</tr>

	<tr aria-invalid="true" role="row" id="mx8079"  onkeyup="if(tableRowEnterKeyFlag==1 && event.keyCode==KEYCODE_ENTER){sendEvent('filterrows','mx8079','');cancelEvent(event);}" onkeydown="if(event.keyCode == KEYCODE_ENTER) tableRowEnterKeyFlag=1; else tableRowEnterKeyFlag=0;" class="tfr   trodd" style="display:;">
	<td headers="errtitle"></td>	<td role="gridcell" control="true" id="mx8117"    onclick="" style="; " currentrow="false" class="tc    cursor_hand" headers="mx8095"  ><table role="presentation" id="mx8117_inner" style="display:inline; " >
			<tr>
					<td    nowrap="nowrap"  id="mx8116_0"     valign="top" style="vertical-align:top;"><table role="presentation" control="true" id="mx8115"   width="100%"  class="  " summary=""  style="width:100%;;;vertical-align:top">				<tr   control="true" id="mx8125_0"    style="vertical-align:top;">
				<td    nowrap="nowrap"  id="mx8124_0"  align="right"   valign="middle" style="vertical-align:middle;"></td>
				<td    nowrap="nowrap"  id="mx8124_1"     valign="middle" style="vertical-align:middle;"><div aria-live="polite" id="mx8121_holder" class="bc"><input   role="textbox"  id="mx8121" class="fld text tablefilterfield  tt queryField"     ctype="textbox"   li="mx8122"      style=";width:300.0px;"  ontr='true' async='1'  ae="setvalue"    type="text" title="Value filter" value="" ov="" fldInfo='{&quot;query&quot;:true,&quot;eventpriority&quot;:1}'/></div><div aria-live="polite" id="mx8122_holder" class="bc"><img sf="1" aria-hidden="true" active="0" ctype="image" alt=""  src="../webclient/skins-20170809-1350/tivoli09/images/blank.gif" source="blank" imgtype=".gif" style="display:inline;margin:0px;" border="0"  lc="mx8121"    align="absmiddle" width='0px' height='26px'   id="mx8122" title=""/></div></td>
				</tr>
</table>
</td>
		
				</tr>
			</table></td>
		<td role="gridcell" control="true" id="mx8129"    onclick="" style="; " currentrow="false" class="tc    cursor_hand" headers="mx8106"  ><table role="presentation" id="mx8129_inner" style="display:inline; " >
			<tr>
					<td    nowrap="nowrap"  id="mx8128_0"     valign="top" style="vertical-align:top;"><table role="presentation" control="true" id="mx8127"   width="100%"  class="  " summary=""  style="width:100%;;;vertical-align:top">				<tr   control="true" id="mx8137_0"    style="vertical-align:top;">
				<td    nowrap="nowrap"  id="mx8136_0"  align="right"   valign="middle" style="vertical-align:middle;"></td>
				<td    nowrap="nowrap"  id="mx8136_1"     valign="middle" style="vertical-align:middle;"><div aria-live="polite" id="mx8133_holder" class="bc"><input   role="textbox"  id="mx8133" class="fld text tablefilterfield  tt queryField"     ctype="textbox"   li="mx8134"      style=";width:300.0px;"  ontr='true' async='1'  ae="setvalue"    type="text" title="Description filter" value="" ov="" fldInfo='{&quot;query&quot;:true}'/></div><div aria-live="polite" id="mx8134_holder" class="bc"><img sf="1" aria-hidden="true" active="0" ctype="image" alt=""  src="../webclient/skins-20170809-1350/tivoli09/images/blank.gif" source="blank" imgtype=".gif" style="display:inline;margin:0px;" border="0"  lc="mx8133"    align="absmiddle" width='0px' height='26px'   id="mx8134" title=""/></div></td>
				</tr>
</table>
</td>
		
				</tr>
			</table></td>
	
	</tr>

	<tr aria-invalid="true" role="row" id="mx8082"    class="nrm   treven" aria-hidden="true"  style="display:none;">
	<td headers="errtitle"></td>
	</tr>

	<tr aria-invalid="true" role="row" id="mx8085[R:0]"  current="true"   class="tablerow   tcr trodd" style="display:;">
	<td headers="errtitle"><img id='mx8085[R:0]_er_img' src='../webclient/skins-20170809-1350/tivoli09/images/blank.gif' style='display:none' class='tablerow_blank_icon' title="" alt=""/></td>	<td role="gridcell" control="true" id="mx8149[R:0]"    onmouseover="appendClass(this.parentNode,'trh')" onmouseout="removeClass(this.parentNode,'trh')" onclick="tcClick(event,'mx8149[R:0]')" style="; width:;" currentrow="true" class="tc hl   cursor_hand" headers="mx8095"  ><table role="presentation" id="mx8149[R:0]_inner" style="display:inline; " >
			<tr>
					<td    nowrap="nowrap"  id="mx8148[R:0]_0"     valign="top" style="vertical-align:top;"><table role="presentation" control="true" id="mx8147[R:0]"   width="100%"  class="  " summary=""  style="width:100%;;;vertical-align:top">				<tr   control="true" id="mx8153[R:0]_0"    style="vertical-align:top;">
				<td    nowrap="nowrap"  id="mx8152[R:0]_0"  align="left"   valign="top" style="vertical-align:top;"><div aria-live="polite" id="mx8151[R:0]_holder" class="bc"><span ctype="label"  id="mx8151[R:0]"   tabindex="0"      targetid="mx8151[R:0]"  mxevent="click"  class="text txtbold text label  label   anchor" style="padding:0px;padding-left:1px;margin:0px;;cursor:pointer;;;;" title="1">1</span></div></td>
				</tr>
</table>
</td>
		
				</tr>
			</table></td>
		<td role="gridcell" control="true" id="mx8157[R:0]"    onmouseover="appendClass(this.parentNode,'trh')" onmouseout="removeClass(this.parentNode,'trh')" onclick="tcClick(event,'mx8157[R:0]')" style="; width:;" currentrow="true" class="tc hl   cursor_hand" headers="mx8106"  ><table role="presentation" id="mx8157[R:0]_inner" style="display:inline; " >
			<tr>
					<td    nowrap="nowrap"  id="mx8156[R:0]_0"     valign="top" style="vertical-align:top;"><table role="presentation" control="true" id="mx8155[R:0]"   width="100%"  class="  " summary=""  style="width:100%;;;vertical-align:top">				<tr   control="true" id="mx8161[R:0]_0"    style="vertical-align:top;">
				<td    nowrap="nowrap"  id="mx8160[R:0]_0"  align="left"   valign="top" style="vertical-align:top;"><div aria-live="polite" id="mx8159[R:0]_holder" class="bc"><div ctype="label"  id="mx8159[R:0]"   tabindex="0"      targetid="mx8159[R:0]"  mxevent="click"  class="text txtbold text label  label   anchor" style="padding:0px;padding-left:1px;padding-top:5px;padding-bottom:5px;;cursor:pointer;;;;" title="All ELR teams already deployed on gas emergency work">All ELR teams already deployed on gas<br/>emergency work</div></div></td>
				</tr>
</table>
</td>
		
				</tr>
			</table></td>
	
	</tr>

	<tr aria-invalid="true" role="row" id="mx8085[R:1]"    class="tablerow   treven" style="display:;">
	<td headers="errtitle"><img id='mx8085[R:1]_er_img' src='../webclient/skins-20170809-1350/tivoli09/images/blank.gif' style='display:none' class='tablerow_blank_icon' title="" alt=""/></td>	<td role="gridcell" control="true" id="mx8149[R:1]"    onmouseover="appendClass(this.parentNode,'trh')" onmouseout="removeClass(this.parentNode,'trh')" onclick="tcClick(event,'mx8149[R:1]')" style="; width:;" currentrow="false" class="tc hl   cursor_hand" headers="mx8095"  ><table role="presentation" id="mx8149[R:1]_inner" style="display:inline; " >
			<tr>
					<td    nowrap="nowrap"  id="mx8148[R:1]_0"     valign="top" style="vertical-align:top;"><table role="presentation" control="true" id="mx8147[R:1]"   width="100%"  class="  " summary=""  style="width:100%;;;vertical-align:top">				<tr   control="true" id="mx8153[R:1]_0"    style="vertical-align:top;">
				<td    nowrap="nowrap"  id="mx8152[R:1]_0"  align="left"   valign="top" style="vertical-align:top;"><div aria-live="polite" id="mx8151[R:1]_holder" class="bc"><span ctype="label"  id="mx8151[R:1]"   tabindex="0"      targetid="mx8151[R:1]"  mxevent="click"  class="text label  label   anchor" style="padding:0px;padding-left:1px;margin:0px;;cursor:pointer;;;;" title="2">2</span></div></td>
				</tr>
</table>
</td>
		
				</tr>
			</table></td>
		<td role="gridcell" control="true" id="mx8157[R:1]"    onmouseover="appendClass(this.parentNode,'trh')" onmouseout="removeClass(this.parentNode,'trh')" onclick="tcClick(event,'mx8157[R:1]')" style="; width:;" currentrow="false" class="tc hl   cursor_hand" headers="mx8106"  ><table role="presentation" id="mx8157[R:1]_inner" style="display:inline; " >
			<tr>
					<td    nowrap="nowrap"  id="mx8156[R:1]_0"     valign="top" style="vertical-align:top;"><table role="presentation" control="true" id="mx8155[R:1]"   width="100%"  class="  " summary=""  style="width:100%;;;vertical-align:top">				<tr   control="true" id="mx8161[R:1]_0"    style="vertical-align:top;">
				<td    nowrap="nowrap"  id="mx8160[R:1]_0"  align="left"   valign="top" style="vertical-align:top;"><div aria-live="polite" id="mx8159[R:1]_holder" class="bc"><div ctype="label"  id="mx8159[R:1]"   tabindex="0"      targetid="mx8159[R:1]"  mxevent="click"  class="text label  label   anchor" style="padding:0px;padding-left:1px;padding-top:5px;padding-bottom:5px;;cursor:pointer;;;;" title="ELR team resources were diverted to more serious and immediate risks">ELR team resources were diverted to more<br/>serious and immediate risks</div></div></td>
				</tr>
</table>
</td>
		
				</tr>
			</table></td>
	
	</tr>

	<tr aria-invalid="true" role="row" id="mx8085[R:2]"    class="tablerow   trodd" style="display:;">
	<td headers="errtitle"><img id='mx8085[R:2]_er_img' src='../webclient/skins-20170809-1350/tivoli09/images/blank.gif' style='display:none' class='tablerow_blank_icon' title="" alt=""/></td>	<td role="gridcell" control="true" id="mx8149[R:2]"    onmouseover="appendClass(this.parentNode,'trh')" onmouseout="removeClass(this.parentNode,'trh')" onclick="tcClick(event,'mx8149[R:2]')" style="; width:;" currentrow="false" class="tc hl   cursor_hand" headers="mx8095"  ><table role="presentation" id="mx8149[R:2]_inner" style="display:inline; " >
			<tr>
					<td    nowrap="nowrap"  id="mx8148[R:2]_0"     valign="top" style="vertical-align:top;"><table role="presentation" control="true" id="mx8147[R:2]"   width="100%"  class="  " summary=""  style="width:100%;;;vertical-align:top">				<tr   control="true" id="mx8153[R:2]_0"    style="vertical-align:top;">
				<td    nowrap="nowrap"  id="mx8152[R:2]_0"  align="left"   valign="top" style="vertical-align:top;"><div aria-live="polite" id="mx8151[R:2]_holder" class="bc"><span ctype="label"  id="mx8151[R:2]"   tabindex="0"      targetid="mx8151[R:2]"  mxevent="click"  class="text label  label   anchor" style="padding:0px;padding-left:1px;margin:0px;;cursor:pointer;;;;" title="3">3</span></div></td>
				</tr>
</table>
</td>
		
				</tr>
			</table></td>
		<td role="gridcell" control="true" id="mx8157[R:2]"    onmouseover="appendClass(this.parentNode,'trh')" onmouseout="removeClass(this.parentNode,'trh')" onclick="tcClick(event,'mx8157[R:2]')" style="; width:;" currentrow="false" class="tc hl   cursor_hand" headers="mx8106"  ><table role="presentation" id="mx8157[R:2]_inner" style="display:inline; " >
			<tr>
					<td    nowrap="nowrap"  id="mx8156[R:2]_0"     valign="top" style="vertical-align:top;"><table role="presentation" control="true" id="mx8155[R:2]"   width="100%"  class="  " summary=""  style="width:100%;;;vertical-align:top">				<tr   control="true" id="mx8161[R:2]_0"    style="vertical-align:top;">
				<td    nowrap="nowrap"  id="mx8160[R:2]_0"  align="left"   valign="top" style="vertical-align:top;"><div aria-live="polite" id="mx8159[R:2]_holder" class="bc"><span ctype="label"  id="mx8159[R:2]"   tabindex="0"      targetid="mx8159[R:2]"  mxevent="click"  class="text label  label   anchor" style="padding:0px;padding-left:1px;margin:0px;;cursor:pointer;;;;" title="Specialist resources were required">Specialist resources were required</span></div></td>
				</tr>
</table>
</td>
		
				</tr>
			</table></td>
	
	</tr>

	<tr aria-invalid="true" role="row" id="mx8091"    class="tablerow   troddtsr" aria-hidden="true"  style="display:none;">
					<td role='gridcell'    colspan='100' nowrap="nowrap"  id="mx8090_0"  align="left" class="tsrs " valign="middle" style="vertical-align:middle;"><div aria-live="polite" id="mx8089_holder" class="bc"><a  href="javascript: void(0);" ctype="toggleimage" ev="false" tabindex="0"  compid="mx8089"  title="Select Specific Records"><img id="mx8089"  aria-disabled="true" aria-hidden="true"  tabindex="-1" border="0" class="ti toggleselectcheckbox  " src="../webclient/skins-20170809-1350/tivoli09/images/table_cb_unchecked.gif" source="table_cb_unchecked" imgtype=".gif" ev="false" align="top" style="display:inline;margin:0px;"  alt="Select Specific Records"  /></a>
		&nbsp;<span id="mx8089_label"  class="text">Select Records</span>
</div></td>

	</tr>

						</table>
					</div>
				</div></td>
				</tr>
</table>
</td>
				</tr>
				<tr   control="true" id="mx8053_3"    style="vertical-align:top;">
				</tr>
		</table>
	
	</div>
<!-- END Tableouter -->
</td>
				</tr>

			</table>
			
			</div>
	
		</td>
	</tr>
</table>
<table role="presentation" width="100%" class="dbottom" height="*" ondblclick="cancelEvent(event);">
	<tr>
		<td class="    dss" align="right">
	
			<table role="presentation" cellspacing="2" width="100%">
							<tr   control="true" id="mx8071_0"    style="vertical-align:top;">

<td colspan="7" height="0" align="right" id="mx8070"  style=";white-space: nowrap;" class="invisbuttongroup">
	<div style="width:100%;;">
		<table id="mx8070_table"  summary="" role="group">
			<tr>
			<td align="right" style="white-space: nowrap;">
<div aria-live="polite" id="mx8073_holder" class="bc">
		<button ctype="pushbutton"      control="true" id="mx8073"  class="text pb default"  style="">Cancel</button></div>			</td>
			</tr>
		</table>
	</div>
</td>
				</tr>

			</table>
			
		</td>
	</tr>
</table>

		</td>
	</tr>
</table>

<img tabindex="0" labelid="mx8002" alt="" id="lookup_valuelist_last" onfocus="moveable_onfocus(this);" src="../webclient/skins-20170809-1350/tivoli09/images/blank.gif" width="1" height="1" lastbuttonid="mx8073"></td>
			</tr>
		</table>
		<script>
			window.setTimeout("_initDialog('mx8013','lookup_valuelist',-1,true)", 50);
		</script>
]]></component>

<deferredscript><![CDATA[scrollScreen('0','0');focusItem('mx8121',true);resetLogoutTimer(true);if(tpaeConfig.validationOn) {setButtonEnabled(saveButton,true)};]]></deferredscript></server_response>