<?xml version="1.0" encoding="UTF-8" ?>
<server_response csrftoken="6k544bfh8i0h8rfj5656r8noj5">
<!-- Begin of the DIALOG -->
<component vis="true" id="mx8194_holder" compid="mx8194" replacemethod="addDialog"><![CDATA[<script pre='true'>publishMessage({"channel":"widgetCleanup","message":["mx8202","mx8218","mx8249"]});</script>			<div id='mx8194_inner_dialogwait'  class='wait'>&nbsp;</div>
				<table id="mx8194_inner"  role="dialog" aria-labelledby="mx8183" positionAtTop="false" positionX="" positionY="" modal="true" width="200" height="50" class="dsc1 mc modal" border="0" defaultbutton="" control="true" onmousedown='hideAllMenus();'onkeypress="if(hasKeyCode(event,'KEYCODE_ESC')) {sendEvent('dialogcancel','mx8194', null, null); }"ondragstart='return false;' ondblclick="toggleMinimize('mx8194')"  style="visibility:hidden;" cellpadding="0px" cellspacing="0px">
			<tr id="mx8194_content0" aria-live="polite"   style="" valign="top">
				<td id="mx8194_inner_content"  valign="BOTTOM"  style="padding:0px; %>">
<img tabindex="0" alt="" id="status_first" alt="" onfocus="moveable_onfocus(this);" src="../webclient/skins-20170809-1350/tivoli09/images/blank.gif" width="1" height="1" style="display:inline;margin:0px" firstbuttonid="first"/><table id="mx8188"  width="100%" style="margin:0px;" class="" role="presentation">
			<tr>
				<td id="mx8188_middle"  class="dh mh dhb  " valign="middle" align="left" width="*">
					<table role="presentation" class="" width="100%">
						<tr>
							<td valign="center" align="left" style="padding:0px;white-space:nowrap;" class="dh mh">
								<table role="presentation"  width="100%">
									<tr>
					<td id="mx8188_header_0"  align="left" class="dhbsh" valign="middle" style="padding:0px;white-space:nowrap;" width:100%;></td>
					<td id="mx8188_header_1"  align="left" class="dhbsh" valign="middle" style="padding:0px;white-space:nowrap;" width:100%;><div aria-live="polite" id="mx8183_holder" class="bc"><h1 labelledby="mx8183" style="display:inline" title="Change Status"><label ctype="label"  id="mx8183"    noclick="1"   targetid="mx8183"    class="text dh mh  " style="display:block;padding-left:2px;padding-top:2px;;;;;" title="Change Status">Change Status</label></h1></div></td>
					<td id="mx8188_header_2"   class="dhbsh" valign="middle" style="padding:0px;white-space:nowrap;" width="100%"><div aria-live="polite" id="mx8184_holder" class="bc">	<div id="mx8184" name="mx8184" class="ts dh mh  "  >&nbsp;</div>
</div></td>
					<td id="mx8188_header_3"  align="right" class="dhbsh" valign="middle" style="padding:0px;white-space:nowrap;" width="100%"></td>
					<td id="mx8188_header_4"  align="right" class="dhbsh" valign="middle" style="padding:0px;white-space:nowrap;" width="100%"></td>
					<td id="mx8188_header_5"  align="right" class="dhbsh" valign="middle" style="padding:0px;white-space:nowrap;" width="100%"></td>
								</tr>
								</table>
							</td>
						</tr>
					</table>
				</td>
			</tr>
		</table></td>
			</tr>
			<tr id="mx8194_content1" aria-live="polite"   style="" valign="top">
				<td id="mx8194_inner_content"  valign="BOTTOM"  style="padding:0px; %>">
<table role="presentation" id="mx8193"  class="dialogb" width="100%" style="position:relative;top:0px;margin:0px;" height="100%" ondblclick="cancelEvent(event);">
	<tr>
		<td class="  " style=";padding:0px;" align="">

		<table role="presentation" width="100%"  height="*" ondblclick="cancelEvent(event);">
	<tr>
		<td class="    dss" align="center">
	<div aria-live="polite" id="dialogmessage_holder" class="bc"><label ctype="label"  id="dialogmessage"    noclick="1"   targetid="dialogmessage"  role='alert'    class="text label  label  text  dum" style="display:block;padding-left:2px;padding-top:2px;;;;;" title="">&nbsp;</label></div>
		</td>
	</tr>
</table>
<table role="presentation" width="100%"  height="*" ondblclick="cancelEvent(event);">
	<tr>
		<td class="db    dss" align="">
	
			<div id="status_bodydiv" class="dbDiv"  onscroll='hideAllMenusNF()'>
	
			<table role="presentation" cellspacing="2" width="100%">
			
		<tr>
			<td id="mx8203"  control="true" style="vertical-align:top;">
	
		<div id="mx8203_compHolder" aria-live="polite"  style="padding:0px;margin:0px;vertical-align:top;height: 100%;display:"  >
		
			<table id="mx8203_inner" role="presentation"  cellspacing="0" class="so   " cellpadding="0" height="100%" width="100%"   style="vertical-align:top;" ><tr id="mx8203_1"  style="vertical-align:top;display:;" > 
	<td id="mx8202" aria-live="polite"      style="display:;white-space:nowrap;padding-bottom: 2px;" class="section   " valign="top"  ><table role="presentation" control="true" id="mx8201"   width="100%"  class="  " summary=""  style="width:100%;;;vertical-align:top">				<tr   control="true" id="mx8207_0"    style="vertical-align:top;">

		<td id="mx8210" aria-live="polite"  style="display:;;padding:0 2px;vertical-align: top" sc="true"  height="100%" class="sectioncol">
			<div id="mx8210_div" style="height: 100%">
			
<table role="presentation" control="true" id="mx8209"   width="100%" height="100%" class="  " summary=""  style="width:100%;height:100%;;;vertical-align:top">
		<tr>
			<td id="mx8219"  control="true" style="vertical-align:top;">
	
		<div id="mx8219_compHolder" aria-live="polite"  style="padding:0px;margin:0px;vertical-align:top;height: 100%;display:"  >
		
			<table id="mx8219_inner" role="presentation"  cellspacing="0" class="so   " cellpadding="0" height="100%" width="100%"   style="vertical-align:top;" ><tr id="mx8219_0"  style="vertical-align:top;display:;" > 		<td id="mx8216"   style="padding:0px;;white-space:nowrap;"  role="presentation">
			<table cellspacing="0" cellpadding="0" style="width:100%;" class="" role="presentation">
				<tr>
				<td id="mx8216_1"  valign="top" class="hbb" width="100%" ></td>
				</tr>
			</table>
		</td>

		</tr>
		<tr id="mx8219_1"  style="vertical-align:top;display:;" > <td nowrap width="100%" class="section sbt">&nbsp;</td></tr><tr>
	<td id="mx8218" aria-live="polite"      style="display:;white-space:nowrap;padding-bottom: 2px;" class="section   " valign="top"  ><table role="presentation" control="true" id="mx8217"   width="100%"  class="  " summary=""  style="width:100%;;;vertical-align:top">				<tr   control="true" id="mx8230_0"  class="  leafspacer" style="vertical-align:top;">
				<td    nowrap="nowrap"  id="mx8229_0"  align="right"   valign="middle" style="vertical-align:middle;"><div aria-live="polite" id="mx8221_holder" class="bc"><label ctype="label"  id="mx8221"    noclick="1"   targetid="mx8221"    class="text label  label  " style="display:block;padding-left:2px;padding-top:2px;;;;;" for="mx8223" title="Work Order">Work Order:</label></div></td>
				<td    nowrap="nowrap"  id="mx8229_1"     valign="middle" style="vertical-align:middle;"><div aria-live="polite" id="mx8222_holder" class="bc"><img id="mx8222" alt="required" align='absmiddle' src='../webclient/skins-20170809-1350/tivoli09/images/required.gif' style="visibility:hidden;" class="required "/></div><div aria-live="polite" id="mx8223_holder" class="bc"><input  aria-readonly="true"  role="textbox"  id="mx8223" class="fld text text   fld fld_ro"     ctype="textbox"   li="mx8224"  db="mx8309"   maxlength="12" style=";width:75.0px;"   async='1'  ae="setvalue" sue="1" tabindex="-1" readonly="readonly" type="text" title="Work Order: W114594080" value="W114594080" ov="W114594080" work="1" fldInfo='{&quot;length&quot;:&quot;12&quot;,&quot;inttype&quot;:&quot;1&quot;}'/></div><div aria-live="polite" id="mx8224_holder" class="bc"><img sf="1" aria-hidden="true" active="0" ctype="image" alt=""  src="../webclient/skins-20170809-1350/tivoli09/images/blank.gif" source="blank" imgtype=".gif" style="display:inline;margin:0px;" border="0"  lc="mx8223"    align="absmiddle" width='26px' height='26px'   id="mx8224" title=""/></div><div aria-live="polite" id="mx8225_holder" class="bc"><img id="mx8225" alt="required" align='absmiddle' src='../webclient/skins-20170809-1350/tivoli09/images/required_label.gif' style="display:none" class="required_label"/></div><div aria-live="polite" id="mx8226_holder" class="bc"><input  aria-readonly="true"  role="textbox"  id="mx8226" class="fld text    fld fld_ro"     ctype="textbox"   li="mx8227"  db="mx8309"   maxlength="100" style=";width:300.0px;"   async='1'  ae="setvalue" sue="1" tabindex="-1" readonly="readonly" type="text" title="Description: Gas Escape" value="Gas Escape" ov="Gas Escape" work="1" fldInfo='{&quot;length&quot;:&quot;100&quot;,&quot;inttype&quot;:&quot;0&quot;}'/></div><div aria-live="polite" id="mx8227_holder" class="bc"><img sf="1"   ctype="image" alt="Long Description"  src="../webclient/skins-20170809-1350/tivoli09/images/img_longdescription_off.gif" source="img_longdescription_off" imgtype=".gif" style="cursor:default;display:inline;margin:0px" border="0"  lc="mx8226" aria-haspopup="true"   align="absmiddle"     id="mx8227" tabindex="-1" title="Long Description"/></div></td>
				</tr>
				<tr   control="true" id="mx8241_0"  class="  leafspacer" style="vertical-align:top;">
				<td    nowrap="nowrap"  id="mx8240_0"  align="right"   valign="middle" style="vertical-align:middle;"><div aria-live="polite" id="mx8232_holder" class="bc"><label ctype="label"  id="mx8232"    noclick="1"   targetid="mx8232"    class="text label  label  " style="display:block;padding-left:2px;padding-top:2px;;;;;" for="mx8234" title="Status">Status:</label></div></td>
				<td    nowrap="nowrap"  id="mx8240_1"     valign="middle" style="vertical-align:middle;"><div aria-live="polite" id="mx8233_holder" class="bc"><img id="mx8233" alt="required" align='absmiddle' src='../webclient/skins-20170809-1350/tivoli09/images/required.gif' style="visibility:hidden;" class="required "/></div><div aria-live="polite" id="mx8234_holder" class="bc"><input  aria-readonly="true"  role="textbox"  id="mx8234" class="fld text text   fld fld_ro"     ctype="textbox"   li="mx8235"  db="mx8309"   maxlength="16" style=";width:75.0px;"   async='1'  ae="setvalue" sue="1" tabindex="-1" readonly="readonly" type="text" title="Status: ACCEPT" value="ACCEPT" ov="ACCEPT" work="1" fldInfo='{&quot;length&quot;:&quot;16&quot;,&quot;inttype&quot;:&quot;1&quot;}'/></div><div aria-live="polite" id="mx8235_holder" class="bc"><img sf="1" aria-hidden="true" active="0" ctype="image" alt=""  src="../webclient/skins-20170809-1350/tivoli09/images/blank.gif" source="blank" imgtype=".gif" style="display:inline;margin:0px;" border="0"  lc="mx8234"    align="absmiddle" width='26px' height='26px'   id="mx8235" title=""/></div><div aria-live="polite" id="mx8236_holder" class="bc"><img id="mx8236" alt="required" align='absmiddle' src='../webclient/skins-20170809-1350/tivoli09/images/required_label.gif' style="display:none" class="required_label"/></div><div aria-live="polite" id="mx8237_holder" class="bc"><input  aria-readonly="true"  role="textbox"  id="mx8237" class="fld text    fld fld_ro"     ctype="textbox"   li="mx8238"  db="mx8309"   maxlength="256" style=";width:300.0px;"   async='1'  ae="setvalue" sue="1" tabindex="-1" readonly="readonly" type="text" title="Description: Accept / Acknowledge" value="Accept / Acknowledge" ov="Accept / Acknowledge" work="1" fldInfo='{&quot;length&quot;:&quot;256&quot;,&quot;inttype&quot;:&quot;0&quot;}'/></div><div aria-live="polite" id="mx8238_holder" class="bc"><img sf="1" aria-hidden="true" active="0" ctype="image" alt=""  src="../webclient/skins-20170809-1350/tivoli09/images/blank.gif" source="blank" imgtype=".gif" style="display:inline;margin:0px;" border="0"  lc="mx8237"    align="absmiddle" width='26px' height='26px'   id="mx8238" title=""/></div></td>
				</tr>
</table>
</td></tr><tr><td  width="100%" nowrap class="section sbb">&nbsp;</td>
		</tr>
		
			</table>
		</div>
	
			</td>
		</tr>
	
		<tr>
			<td id="mx8250"  control="true" style="vertical-align:top;">
	
		<div id="mx8250_compHolder" aria-live="polite"  style="padding:0px;margin:0px;vertical-align:top;height: 100%;display:"  >
		
			<table id="mx8250_inner" role="presentation"  cellspacing="0" class="so   " cellpadding="0" height="100%" width="100%"   style="vertical-align:top;" ><tr id="mx8250_1"  style="vertical-align:top;display:;" > 
	<td id="mx8249" aria-live="polite"      style="display:;white-space:nowrap;padding-bottom: 2px;" class="section   " valign="top"  ><table role="presentation" control="true" id="mx8248"   width="100%"  class="  " summary=""  style="width:100%;;;vertical-align:top">				<tr   control="true" id="mx8258_0"  class="  leafspacer" style="vertical-align:top;">
				<td    nowrap="nowrap"  id="mx8257_0"  align="right"   valign="top" style="vertical-align:top;"><div aria-live="polite" id="mx8252_holder" class="bc"><label ctype="label"  id="mx8252"    noclick="1"   targetid="mx8252"    class="text label  label  " style="display:block;padding-left:2px;padding-top:2px;;;;;" for="mx8254" title="New Status"><img class='required_label' width='8px' height='8px' align='absmiddle' border='0' src='../webclient/skins-20170809-1350/tivoli09/images/required_label.gif' alt=''/>New Status:</label></div></td>
				<td    nowrap="nowrap"  id="mx8257_1"     valign="top" style="vertical-align:top;"><div aria-live="polite" id="mx8253_holder" class="bc"><img id="mx8253" alt="required" align='absmiddle' src='../webclient/skins-20170809-1350/tivoli09/images/required.gif' style="" class="required "/></div><div aria-live="polite" id="mx8254_holder" class="bc"><input  aria-required="true"  role="combobox" aria-autocomplete="none"  id="mx8254" class="fld text cbt  ibfld fld_req"     ctype="textbox"   li="mx8255" liclick="1"    maxlength="16" style=";width:75.0px;"      sue="1"  readonly="readonly" type="text" title="New Status" value="" ov="" work="1" fldInfo='{&quot;length&quot;:&quot;16&quot;,&quot;inttype&quot;:&quot;1&quot;,&quot;eventpriority&quot;:1,&quot;required&quot;:true}'/></div><div aria-live="polite" id="mx8255_holder" class="bc"><img sf="1"   ctype="image" alt="Drop-down image"  src="../webclient/skins-20170809-1350/tivoli09/images/IE_dropdown.gif" source="IE_dropdown" imgtype=".gif" style="cursor:default;display:inline;margin:0px" border="0"  lc="mx8254"  class="di " align="absmiddle"    ev="combobox" id="mx8255" tabindex="-1" title="Drop-down image"/></div></td>
				</tr>
				<tr   control="true" id="mx8272_0"  class="  leafspacer" style="vertical-align:top;">
				<td    nowrap="nowrap"  id="mx8271_0"  align="right"   valign="middle" style="vertical-align:middle;"><div aria-live="polite" id="mx8266_holder" class="bc"><label ctype="label"  id="mx8266"    noclick="1"   targetid="mx8266"    class="text label  label  " style="display:block;padding-left:2px;padding-top:2px;;;;;" for="mx8268" title="Status Date"><img class='required_label' width='8px' height='8px' align='absmiddle' border='0' src='../webclient/skins-20170809-1350/tivoli09/images/required_label.gif' alt=''/>Status Date:</label></div></td>
				<td    nowrap="nowrap"  id="mx8271_1"     valign="middle" style="vertical-align:middle;"><div aria-live="polite" id="mx8267_holder" class="bc"><img id="mx8267" alt="required" align='absmiddle' src='../webclient/skins-20170809-1350/tivoli09/images/required.gif' style="" class="required "/></div><div aria-live="polite" id="mx8268_holder" class="bc"><script>
		dojo.require('layers.mbs.calendar');
		dojo.require('dojo.date.locale');
			dojo.require('ibm.tivoli.mbs.dijit.DateTimeCalendar');
	</script><input  aria-required="true"  role="textbox"  id="mx8268" class="fld text  fld fld_req"     ctype="textbox"   li="mx8269"  db="mx8309"    style=";width:127.5px;" df="1"  async='1' PopupType="ibm.tivoli.mbs.dijit.DateTimeCalendar" constraints="{datePattern:'dd/MM/yyyy', timePattern:'HH:mm:ss',locale:'en-gb',visibleRange: 'T03:30:00'}" datePackage="" lang="en-gb" lng="en" dojoValue='1526722355161' ae="setvalue"    type="text" title="Status Date: 19/05/2018 10:32:35" value="" work="1" fldInfo='{&quot;length&quot;:&quot;10&quot;,&quot;inttype&quot;:&quot;4&quot;,&quot;lookup&quot;:&quot;datelookup&quot;,&quot;eventpriority&quot;:1,&quot;required&quot;:true}'/>	<script type="text/javascript">
		dojo.require("ibm.tivoli.mbs.html");
		formatCalendar('mx8268',ibm.tivoli.mbs.html.decodeEntities('19/05/2018 10:32:35'));
	</script>
</div><div aria-live="polite" id="mx8269_holder" class="bc"><img sf="1"   ctype="image" alt="Select Date and Time"  src="../webclient/skins-20170809-1350/tivoli09/images/img_date_time.gif" source="img_date_time" imgtype=".gif" style="cursor:default;display:inline;margin:0px" border="0"  lc="mx8268" aria-haspopup="true"   align="absmiddle"    ev="datelookup" mxejse="dateLookupHdlr" id="mx8269" tabindex="-1" title="Select Date and Time"/></div></td>
				</tr>
				<tr   control="true" id="mx8280_0"  class="  leafspacer" style="vertical-align:top;">
				<td    nowrap="nowrap"  id="mx8279_0"  align="right"   valign="middle" style="vertical-align:middle;"><div aria-live="polite" id="mx8274_holder" class="bc"><label ctype="label"  id="mx8274"    noclick="1"   targetid="mx8274"    class="text label  label  " style="display:block;padding-left:2px;padding-top:2px;;;;;" for="mx8276" title="Memo">Memo:</label></div></td>
				<td    nowrap="nowrap"  id="mx8279_1"     valign="middle" style="vertical-align:middle;"><div aria-live="polite" id="mx8275_holder" class="bc"><img id="mx8275" alt="required" align='absmiddle' src='../webclient/skins-20170809-1350/tivoli09/images/required.gif' style="visibility:hidden;" class="required "/></div><div aria-live="polite" id="mx8276_holder" class="bc"><input   role="textbox"  id="mx8276" class="fld text  "     ctype="textbox"   li="mx8277"  db="mx8309"   maxlength="50" style=";width:300.0px;"   async='1'  ae="setvalue"    type="text" title="Memo" value="" ov="" work="1" fldInfo='{&quot;length&quot;:&quot;50&quot;,&quot;inttype&quot;:&quot;0&quot;}'/></div><div aria-live="polite" id="mx8277_holder" class="bc"><img sf="1" aria-hidden="true" active="0" ctype="image" alt=""  src="../webclient/skins-20170809-1350/tivoli09/images/blank.gif" source="blank" imgtype=".gif" style="display:inline;margin:0px;" border="0"  lc="mx8276"    align="absmiddle" width='26px' height='26px'   id="mx8277" title=""/></div></td>
				</tr>
				<tr   control="true" id="mx8287_0"  class="  leafspacer" style="vertical-align:top;">
				<td    nowrap="nowrap"  id="mx8286_0"  align="right"   valign="middle" style="vertical-align:middle;"><div aria-live="polite" id="mx8282_holder" class="bc"><label ctype="label"  id="mx8282"    noclick="1"  onclick=document.getElementById('mx8284').click() targetid="mx8282"    class="text label  label  " style="display:table;padding-left:2px;padding-top:2px;;;;;" for="mx8284" title="Print Work Order(s)">Print Work Order(s)?</label></div></td>
				<td    nowrap="nowrap"  id="mx8286_1"  align="left"   valign="middle" style="vertical-align:middle;"><div aria-live="polite" id="mx8283_holder" class="bc"><img id="mx8283" alt="required" align='absmiddle' src='../webclient/skins-20170809-1350/tivoli09/images/required.gif' style="visibility:hidden;" class="required "/></div><div aria-live="polite" id="mx8284_holder" class="bc">
	<table role="presentation" id="mx8284_tb" border="0" cellspacing="0" cellpadding="0" style="margin:0px;vertical-align:middle;border:0px;display:inline;" class="_b">
		<tbody>
			<tr>
				<td valign="middle"><a role="checkbox"  aria-checked="false" id="mx8284" ctype="checkbox" class="cb09"  title="Print Work Order&#040;s&#041;: unchecked" tabindex="0" style="cursor:default" imgid="mx8284_img" mxejse="cbHdlr" async='1' ae="toggle" fldInfo='{&quot;length&quot;:&quot;&quot;,&quot;inttype&quot;:&quot;&quot;,&quot;eventpriority&quot;:2}'><img border="0" alt="Print Work Order&#040;s&#041;: unchecked" tabindex="-1" align="texttop" id="mx8284_img"  class="checkbox  " src="../webclient/skins-20170809-1350/tivoli09/images/cb_unchecked.gif"  imgtype="gif" imgname="cb_" checked="unchecked" style="cursor:default" readonly="false" onfocus="this.parentNode.focus()"/></a></td>
			</tr>
		</tbody>
	</table>
</div></td>
				</tr>
				<tr   control="true" id="mx8294_0"  class="  leafspacer" style="vertical-align:top;">
				<td    nowrap="nowrap"  id="mx8293_0"  align="right"   valign="middle" style="vertical-align:middle;"><div aria-live="polite" id="mx8289_holder" class="bc"><label ctype="label"  id="mx8289"    noclick="1"  onclick=document.getElementById('mx8291').click() targetid="mx8289"    class="text label  label  " style="display:table;padding-left:2px;padding-top:2px;;;;;" for="mx8291" title="Change work order status in back ground">Change work order status in back ground?</label></div></td>
				<td    nowrap="nowrap"  id="mx8293_1"  align="left"   valign="middle" style="vertical-align:middle;"><div aria-live="polite" id="mx8290_holder" class="bc"><img id="mx8290" alt="required" align='absmiddle' src='../webclient/skins-20170809-1350/tivoli09/images/required.gif' style="visibility:hidden;" class="required "/></div><div aria-live="polite" id="mx8291_holder" class="bc">
	<table role="presentation" id="mx8291_tb" border="0" cellspacing="0" cellpadding="0" style="margin:0px;vertical-align:middle;border:0px;display:inline;" class="_b">
		<tbody>
			<tr>
				<td valign="middle"><a role="checkbox"  aria-checked="false" id="mx8291" ctype="checkbox" class="cb09"  title="Change work order status in back ground: unchecked" tabindex="0" style="cursor:default" imgid="mx8291_img" mxejse="cbHdlr" async='1' ae="toggle" fldInfo='{&quot;length&quot;:&quot;&quot;,&quot;inttype&quot;:&quot;&quot;,&quot;eventpriority&quot;:2}'><img border="0" alt="Change work order status in back ground: unchecked" tabindex="-1" align="texttop" id="mx8291_img"  class="checkbox  " src="../webclient/skins-20170809-1350/tivoli09/images/cb_unchecked.gif"  imgtype="gif" imgname="cb_" checked="unchecked" style="cursor:default" readonly="false" onfocus="this.parentNode.focus()"/></a></td>
			</tr>
		</tbody>
	</table>
</div></td>
				</tr>
				<tr   control="true" id="mx8302_0"  class="  leafspacer" style="vertical-align:top;">
				<td    nowrap="nowrap"  id="mx8301_0"  align="right"   valign="middle" style="vertical-align:middle;"><div aria-live="polite" id="mx8296_holder" class="bc"><label ctype="label"  id="mx8296"    noclick="1"   targetid="mx8296"    class="text label  label  " style="display:block;padding-left:2px;padding-top:2px;;;;;" for="mx8298" title="Notification E-mail for Work Order Change Status">Notification E-mail for Work Order Change Status:</label></div></td>
				<td    nowrap="nowrap"  id="mx8301_1"     valign="middle" style="vertical-align:middle;"><div aria-live="polite" id="mx8297_holder" class="bc"><img id="mx8297" alt="required" align='absmiddle' src='../webclient/skins-20170809-1350/tivoli09/images/required.gif' style="visibility:hidden;" class="required "/></div><div aria-live="polite" id="mx8298_holder" class="bc"><input   role="textbox"  id="mx8298" class="fld text  "     ctype="textbox"   li="mx8299"  db="mx8309"   maxlength="100" style=";width:300.0px;"   async='1'  ae="setvalue"    type="text" title="Notification E-mail for Work Order Change Status: maximoadministrator@uk.ssegroup.net" value="maximoadministrator@uk.ssegroup.net" ov="maximoadministrator@uk.ssegroup.net" work="1" fldInfo='{&quot;length&quot;:&quot;100&quot;,&quot;inttype&quot;:&quot;0&quot;}'/></div><div aria-live="polite" id="mx8299_holder" class="bc"><img sf="1" aria-hidden="true" active="0" ctype="image" alt=""  src="../webclient/skins-20170809-1350/tivoli09/images/blank.gif" source="blank" imgtype=".gif" style="display:inline;margin:0px;" border="0"  lc="mx8298"    align="absmiddle" width='26px' height='26px'   id="mx8299" title=""/></div></td>
				</tr>
</table>
</td>
		</tr>
		
			</table>
		</div>
	
			</td>
		</tr>
	</table>

		</div>
	</td>
				</tr>
</table>
</td>
		</tr>
		
			</table>
		</div>
	
			</td>
		</tr>
	
			</table>
			
			</div>
	
		</td>
	</tr>
</table>
<table role="presentation" width="100%" class="dbottom" height="*" ondblclick="cancelEvent(event);">
	<tr>
		<td class="    dss" align="right">
	
			<table role="presentation" cellspacing="2" width="100%">
							<tr   control="true" id="mx8307_0"    style="vertical-align:top;">

<td colspan="7" height="0" align="right" id="mx8306"  style=";white-space: nowrap;" class="invisbuttongroup">
	<div style="width:100%;;">
		<table id="mx8306_table"  summary="" role="group">
			<tr>
			<td align="right" style="white-space: nowrap;">
<div aria-live="polite" id="mx8309_holder" class="bc">
		<button ctype="pushbutton"      control="true" id="mx8309"  class="text pb default"  style="">OK</button></div><div aria-live="polite" id="mx8311_holder" class="bc">
		<button ctype="pushbutton"      control="true" id="mx8311"  class="text pb"  style="">Cancel</button></div>			</td>
			</tr>
		</table>
	</div>
</td>
				</tr>

			</table>
			
		</td>
	</tr>
</table>

		</td>
	</tr>
</table>

<img tabindex="0" labelid="mx8183" alt="" id="status_last" onfocus="moveable_onfocus(this);" src="../webclient/skins-20170809-1350/tivoli09/images/blank.gif" width="1" height="1" lastbuttonid="mx8311"></td>
			</tr>
		</table>
		<script>
			window.setTimeout("_initDialog('mx8194','status',-1,true)", 50);
			showMessage(0, "BMXAA4205I - Record has been saved.", false);
		</script>
]]></component>

<deferredscript><![CDATA[scrollScreen('0','0');focusItem('mx8254',true);resetLogoutTimer(true);if(tpaeConfig.validationOn) {setButtonEnabled(saveButton,false)};]]></deferredscript></server_response>