<?xml version="1.0" encoding="UTF-8" ?>
<server_response csrftoken="6k544bfh8i0h8rfj5656r8noj5">
<!-- Begin of the DIALOG -->
<component vis="true" id="mx8357_holder" compid="mx8357" replacemethod="addDialog"><![CDATA[<script pre='true'>publishMessage({"channel":"widgetCleanup","message":["mx8365","mx8381","mx8412"]});</script>			<div id='mx8357_inner_dialogwait'  class='wait'>&nbsp;</div>
				<table id="mx8357_inner"  role="dialog" aria-labelledby="mx8346" positionAtTop="false" positionX="" positionY="" modal="true" width="200" height="50" class="dsc1 mc modal" border="0" defaultbutton="" control="true" onmousedown='hideAllMenus();'onkeypress="if(hasKeyCode(event,'KEYCODE_ESC')) {sendEvent('dialogcancel','mx8357', null, null); }"ondragstart='return false;' ondblclick="toggleMinimize('mx8357')"  style="visibility:hidden;" cellpadding="0px" cellspacing="0px">
			<tr id="mx8357_content0" aria-live="polite"   style="" valign="top">
				<td id="mx8357_inner_content"  valign="BOTTOM"  style="padding:0px; %>">
<img tabindex="0" alt="" id="status_first" alt="" onfocus="moveable_onfocus(this);" src="../webclient/skins-20170809-1350/tivoli09/images/blank.gif" width="1" height="1" style="display:inline;margin:0px" firstbuttonid="first"/><table id="mx8351"  width="100%" style="margin:0px;" class="" role="presentation">
			<tr>
				<td id="mx8351_middle"  class="dh mh dhb  " valign="middle" align="left" width="*">
					<table role="presentation" class="" width="100%">
						<tr>
							<td valign="center" align="left" style="padding:0px;white-space:nowrap;" class="dh mh">
								<table role="presentation"  width="100%">
									<tr>
					<td id="mx8351_header_0"  align="left" class="dhbsh" valign="middle" style="padding:0px;white-space:nowrap;" width:100%;></td>
					<td id="mx8351_header_1"  align="left" class="dhbsh" valign="middle" style="padding:0px;white-space:nowrap;" width:100%;><div aria-live="polite" id="mx8346_holder" class="bc"><h1 labelledby="mx8346" style="display:inline" title="Change Status"><label ctype="label"  id="mx8346"    noclick="1"   targetid="mx8346"    class="text dh mh  " style="display:block;padding-left:2px;padding-top:2px;;;;;" title="Change Status">Change Status</label></h1></div></td>
					<td id="mx8351_header_2"   class="dhbsh" valign="middle" style="padding:0px;white-space:nowrap;" width="100%"><div aria-live="polite" id="mx8347_holder" class="bc">	<div id="mx8347" name="mx8347" class="ts dh mh  "  >&nbsp;</div>
</div></td>
					<td id="mx8351_header_3"  align="right" class="dhbsh" valign="middle" style="padding:0px;white-space:nowrap;" width="100%"></td>
					<td id="mx8351_header_4"  align="right" class="dhbsh" valign="middle" style="padding:0px;white-space:nowrap;" width="100%"></td>
					<td id="mx8351_header_5"  align="right" class="dhbsh" valign="middle" style="padding:0px;white-space:nowrap;" width="100%"></td>
								</tr>
								</table>
							</td>
						</tr>
					</table>
				</td>
			</tr>
		</table></td>
			</tr>
			<tr id="mx8357_content1" aria-live="polite"   style="" valign="top">
				<td id="mx8357_inner_content"  valign="BOTTOM"  style="padding:0px; %>">
<table role="presentation" id="mx8356"  class="dialogb" width="100%" style="position:relative;top:0px;margin:0px;" height="100%" ondblclick="cancelEvent(event);">
	<tr>
		<td class="  " style=";padding:0px;" align="">

		<table role="presentation" width="100%"  height="*" ondblclick="cancelEvent(event);">
	<tr>
		<td class="    dss" align="center">
	<div aria-live="polite" id="dialogmessage_holder" class="bc"><label ctype="label"  id="dialogmessage"    noclick="1"   targetid="dialogmessage"  role='alert'    class="text label  label  text  dum" style="display:block;padding-left:2px;padding-top:2px;;;;;" title="">&nbsp;</label></div>
		</td>
	</tr>
</table>
<table role="presentation" width="100%"  height="*" ondblclick="cancelEvent(event);">
	<tr>
		<td class="db    dss" align="">
	
			<div id="status_bodydiv" class="dbDiv"  onscroll='hideAllMenusNF()'>
	
			<table role="presentation" cellspacing="2" width="100%">
			
		<tr>
			<td id="mx8366"  control="true" style="vertical-align:top;">
	
		<div id="mx8366_compHolder" aria-live="polite"  style="padding:0px;margin:0px;vertical-align:top;height: 100%;display:"  >
		
			<table id="mx8366_inner" role="presentation"  cellspacing="0" class="so   " cellpadding="0" height="100%" width="100%"   style="vertical-align:top;" ><tr id="mx8366_1"  style="vertical-align:top;display:;" > 
	<td id="mx8365" aria-live="polite"      style="display:;white-space:nowrap;padding-bottom: 2px;" class="section   " valign="top"  ><table role="presentation" control="true" id="mx8364"   width="100%"  class="  " summary=""  style="width:100%;;;vertical-align:top">				<tr   control="true" id="mx8370_0"    style="vertical-align:top;">

		<td id="mx8373" aria-live="polite"  style="display:;;padding:0 2px;vertical-align: top" sc="true"  height="100%" class="sectioncol">
			<div id="mx8373_div" style="height: 100%">
			
<table role="presentation" control="true" id="mx8372"   width="100%" height="100%" class="  " summary=""  style="width:100%;height:100%;;;vertical-align:top">
		<tr>
			<td id="mx8382"  control="true" style="vertical-align:top;">
	
		<div id="mx8382_compHolder" aria-live="polite"  style="padding:0px;margin:0px;vertical-align:top;height: 100%;display:"  >
		
			<table id="mx8382_inner" role="presentation"  cellspacing="0" class="so   " cellpadding="0" height="100%" width="100%"   style="vertical-align:top;" ><tr id="mx8382_0"  style="vertical-align:top;display:;" > 		<td id="mx8379"   style="padding:0px;;white-space:nowrap;"  role="presentation">
			<table cellspacing="0" cellpadding="0" style="width:100%;" class="" role="presentation">
				<tr>
				<td id="mx8379_1"  valign="top" class="hbb" width="100%" ></td>
				</tr>
			</table>
		</td>

		</tr>
		<tr id="mx8382_1"  style="vertical-align:top;display:;" > <td nowrap width="100%" class="section sbt">&nbsp;</td></tr><tr>
	<td id="mx8381" aria-live="polite"      style="display:;white-space:nowrap;padding-bottom: 2px;" class="section   " valign="top"  ><table role="presentation" control="true" id="mx8380"   width="100%"  class="  " summary=""  style="width:100%;;;vertical-align:top">				<tr   control="true" id="mx8393_0"  class="  leafspacer" style="vertical-align:top;">
				<td    nowrap="nowrap"  id="mx8392_0"  align="right"   valign="middle" style="vertical-align:middle;"><div aria-live="polite" id="mx8384_holder" class="bc"><label ctype="label"  id="mx8384"    noclick="1"   targetid="mx8384"    class="text label  label  " style="display:block;padding-left:2px;padding-top:2px;;;;;" for="mx8386" title="Work Order">Work Order:</label></div></td>
				<td    nowrap="nowrap"  id="mx8392_1"     valign="middle" style="vertical-align:middle;"><div aria-live="polite" id="mx8385_holder" class="bc"><img id="mx8385" alt="required" align='absmiddle' src='../webclient/skins-20170809-1350/tivoli09/images/required.gif' style="visibility:hidden;" class="required "/></div><div aria-live="polite" id="mx8386_holder" class="bc"><input  aria-readonly="true"  role="textbox"  id="mx8386" class="fld text text   fld fld_ro"     ctype="textbox"   li="mx8387"  db="mx8472"   maxlength="12" style=";width:75.0px;"   async='1'  ae="setvalue" sue="1" tabindex="-1" readonly="readonly" type="text" title="Work Order: W114594080" value="W114594080" ov="W114594080" work="1" fldInfo='{&quot;length&quot;:&quot;12&quot;,&quot;inttype&quot;:&quot;1&quot;}'/></div><div aria-live="polite" id="mx8387_holder" class="bc"><img sf="1" aria-hidden="true" active="0" ctype="image" alt=""  src="../webclient/skins-20170809-1350/tivoli09/images/blank.gif" source="blank" imgtype=".gif" style="display:inline;margin:0px;" border="0"  lc="mx8386"    align="absmiddle" width='26px' height='26px'   id="mx8387" title=""/></div><div aria-live="polite" id="mx8388_holder" class="bc"><img id="mx8388" alt="required" align='absmiddle' src='../webclient/skins-20170809-1350/tivoli09/images/required_label.gif' style="display:none" class="required_label"/></div><div aria-live="polite" id="mx8389_holder" class="bc"><input  aria-readonly="true"  role="textbox"  id="mx8389" class="fld text    fld fld_ro"     ctype="textbox"   li="mx8390"  db="mx8472"   maxlength="100" style=";width:300.0px;"   async='1'  ae="setvalue" sue="1" tabindex="-1" readonly="readonly" type="text" title="Description: Gas Escape" value="Gas Escape" ov="Gas Escape" work="1" fldInfo='{&quot;length&quot;:&quot;100&quot;,&quot;inttype&quot;:&quot;0&quot;}'/></div><div aria-live="polite" id="mx8390_holder" class="bc"><img sf="1"   ctype="image" alt="Long Description"  src="../webclient/skins-20170809-1350/tivoli09/images/img_longdescription_off.gif" source="img_longdescription_off" imgtype=".gif" style="cursor:default;display:inline;margin:0px" border="0"  lc="mx8389" aria-haspopup="true"   align="absmiddle"     id="mx8390" tabindex="-1" title="Long Description"/></div></td>
				</tr>
				<tr   control="true" id="mx8404_0"  class="  leafspacer" style="vertical-align:top;">
				<td    nowrap="nowrap"  id="mx8403_0"  align="right"   valign="middle" style="vertical-align:middle;"><div aria-live="polite" id="mx8395_holder" class="bc"><label ctype="label"  id="mx8395"    noclick="1"   targetid="mx8395"    class="text label  label  " style="display:block;padding-left:2px;padding-top:2px;;;;;" for="mx8397" title="Status">Status:</label></div></td>
				<td    nowrap="nowrap"  id="mx8403_1"     valign="middle" style="vertical-align:middle;"><div aria-live="polite" id="mx8396_holder" class="bc"><img id="mx8396" alt="required" align='absmiddle' src='../webclient/skins-20170809-1350/tivoli09/images/required.gif' style="visibility:hidden;" class="required "/></div><div aria-live="polite" id="mx8397_holder" class="bc"><input  aria-readonly="true"  role="textbox"  id="mx8397" class="fld text text   fld fld_ro"     ctype="textbox"   li="mx8398"  db="mx8472"   maxlength="16" style=";width:75.0px;"   async='1'  ae="setvalue" sue="1" tabindex="-1" readonly="readonly" type="text" title="Status: ONSITE" value="ONSITE" ov="ONSITE" work="1" fldInfo='{&quot;length&quot;:&quot;16&quot;,&quot;inttype&quot;:&quot;1&quot;}'/></div><div aria-live="polite" id="mx8398_holder" class="bc"><img sf="1" aria-hidden="true" active="0" ctype="image" alt=""  src="../webclient/skins-20170809-1350/tivoli09/images/blank.gif" source="blank" imgtype=".gif" style="display:inline;margin:0px;" border="0"  lc="mx8397"    align="absmiddle" width='26px' height='26px'   id="mx8398" title=""/></div><div aria-live="polite" id="mx8399_holder" class="bc"><img id="mx8399" alt="required" align='absmiddle' src='../webclient/skins-20170809-1350/tivoli09/images/required_label.gif' style="display:none" class="required_label"/></div><div aria-live="polite" id="mx8400_holder" class="bc"><input  aria-readonly="true"  role="textbox"  id="mx8400" class="fld text    fld fld_ro"     ctype="textbox"   li="mx8401"  db="mx8472"   maxlength="256" style=";width:300.0px;"   async='1'  ae="setvalue" sue="1" tabindex="-1" readonly="readonly" type="text" title="Description: On site / Arrived on Site" value="On site / Arrived on Site" ov="On site / Arrived on Site" work="1" fldInfo='{&quot;length&quot;:&quot;256&quot;,&quot;inttype&quot;:&quot;0&quot;}'/></div><div aria-live="polite" id="mx8401_holder" class="bc"><img sf="1" aria-hidden="true" active="0" ctype="image" alt=""  src="../webclient/skins-20170809-1350/tivoli09/images/blank.gif" source="blank" imgtype=".gif" style="display:inline;margin:0px;" border="0"  lc="mx8400"    align="absmiddle" width='26px' height='26px'   id="mx8401" title=""/></div></td>
				</tr>
</table>
</td></tr><tr><td  width="100%" nowrap class="section sbb">&nbsp;</td>
		</tr>
		
			</table>
		</div>
	
			</td>
		</tr>
	
		<tr>
			<td id="mx8413"  control="true" style="vertical-align:top;">
	
		<div id="mx8413_compHolder" aria-live="polite"  style="padding:0px;margin:0px;vertical-align:top;height: 100%;display:"  >
		
			<table id="mx8413_inner" role="presentation"  cellspacing="0" class="so   " cellpadding="0" height="100%" width="100%"   style="vertical-align:top;" ><tr id="mx8413_1"  style="vertical-align:top;display:;" > 
	<td id="mx8412" aria-live="polite"      style="display:;white-space:nowrap;padding-bottom: 2px;" class="section   " valign="top"  ><table role="presentation" control="true" id="mx8411"   width="100%"  class="  " summary=""  style="width:100%;;;vertical-align:top">				<tr   control="true" id="mx8421_0"  class="  leafspacer" style="vertical-align:top;">
				<td    nowrap="nowrap"  id="mx8420_0"  align="right"   valign="top" style="vertical-align:top;"><div aria-live="polite" id="mx8415_holder" class="bc"><label ctype="label"  id="mx8415"    noclick="1"   targetid="mx8415"    class="text label  label  " style="display:block;padding-left:2px;padding-top:2px;;;;;" for="mx8417" title="New Status"><img class='required_label' width='8px' height='8px' align='absmiddle' border='0' src='../webclient/skins-20170809-1350/tivoli09/images/required_label.gif' alt=''/>New Status:</label></div></td>
				<td    nowrap="nowrap"  id="mx8420_1"     valign="top" style="vertical-align:top;"><div aria-live="polite" id="mx8416_holder" class="bc"><img id="mx8416" alt="required" align='absmiddle' src='../webclient/skins-20170809-1350/tivoli09/images/required.gif' style="" class="required "/></div><div aria-live="polite" id="mx8417_holder" class="bc"><input  aria-required="true"  role="combobox" aria-autocomplete="none"  id="mx8417" class="fld text cbt  ibfld fld_req"     ctype="textbox"   li="mx8418" liclick="1"    maxlength="16" style=";width:75.0px;"      sue="1"  readonly="readonly" type="text" title="New Status" value="" ov="" work="1" fldInfo='{&quot;length&quot;:&quot;16&quot;,&quot;inttype&quot;:&quot;1&quot;,&quot;eventpriority&quot;:1,&quot;required&quot;:true}'/></div><div aria-live="polite" id="mx8418_holder" class="bc"><img sf="1"   ctype="image" alt="Drop-down image"  src="../webclient/skins-20170809-1350/tivoli09/images/IE_dropdown.gif" source="IE_dropdown" imgtype=".gif" style="cursor:default;display:inline;margin:0px" border="0"  lc="mx8417"  class="di " align="absmiddle"    ev="combobox" id="mx8418" tabindex="-1" title="Drop-down image"/></div></td>
				</tr>
				<tr   control="true" id="mx8435_0"  class="  leafspacer" style="vertical-align:top;">
				<td    nowrap="nowrap"  id="mx8434_0"  align="right"   valign="middle" style="vertical-align:middle;"><div aria-live="polite" id="mx8429_holder" class="bc"><label ctype="label"  id="mx8429"    noclick="1"   targetid="mx8429"    class="text label  label  " style="display:block;padding-left:2px;padding-top:2px;;;;;" for="mx8431" title="Status Date"><img class='required_label' width='8px' height='8px' align='absmiddle' border='0' src='../webclient/skins-20170809-1350/tivoli09/images/required_label.gif' alt=''/>Status Date:</label></div></td>
				<td    nowrap="nowrap"  id="mx8434_1"     valign="middle" style="vertical-align:middle;"><div aria-live="polite" id="mx8430_holder" class="bc"><img id="mx8430" alt="required" align='absmiddle' src='../webclient/skins-20170809-1350/tivoli09/images/required.gif' style="" class="required "/></div><div aria-live="polite" id="mx8431_holder" class="bc"><script>
		dojo.require('layers.mbs.calendar');
		dojo.require('dojo.date.locale');
			dojo.require('ibm.tivoli.mbs.dijit.DateTimeCalendar');
	</script><input  aria-required="true"  role="textbox"  id="mx8431" class="fld text  fld fld_req"     ctype="textbox"   li="mx8432"  db="mx8472"    style=";width:127.5px;" df="1"  async='1' PopupType="ibm.tivoli.mbs.dijit.DateTimeCalendar" constraints="{datePattern:'dd/MM/yyyy', timePattern:'HH:mm:ss',locale:'en-gb',visibleRange: 'T03:30:00'}" datePackage="" lang="en-gb" lng="en" dojoValue='1526722422607' ae="setvalue"    type="text" title="Status Date: 19/05/2018 10:33:42" value="" work="1" fldInfo='{&quot;length&quot;:&quot;10&quot;,&quot;inttype&quot;:&quot;4&quot;,&quot;lookup&quot;:&quot;datelookup&quot;,&quot;eventpriority&quot;:1,&quot;required&quot;:true}'/>	<script type="text/javascript">
		dojo.require("ibm.tivoli.mbs.html");
		formatCalendar('mx8431',ibm.tivoli.mbs.html.decodeEntities('19/05/2018 10:33:42'));
	</script>
</div><div aria-live="polite" id="mx8432_holder" class="bc"><img sf="1"   ctype="image" alt="Select Date and Time"  src="../webclient/skins-20170809-1350/tivoli09/images/img_date_time.gif" source="img_date_time" imgtype=".gif" style="cursor:default;display:inline;margin:0px" border="0"  lc="mx8431" aria-haspopup="true"   align="absmiddle"    ev="datelookup" mxejse="dateLookupHdlr" id="mx8432" tabindex="-1" title="Select Date and Time"/></div></td>
				</tr>
				<tr   control="true" id="mx8443_0"  class="  leafspacer" style="vertical-align:top;">
				<td    nowrap="nowrap"  id="mx8442_0"  align="right"   valign="middle" style="vertical-align:middle;"><div aria-live="polite" id="mx8437_holder" class="bc"><label ctype="label"  id="mx8437"    noclick="1"   targetid="mx8437"    class="text label  label  " style="display:block;padding-left:2px;padding-top:2px;;;;;" for="mx8439" title="Memo">Memo:</label></div></td>
				<td    nowrap="nowrap"  id="mx8442_1"     valign="middle" style="vertical-align:middle;"><div aria-live="polite" id="mx8438_holder" class="bc"><img id="mx8438" alt="required" align='absmiddle' src='../webclient/skins-20170809-1350/tivoli09/images/required.gif' style="visibility:hidden;" class="required "/></div><div aria-live="polite" id="mx8439_holder" class="bc"><input   role="textbox"  id="mx8439" class="fld text  "     ctype="textbox"   li="mx8440"  db="mx8472"   maxlength="50" style=";width:300.0px;"   async='1'  ae="setvalue"    type="text" title="Memo" value="" ov="" work="1" fldInfo='{&quot;length&quot;:&quot;50&quot;,&quot;inttype&quot;:&quot;0&quot;}'/></div><div aria-live="polite" id="mx8440_holder" class="bc"><img sf="1" aria-hidden="true" active="0" ctype="image" alt=""  src="../webclient/skins-20170809-1350/tivoli09/images/blank.gif" source="blank" imgtype=".gif" style="display:inline;margin:0px;" border="0"  lc="mx8439"    align="absmiddle" width='26px' height='26px'   id="mx8440" title=""/></div></td>
				</tr>
				<tr   control="true" id="mx8450_0"  class="  leafspacer" style="vertical-align:top;">
				<td    nowrap="nowrap"  id="mx8449_0"  align="right"   valign="middle" style="vertical-align:middle;"><div aria-live="polite" id="mx8445_holder" class="bc"><label ctype="label"  id="mx8445"    noclick="1"  onclick=document.getElementById('mx8447').click() targetid="mx8445"    class="text label  label  " style="display:table;padding-left:2px;padding-top:2px;;;;;" for="mx8447" title="Print Work Order(s)">Print Work Order(s)?</label></div></td>
				<td    nowrap="nowrap"  id="mx8449_1"  align="left"   valign="middle" style="vertical-align:middle;"><div aria-live="polite" id="mx8446_holder" class="bc"><img id="mx8446" alt="required" align='absmiddle' src='../webclient/skins-20170809-1350/tivoli09/images/required.gif' style="visibility:hidden;" class="required "/></div><div aria-live="polite" id="mx8447_holder" class="bc">
	<table role="presentation" id="mx8447_tb" border="0" cellspacing="0" cellpadding="0" style="margin:0px;vertical-align:middle;border:0px;display:inline;" class="_b">
		<tbody>
			<tr>
				<td valign="middle"><a role="checkbox"  aria-checked="false" id="mx8447" ctype="checkbox" class="cb09"  title="Print Work Order&#040;s&#041;: unchecked" tabindex="0" style="cursor:default" imgid="mx8447_img" mxejse="cbHdlr" async='1' ae="toggle" fldInfo='{&quot;length&quot;:&quot;&quot;,&quot;inttype&quot;:&quot;&quot;,&quot;eventpriority&quot;:2}'><img border="0" alt="Print Work Order&#040;s&#041;: unchecked" tabindex="-1" align="texttop" id="mx8447_img"  class="checkbox  " src="../webclient/skins-20170809-1350/tivoli09/images/cb_unchecked.gif"  imgtype="gif" imgname="cb_" checked="unchecked" style="cursor:default" readonly="false" onfocus="this.parentNode.focus()"/></a></td>
			</tr>
		</tbody>
	</table>
</div></td>
				</tr>
				<tr   control="true" id="mx8457_0"  class="  leafspacer" style="vertical-align:top;">
				<td    nowrap="nowrap"  id="mx8456_0"  align="right"   valign="middle" style="vertical-align:middle;"><div aria-live="polite" id="mx8452_holder" class="bc"><label ctype="label"  id="mx8452"    noclick="1"  onclick=document.getElementById('mx8454').click() targetid="mx8452"    class="text label  label  " style="display:table;padding-left:2px;padding-top:2px;;;;;" for="mx8454" title="Change work order status in back ground">Change work order status in back ground?</label></div></td>
				<td    nowrap="nowrap"  id="mx8456_1"  align="left"   valign="middle" style="vertical-align:middle;"><div aria-live="polite" id="mx8453_holder" class="bc"><img id="mx8453" alt="required" align='absmiddle' src='../webclient/skins-20170809-1350/tivoli09/images/required.gif' style="visibility:hidden;" class="required "/></div><div aria-live="polite" id="mx8454_holder" class="bc">
	<table role="presentation" id="mx8454_tb" border="0" cellspacing="0" cellpadding="0" style="margin:0px;vertical-align:middle;border:0px;display:inline;" class="_b">
		<tbody>
			<tr>
				<td valign="middle"><a role="checkbox"  aria-checked="false" id="mx8454" ctype="checkbox" class="cb09"  title="Change work order status in back ground: unchecked" tabindex="0" style="cursor:default" imgid="mx8454_img" mxejse="cbHdlr" async='1' ae="toggle" fldInfo='{&quot;length&quot;:&quot;&quot;,&quot;inttype&quot;:&quot;&quot;,&quot;eventpriority&quot;:2}'><img border="0" alt="Change work order status in back ground: unchecked" tabindex="-1" align="texttop" id="mx8454_img"  class="checkbox  " src="../webclient/skins-20170809-1350/tivoli09/images/cb_unchecked.gif"  imgtype="gif" imgname="cb_" checked="unchecked" style="cursor:default" readonly="false" onfocus="this.parentNode.focus()"/></a></td>
			</tr>
		</tbody>
	</table>
</div></td>
				</tr>
				<tr   control="true" id="mx8465_0"  class="  leafspacer" style="vertical-align:top;">
				<td    nowrap="nowrap"  id="mx8464_0"  align="right"   valign="middle" style="vertical-align:middle;"><div aria-live="polite" id="mx8459_holder" class="bc"><label ctype="label"  id="mx8459"    noclick="1"   targetid="mx8459"    class="text label  label  " style="display:block;padding-left:2px;padding-top:2px;;;;;" for="mx8461" title="Notification E-mail for Work Order Change Status">Notification E-mail for Work Order Change Status:</label></div></td>
				<td    nowrap="nowrap"  id="mx8464_1"     valign="middle" style="vertical-align:middle;"><div aria-live="polite" id="mx8460_holder" class="bc"><img id="mx8460" alt="required" align='absmiddle' src='../webclient/skins-20170809-1350/tivoli09/images/required.gif' style="visibility:hidden;" class="required "/></div><div aria-live="polite" id="mx8461_holder" class="bc"><input   role="textbox"  id="mx8461" class="fld text  "     ctype="textbox"   li="mx8462"  db="mx8472"   maxlength="100" style=";width:300.0px;"   async='1'  ae="setvalue"    type="text" title="Notification E-mail for Work Order Change Status: maximoadministrator@uk.ssegroup.net" value="maximoadministrator@uk.ssegroup.net" ov="maximoadministrator@uk.ssegroup.net" work="1" fldInfo='{&quot;length&quot;:&quot;100&quot;,&quot;inttype&quot;:&quot;0&quot;}'/></div><div aria-live="polite" id="mx8462_holder" class="bc"><img sf="1" aria-hidden="true" active="0" ctype="image" alt=""  src="../webclient/skins-20170809-1350/tivoli09/images/blank.gif" source="blank" imgtype=".gif" style="display:inline;margin:0px;" border="0"  lc="mx8461"    align="absmiddle" width='26px' height='26px'   id="mx8462" title=""/></div></td>
				</tr>
</table>
</td>
		</tr>
		
			</table>
		</div>
	
			</td>
		</tr>
	</table>

		</div>
	</td>
				</tr>
</table>
</td>
		</tr>
		
			</table>
		</div>
	
			</td>
		</tr>
	
			</table>
			
			</div>
	
		</td>
	</tr>
</table>
<table role="presentation" width="100%" class="dbottom" height="*" ondblclick="cancelEvent(event);">
	<tr>
		<td class="    dss" align="right">
	
			<table role="presentation" cellspacing="2" width="100%">
							<tr   control="true" id="mx8470_0"    style="vertical-align:top;">

<td colspan="7" height="0" align="right" id="mx8469"  style=";white-space: nowrap;" class="invisbuttongroup">
	<div style="width:100%;;">
		<table id="mx8469_table"  summary="" role="group">
			<tr>
			<td align="right" style="white-space: nowrap;">
<div aria-live="polite" id="mx8472_holder" class="bc">
		<button ctype="pushbutton"      control="true" id="mx8472"  class="text pb default"  style="">OK</button></div><div aria-live="polite" id="mx8474_holder" class="bc">
		<button ctype="pushbutton"      control="true" id="mx8474"  class="text pb"  style="">Cancel</button></div>			</td>
			</tr>
		</table>
	</div>
</td>
				</tr>

			</table>
			
		</td>
	</tr>
</table>

		</td>
	</tr>
</table>

<img tabindex="0" labelid="mx8346" alt="" id="status_last" onfocus="moveable_onfocus(this);" src="../webclient/skins-20170809-1350/tivoli09/images/blank.gif" width="1" height="1" lastbuttonid="mx8474"></td>
			</tr>
		</table>
		<script>
			window.setTimeout("_initDialog('mx8357','status',-1,true)", 50);
			showMessage(0, "BMXAA4205I - Record has been saved.", false);
		</script>
]]></component>

<deferredscript><![CDATA[scrollScreen('0','0');focusItem('mx8417',true);resetLogoutTimer(true);if(tpaeConfig.validationOn) {setButtonEnabled(saveButton,false)};]]></deferredscript></server_response>