<?xml version="1.0" encoding="UTF-8" ?>
<server_response csrftoken="6k544bfh8i0h8rfj5656r8noj5">
<!-- Begin of the DIALOG -->
<component vis="true" id="mx12795_holder" compid="mx12795" replacemethod="addDialog"><![CDATA[			<div id='mx12795_inner_dialogwait'  class='wait'>&nbsp;</div>
				<table id="mx12795_inner"  role="dialog" aria-labelledby="mx12784" positionAtTop="false" positionX="" positionY="" modal="true" width="200" height="50" class="dsc1 mc modal" border="0" defaultbutton="" control="true" onmousedown='hideAllMenus();'onkeypress="if(hasKeyCode(event,'KEYCODE_ESC')) {sendEvent('dialogcancel','mx12795', null, null); }"ondragstart='return false;' ondblclick="toggleMinimize('mx12795')"  style="visibility:hidden;" cellpadding="0px" cellspacing="0px">
			<tr id="mx12795_content0" aria-live="polite"   style="" valign="top">
				<td id="mx12795_inner_content"  valign="BOTTOM"  style="padding:0px; %>">
<img tabindex="0" alt="" id="lookup_VALUELIST_first" alt="" onfocus="moveable_onfocus(this);" src="../webclient/skins-20170809-1350/tivoli09/images/blank.gif" width="1" height="1" style="display:inline;margin:0px" firstbuttonid="first"/><table id="mx12789"  width="100%" style="margin:0px;" class="" role="presentation">
			<tr>
				<td id="mx12789_middle"  class="dh mh dhb  " valign="middle" align="left" width="*">
					<table role="presentation" class="" width="100%">
						<tr>
							<td valign="center" align="left" style="padding:0px;white-space:nowrap;" class="dh mh">
								<table role="presentation"  width="100%">
									<tr>
					<td id="mx12789_header_0"  align="left" class="dhbsh" valign="middle" style="padding:0px;white-space:nowrap;" width:100%;></td>
					<td id="mx12789_header_1"  align="left" class="dhbsh" valign="middle" style="padding:0px;white-space:nowrap;" width:100%;><div aria-live="polite" id="mx12784_holder" class="bc"><h1 labelledby="mx12784" style="display:inline" title="Select Value"><label ctype="label"  id="mx12784"    noclick="1"   targetid="mx12784"    class="text dh mh  " style="display:block;padding-left:2px;padding-top:2px;;;;;" title="Select Value">Select Value</label></h1></div></td>
					<td id="mx12789_header_2"   class="dhbsh" valign="middle" style="padding:0px;white-space:nowrap;" width="100%"><div aria-live="polite" id="mx12785_holder" class="bc">	<div id="mx12785" name="mx12785" class="ts dh mh  "  >&nbsp;</div>
</div></td>
					<td id="mx12789_header_3"  align="right" class="dhbsh" valign="middle" style="padding:0px;white-space:nowrap;" width="100%"></td>
					<td id="mx12789_header_4"  align="right" class="dhbsh" valign="middle" style="padding:0px;white-space:nowrap;" width="100%"></td>
					<td id="mx12789_header_5"  align="right" class="dhbsh" valign="middle" style="padding:0px;white-space:nowrap;" width="100%"></td>
								</tr>
								</table>
							</td>
						</tr>
					</table>
				</td>
			</tr>
		</table></td>
			</tr>
			<tr id="mx12795_content1" aria-live="polite"   style="" valign="top">
				<td id="mx12795_inner_content"  valign="BOTTOM"  style="padding:0px; %>">
<table role="presentation" id="mx12794"  class="dialogb" width="100%" style="position:relative;top:0px;margin:0px;" height="100%" ondblclick="cancelEvent(event);">
	<tr>
		<td class="  " style=";padding:0px;" align="">

		<table role="presentation" width="100%"  height="*" ondblclick="cancelEvent(event);">
	<tr>
		<td class="    dss" align="center">
	<div aria-live="polite" id="dialogmessage_holder" class="bc"><label ctype="label"  id="dialogmessage"    noclick="1"   targetid="dialogmessage"  role='alert'    class="text label  label  text  dum" style="display:block;padding-left:2px;padding-top:2px;;;;;" title="">&nbsp;</label></div>
		</td>
	</tr>
</table>
<table role="presentation" width="100%"  height="*" ondblclick="cancelEvent(event);">
	<tr>
		<td class="db    dss" align="">
	
			<div id="lookup_VALUELIST_bodydiv" class="dbDiv"  onscroll='hideAllMenusNF()'>
	
			<table role="presentation" cellspacing="2" width="100%">
							<tr   control="true" id="mx12838_0"    style="vertical-align:top;">
				<td    nowrap="nowrap"  id="mx12837_0"     valign="top" style="vertical-align:top;">
	<!-- BEGIN Tableouter -->
	<div nowrap id="mx12836_holder" class="tableouter"  style="display:inline;background-color: inherit !important">
	
		<table role="presentation" id="mx12836"  valign="top" summary="" class="  " style="width:100%;border-collapse: collapse;">
				<tr   control="true" id="mx12835_0"    style="vertical-align:top;">
		<td id="mx12819" class="hbouter"  style="padding:0px;;white-space:nowrap;" onkeydown="tableHotkey(event, this);" role="presentation">
			<table cellspacing="0" cellpadding="0" style="width:100%;" class="" role="presentation">
				<tr>
						<td class="h_l"></td>
					<td id="mx12819_header_0"  align="left" class="hb thb   hbsh" valign="middle" style="padding:0px;white-space:nowrap;" width:100%;><div aria-live="polite" id="mx12797_holder" class="bc"></div></td>
					<td id="mx12819_header_1"   class="hb thb   hbsh" valign="middle" style="padding:0px;white-space:nowrap;" width:100%;><div aria-live="polite" id="mx12798_holder" class="bc"><img sf="1" aria-hidden="true" active="0" ctype="image" alt=""  src="../webclient/skins-20170809-1350/tivoli09/images/tablebtn_divider.gif" source="tablebtn_divider.gif" imgtype="" style="display:block;margin:0px" border="0"           id="mx12798" title=""/></div></td>
					<td id="mx12819_header_2"   class="hb thb   hbsh" valign="middle" style="padding:0px;white-space:nowrap;" width:100%;><div aria-live="polite" id="mx12799_holder" class="bc"><a  href="javascript: void(0);" ctype="toggleimage" ev="true" tabindex="0"  compid="mx12799"  title="Close Filter CTRL+Z"><img id="mx12799"  aria-disabled="true" aria-hidden="true"  tabindex="-1" border="0" class="ti   " src="../webclient/skins-20170809-1350/tivoli09/images/tablebtn_filter_on.gif" source="tablebtn_filter_on.gif" imgtype="" ev="true" align="top" style="display:block;margin:0px;"  alt="Close Filter CTRL+Z"  /></a>
</div></td>
					<td id="mx12819_header_3"  align="left" class="hb thb   hbsh" valign="middle" style="padding:0px;white-space:nowrap;" width:100%;><div aria-live="polite" id="mx12800_holder" class="bc"><span ctype="label"  id="mx12800"   tabindex="0"      targetid="mx12800"  mxevent="click"  class="text tht   anchor" style="display:block;padding-left:2px;padding-top:2px;;cursor:pointer;;;;" title="Filter">Filter</span></div></td>
					<td id="mx12819_header_4"   class="hb thb   hbsh" valign="middle" style="padding:0px;white-space:nowrap;" width:100%;><div aria-live="polite" id="mx12801_holder" class="bc"><img sf="1" aria-hidden="true" active="0" ctype="image" alt=""  src="../webclient/skins-20170809-1350/tivoli09/images/img_arrow_quickfilter.gif" source="img_arrow_quickfilter.gif" imgtype="" style="display:block;margin:0px" border="0"           id="mx12801" title=""/></div></td>
					<td id="mx12819_header_5"   class="hb thb   hbsh" valign="middle" style="padding:0px;white-space:nowrap;" width:100%;><div aria-live="polite" id="mx12802_holder" class="bc"><a  href="javascript: void(0);" ctype="toggleimage" ev="true" tabindex="0"  compid="mx12802"  title="Filter Table"><img id="mx12802"  aria-disabled="true" aria-hidden="true"  tabindex="-1" border="0" class="ti   " src="../webclient/skins-20170809-1350/tivoli09/images/qf_find.gif" source="qf_find.gif" imgtype="" ev="true" align="top" style="display:block;margin:0px;"  alt="Filter Table"  /></a>
</div></td>
					<td id="mx12819_header_6"   class="hb thb   hbsh" valign="middle" style="padding:0px;white-space:nowrap;" width:100%;><div aria-live="polite" id="mx12803_holder" class="bc"><img sf="1" aria-hidden="true" active="0" ctype="image" alt=""  src="../webclient/skins-20170809-1350/tivoli09/images/tablebtn_divider.gif" source="tablebtn_divider.gif" imgtype="" style="display:block;margin:0px" border="0"           id="mx12803" title=""/></div></td>
					<td id="mx12819_header_7"   class="hb thb   hbsh" valign="middle" style="padding:0px;white-space:nowrap;" width:100%;><div aria-live="polite" id="mx12804_holder" class="bc"><a ctype="toggleimage" ev="false" tabindex="-1" active="0" compid="mx12804"  title="" disabled="disabled"><img id="mx12804"  aria-disabled="true" aria-hidden="true"  tabindex="-1" border="0" class="ti   opacity_30" src="../webclient/skins-20170809-1350/tivoli09/images/qf_clear_disabled.gif" source="qf_clear_disabled.gif" imgtype="" ev="false" align="top" style="display:block;margin:0px;"  alt=""  /></a>
</div></td>
					<td id="mx12819_header_8"   class="hb thb   hbsh" valign="middle" style="padding:0px;white-space:nowrap;" width:100%;></td>
					<td id="mx12819_header_9"   class="hb thb   hbsh" valign="middle" style="padding:0px;white-space:nowrap;" width:100%;></td>
					<td id="mx12819_header_10"   class="hb thb   hbsh" valign="middle" style="padding:0px;white-space:nowrap;" width:100%;><div aria-live="polite" id="mx12807_holder" class="bc"><img sf="1" aria-hidden="true" active="0" ctype="image" alt=""  src="../webclient/skins-20170809-1350/tivoli09/images/tablebtn_divider.gif" source="tablebtn_divider.gif" imgtype="" style="display:block;margin:0px" border="0"           id="mx12807" title=""/></div></td>
					<td id="mx12819_header_11"   class="hb thb   hbsh" valign="middle" style="padding:0px;white-space:nowrap;" width:100%;><div aria-live="polite" id="mx12808_holder" class="bc"><a ctype="toggleimage" ev="false" tabindex="-1" active="0" compid="mx12808"  title="" disabled="disabled"><img id="mx12808"  aria-disabled="true" aria-hidden="true"  tabindex="-1" border="0" class="ti   opacity_30" src="../webclient/skins-20170809-1350/tivoli09/images/tablebtn_nextup_off.gif" source="tablebtn_nextup_off.gif" imgtype="" ev="false" align="top" style="display:block;margin:0px;"  alt=""  /></a>
</div></td>
					<td id="mx12819_header_12"   class="hb thb   hbsh" valign="middle" style="padding:0px;white-space:nowrap;" width:100%;><div aria-live="polite" id="mx12809_holder" class="bc"><img sf="1" aria-hidden="true" active="0" ctype="image" alt=""  src="../webclient/skins-20170809-1350/tivoli09/images/blank.gif" source="blank.gif" imgtype="" style="display:block;margin:0px" border="0"       width="7px" height="7px"   id="mx12809" title=""/></div></td>
					<td id="mx12819_header_13"   class="hb thb   hbsh" valign="middle" style="padding:0px;white-space:nowrap;" width:100%;><div aria-live="polite" id="mx12810_holder" class="bc"><a  href="javascript: void(0);" ctype="toggleimage" ev="true" tabindex="0"  compid="mx12810"  title="Next Row     [CTRL+Down Arrow]"><img id="mx12810"  aria-disabled="true" aria-hidden="true"  tabindex="-1" border="0" class="ti   " src="../webclient/skins-20170809-1350/tivoli09/images/tablebtn_nextdown_on.gif" source="tablebtn_nextdown_on.gif" imgtype="" ev="true" align="top" style="display:block;margin:0px;"  alt="Next Row     [CTRL+Down Arrow]"  /></a>
</div></td>
					<td id="mx12819_header_14"   class="hb thb   hbsh" valign="middle" style="padding:0px;white-space:nowrap;" width:100%;><div aria-live="polite" id="mx12811_holder" class="bc"><img sf="1" aria-hidden="true" active="0" ctype="image" alt=""  src="../webclient/skins-20170809-1350/tivoli09/images/tablebtn_divider.gif" source="tablebtn_divider.gif" imgtype="" style="display:block;margin:0px" border="0"           id="mx12811" title=""/></div></td>
					<td id="mx12819_header_15"   class="hb thb   hbsh" valign="middle" style="padding:0px;white-space:nowrap;" width:100%;><div aria-live="polite" id="mx12812_holder" class="bc"><a ctype="toggleimage" ev="false" tabindex="-1" active="0" compid="mx12812"  title="" disabled="disabled"><img id="mx12812"  aria-disabled="true" aria-hidden="true"  tabindex="-1" border="0" class="ti   opacity_30" src="../webclient/skins-20170809-1350/tivoli09/images/tablebtn_previous_off.gif" source="tablebtn_previous_off.gif" imgtype="" ev="false" align="top" style="display:block;margin:0px;"  alt=""  /></a>
</div></td>
					<td id="mx12819_header_16"  align="left" class="hb thb   hbsh" valign="middle" style="padding:0px;white-space:nowrap;" width:100%;><div aria-live="polite" id="mx12813_holder" class="bc"><label ctype="label"  id="mx12813"    noclick="1"   targetid="mx12813"    class="text tht  " style="display:block;padding-left:2px;padding-top:2px;;;;;" title="1 - 2 of 2">1 - 2 of 2</label></div></td>
					<td id="mx12819_header_17"   class="hb thb   hbsh" valign="middle" style="padding:0px;white-space:nowrap;" width:100%;><div aria-live="polite" id="mx12814_holder" class="bc"><a ctype="toggleimage" ev="false" tabindex="-1" active="0" compid="mx12814"  title="" disabled="disabled"><img id="mx12814"  aria-disabled="true" aria-hidden="true"  tabindex="-1" border="0" class="ti   opacity_30" src="../webclient/skins-20170809-1350/tivoli09/images/tablebtn_next_off.gif" source="tablebtn_next_off.gif" imgtype="" ev="false" align="top" style="display:block;margin:0px;"  alt=""  /></a>
</div></td>
					<td id="mx12819_header_18"   class="hb thb   hbsh" valign="middle" style="padding:0px;white-space:nowrap;" width="100%"><div aria-live="polite" id="mx12815_holder" class="bc">	<div id="mx12815" name="mx12815" class="text ts  ts  "  >&nbsp;</div>
</div></td>
					<td id="mx12819_header_19"  align="left" class="hb thb   hbsh" valign="middle" style="padding:0px;white-space:nowrap;" width="100%"><div aria-live="polite" id="mx12816_holder" class="bc"><a ctype="label"  id="mx12816"  href="http://porud755/maximo/ui/1526722539265?_tbldnld=valuelist&amp;uisessionid=267&amp;csrftoken=6k544bfh8i0h8rfj5656r8noj5" onmouseover="return noStatus();" target="_blank"  noclick="1"   targetid="mx12816"    class="text tht  " style="display:block;;;;;" title="Download"><img id='mx12816_image' src='../webclient/skins-20170809-1350/tivoli09/images/tablebtn_download.gif'  border='0' alt="Download" style='vertical-align:top;margin:0px;margin-left:3px;margin-right:3px;'/><span>Download</span></a></div></td>
					<td id="mx12819_header_20"   class="hb thb   hbsh" valign="middle" style="padding:0px;white-space:nowrap;" width="100%"><div aria-live="polite" id="mx12817_holder" class="bc"><img sf="1" aria-hidden="true" active="0" ctype="image" alt=""  src="../webclient/skins-20170809-1350/tivoli09/images/tablebtn_divider.gif" source="tablebtn_divider.gif" imgtype="" style="display:block;margin:0px" border="0"           id="mx12817" title=""/></div></td>
					<td id="mx12819_header_21"   class="hb thb   hbsh" valign="middle" style="padding:0px;white-space:nowrap;" width="100%"><div aria-live="polite" id="mx12818_holder" class="bc"><a  href="javascript: void(0);" ctype="toggleimage" ev="true" tabindex="0"  compid="mx12818"  title="Hide Table: {0}"><img id="mx12818"  aria-disabled="true" aria-hidden="true"  tabindex="-1" border="0" class="ti   " src="../webclient/skins-20170809-1350/tivoli09/images/minimize.gif" source="minimize.gif" imgtype="" ev="true" align="top" style="display:block;margin:0px;"  alt="Hide Table: {0}"  /></a>
</div></td>
					<td class="h_r"></td>
				</tr>
			</table>
		</td>
				</tr>
				<tr   control="true" id="mx12835_1"    style="vertical-align:top;">
				</tr>
				<tr   control="true" id="mx12835_2"    style="vertical-align:top;">
				<td    nowrap="nowrap"  id="mx12829_0"     valign="top" style="vertical-align:top;"><table role="presentation" control="true" id="mx12828"   width="100%"  class="table  " summary="" onkeydown="tableHotkey(event, this);" style="width:100%;;;vertical-align:top">				<tr   control="true" id="mx12844_0"    style="vertical-align:top;">
				<td    nowrap="nowrap"  id="mx12843_0"   class="tbod " valign="top" style="vertical-align:top;"><div id="mx12842_bodyholder" >
				<div id="mx12842_bodyholder1"  style="width:100%;">
					<table role="grid" id="mx12842" rownum="0" aria-labelledby="mx12797" rowsperpage="20" displayrows="2"  valign="top" summary=""  style="" class="tbod  ">
						<tr>
							<th id="valuelist_lookup_tablebody_rowholder" colspan="200" style='display:none'></th>
						</tr>
	<tr aria-invalid="true" role="row" id="mx12858"    class="ttitr   treven" style="display:;">
	<th id="errtitle"></th>	<th role="columnheader" control="true" id="mx12877"    onclick="" style="; " currentrow="false" class="tc    cursor_hand"   ><table role="presentation" id="mx12877_inner" style="display:inline; " >
			<tr>
					<td    nowrap="nowrap"  id="mx12876_0"     valign="top" style="vertical-align:top;"><table role="presentation" control="true" id="mx12875"   width="100%"  class="  " summary=""  style="width:100%;;;vertical-align:top">				<tr   control="true" id="mx12884_0"    style="vertical-align:top;">
				<td    nowrap="nowrap"  id="mx12883_0"     valign="top" style="vertical-align:top;"><div aria-live="polite" id="mx12879_holder" class="bc"><span ctype="sortlabel"  id="mx12879"   tabindex="0"    ev="0"  targetid="mx12879"  mxevent="click"  class="text hcns   anchor" style="padding:0px;padding-left:1px;margin:0px;;cursor:pointer;;;;" title="Value">Value</span></div><div aria-live="polite" id="mx12880_holder" class="bc"><img id="mx12880"  tabindex="-1" border="0" src="../webclient/skins-20170809-1350/tivoli09/images/col_sort_asc.gif" aria-live="polite" alt="Sort Ascending" width="11" height="11" align="absmiddle" style="margin:0px;"  />
</div></td>
				</tr>
</table>
</td>
		
				</tr>
			</table></th>
		<th role="columnheader" control="true" id="mx12888"    onclick="" style="; " currentrow="false" class="tc    cursor_hand"   ><table role="presentation" id="mx12888_inner" style="display:inline; " >
			<tr>
					<td    nowrap="nowrap"  id="mx12887_0"     valign="top" style="vertical-align:top;"><table role="presentation" control="true" id="mx12886"   width="100%"  class="  " summary=""  style="width:100%;;;vertical-align:top">				<tr   control="true" id="mx12895_0"    style="vertical-align:top;">
				<td    nowrap="nowrap"  id="mx12894_0"     valign="top" style="vertical-align:top;"><div aria-live="polite" id="mx12890_holder" class="bc"><span ctype="sortlabel"  id="mx12890"   tabindex="0"    ev="1"  targetid="mx12890"  mxevent="click"  class="text hcns   anchor" style="padding:0px;padding-left:1px;margin:0px;;cursor:pointer;;;;" title="Description">Description</span></div><div aria-live="polite" id="mx12891_holder" class="bc"><img id="mx12891"  tabindex="-1" border="0" src="../webclient/skins-20170809-1350/tivoli09/images/blank.gif" aria-live="polite" alt="Default Sort" width="0" height="11" align="absmiddle" style="margin:0px;"  />
</div></td>
				</tr>
</table>
</td>
		
				</tr>
			</table></th>
	
	</tr>

	<tr aria-invalid="true" role="row" id="mx12861"  onkeyup="if(tableRowEnterKeyFlag==1 && event.keyCode==KEYCODE_ENTER){sendEvent('filterrows','mx12861','');cancelEvent(event);}" onkeydown="if(event.keyCode == KEYCODE_ENTER) tableRowEnterKeyFlag=1; else tableRowEnterKeyFlag=0;" class="tfr   trodd" style="display:;">
	<td headers="errtitle"></td>	<td role="gridcell" control="true" id="mx12899"    onclick="" style="; " currentrow="false" class="tc    cursor_hand" headers="mx12877"  ><table role="presentation" id="mx12899_inner" style="display:inline; " >
			<tr>
					<td    nowrap="nowrap"  id="mx12898_0"     valign="top" style="vertical-align:top;"><table role="presentation" control="true" id="mx12897"   width="100%"  class="  " summary=""  style="width:100%;;;vertical-align:top">				<tr   control="true" id="mx12907_0"    style="vertical-align:top;">
				<td    nowrap="nowrap"  id="mx12906_0"  align="right"   valign="middle" style="vertical-align:middle;"></td>
				<td    nowrap="nowrap"  id="mx12906_1"     valign="middle" style="vertical-align:middle;"><div aria-live="polite" id="mx12903_holder" class="bc"><input   role="textbox"  id="mx12903" class="fld text tablefilterfield  tt queryField"     ctype="textbox"   li="mx12904"      style=";width:300.0px;"  ontr='true' async='1'  ae="setvalue"    type="text" title="Value filter" value="" ov="" fldInfo='{&quot;query&quot;:true,&quot;eventpriority&quot;:1}'/></div><div aria-live="polite" id="mx12904_holder" class="bc"><img sf="1" aria-hidden="true" active="0" ctype="image" alt=""  src="../webclient/skins-20170809-1350/tivoli09/images/blank.gif" source="blank" imgtype=".gif" style="display:inline;margin:0px;" border="0"  lc="mx12903"    align="absmiddle" width='0px' height='26px'   id="mx12904" title=""/></div></td>
				</tr>
</table>
</td>
		
				</tr>
			</table></td>
		<td role="gridcell" control="true" id="mx12911"    onclick="" style="; " currentrow="false" class="tc    cursor_hand" headers="mx12888"  ><table role="presentation" id="mx12911_inner" style="display:inline; " >
			<tr>
					<td    nowrap="nowrap"  id="mx12910_0"     valign="top" style="vertical-align:top;"><table role="presentation" control="true" id="mx12909"   width="100%"  class="  " summary=""  style="width:100%;;;vertical-align:top">				<tr   control="true" id="mx12919_0"    style="vertical-align:top;">
				<td    nowrap="nowrap"  id="mx12918_0"  align="right"   valign="middle" style="vertical-align:middle;"></td>
				<td    nowrap="nowrap"  id="mx12918_1"     valign="middle" style="vertical-align:middle;"><div aria-live="polite" id="mx12915_holder" class="bc"><input   role="textbox"  id="mx12915" class="fld text tablefilterfield  tt queryField"     ctype="textbox"   li="mx12916"      style=";width:300.0px;"  ontr='true' async='1'  ae="setvalue"    type="text" title="Description filter" value="" ov="" fldInfo='{&quot;query&quot;:true}'/></div><div aria-live="polite" id="mx12916_holder" class="bc"><img sf="1" aria-hidden="true" active="0" ctype="image" alt=""  src="../webclient/skins-20170809-1350/tivoli09/images/blank.gif" source="blank" imgtype=".gif" style="display:inline;margin:0px;" border="0"  lc="mx12915"    align="absmiddle" width='0px' height='26px'   id="mx12916" title=""/></div></td>
				</tr>
</table>
</td>
		
				</tr>
			</table></td>
	
	</tr>

	<tr aria-invalid="true" role="row" id="mx12864"    class="nrm   treven" aria-hidden="true"  style="display:none;">
	<td headers="errtitle"></td>
	</tr>

	<tr aria-invalid="true" role="row" id="mx12867[R:0]"  current="true"   class="tablerow   tcr trodd" style="display:;">
	<td headers="errtitle"><img id='mx12867[R:0]_er_img' src='../webclient/skins-20170809-1350/tivoli09/images/blank.gif' style='display:none' class='tablerow_blank_icon' title="" alt=""/></td>	<td role="gridcell" control="true" id="mx12931[R:0]"    onmouseover="appendClass(this.parentNode,'trh')" onmouseout="removeClass(this.parentNode,'trh')" onclick="tcClick(event,'mx12931[R:0]')" style="; width:;" currentrow="true" class="tc hl   cursor_hand" headers="mx12877"  ><table role="presentation" id="mx12931[R:0]_inner" style="display:inline; " >
			<tr>
					<td    nowrap="nowrap"  id="mx12930[R:0]_0"     valign="top" style="vertical-align:top;"><table role="presentation" control="true" id="mx12929[R:0]"   width="100%"  class="  " summary=""  style="width:100%;;;vertical-align:top">				<tr   control="true" id="mx12935[R:0]_0"    style="vertical-align:top;">
				<td    nowrap="nowrap"  id="mx12934[R:0]_0"  align="left"   valign="top" style="vertical-align:top;"><div aria-live="polite" id="mx12933[R:0]_holder" class="bc"><span ctype="label"  id="mx12933[R:0]"   tabindex="0"      targetid="mx12933[R:0]"  mxevent="click"  class="text txtbold text label  label   anchor" style="padding:0px;padding-left:1px;margin:0px;;cursor:pointer;;;;" title="NO">NO</span></div></td>
				</tr>
</table>
</td>
		
				</tr>
			</table></td>
		<td role="gridcell" control="true" id="mx12939[R:0]"    onmouseover="appendClass(this.parentNode,'trh')" onmouseout="removeClass(this.parentNode,'trh')" onclick="tcClick(event,'mx12939[R:0]')" style="; width:;" currentrow="true" class="tc hl   cursor_hand" headers="mx12888"  ><table role="presentation" id="mx12939[R:0]_inner" style="display:inline; " >
			<tr>
					<td    nowrap="nowrap"  id="mx12938[R:0]_0"     valign="top" style="vertical-align:top;"><table role="presentation" control="true" id="mx12937[R:0]"   width="100%"  class="  " summary=""  style="width:100%;;;vertical-align:top">				<tr   control="true" id="mx12943[R:0]_0"    style="vertical-align:top;">
				<td    nowrap="nowrap"  id="mx12942[R:0]_0"  align="left"   valign="top" style="vertical-align:top;"><div aria-live="polite" id="mx12941[R:0]_holder" class="bc"><span ctype="label"  id="mx12941[R:0]"   tabindex="0"      targetid="mx12941[R:0]"  mxevent="click"  class="text txtbold text label  label   anchor" style="padding:0px;padding-left:1px;margin:0px;;cursor:pointer;;;;" title="NO">NO</span></div></td>
				</tr>
</table>
</td>
		
				</tr>
			</table></td>
	
	</tr>

	<tr aria-invalid="true" role="row" id="mx12867[R:1]"    class="tablerow   treven" style="display:;">
	<td headers="errtitle"><img id='mx12867[R:1]_er_img' src='../webclient/skins-20170809-1350/tivoli09/images/blank.gif' style='display:none' class='tablerow_blank_icon' title="" alt=""/></td>	<td role="gridcell" control="true" id="mx12931[R:1]"    onmouseover="appendClass(this.parentNode,'trh')" onmouseout="removeClass(this.parentNode,'trh')" onclick="tcClick(event,'mx12931[R:1]')" style="; width:;" currentrow="false" class="tc hl   cursor_hand" headers="mx12877"  ><table role="presentation" id="mx12931[R:1]_inner" style="display:inline; " >
			<tr>
					<td    nowrap="nowrap"  id="mx12930[R:1]_0"     valign="top" style="vertical-align:top;"><table role="presentation" control="true" id="mx12929[R:1]"   width="100%"  class="  " summary=""  style="width:100%;;;vertical-align:top">				<tr   control="true" id="mx12935[R:1]_0"    style="vertical-align:top;">
				<td    nowrap="nowrap"  id="mx12934[R:1]_0"  align="left"   valign="top" style="vertical-align:top;"><div aria-live="polite" id="mx12933[R:1]_holder" class="bc"><span ctype="label"  id="mx12933[R:1]"   tabindex="0"      targetid="mx12933[R:1]"  mxevent="click"  class="text label  label   anchor" style="padding:0px;padding-left:1px;margin:0px;;cursor:pointer;;;;" title="YES">YES</span></div></td>
				</tr>
</table>
</td>
		
				</tr>
			</table></td>
		<td role="gridcell" control="true" id="mx12939[R:1]"    onmouseover="appendClass(this.parentNode,'trh')" onmouseout="removeClass(this.parentNode,'trh')" onclick="tcClick(event,'mx12939[R:1]')" style="; width:;" currentrow="false" class="tc hl   cursor_hand" headers="mx12888"  ><table role="presentation" id="mx12939[R:1]_inner" style="display:inline; " >
			<tr>
					<td    nowrap="nowrap"  id="mx12938[R:1]_0"     valign="top" style="vertical-align:top;"><table role="presentation" control="true" id="mx12937[R:1]"   width="100%"  class="  " summary=""  style="width:100%;;;vertical-align:top">				<tr   control="true" id="mx12943[R:1]_0"    style="vertical-align:top;">
				<td    nowrap="nowrap"  id="mx12942[R:1]_0"  align="left"   valign="top" style="vertical-align:top;"><div aria-live="polite" id="mx12941[R:1]_holder" class="bc"><span ctype="label"  id="mx12941[R:1]"   tabindex="0"      targetid="mx12941[R:1]"  mxevent="click"  class="text label  label   anchor" style="padding:0px;padding-left:1px;margin:0px;;cursor:pointer;;;;" title="YES">YES</span></div></td>
				</tr>
</table>
</td>
		
				</tr>
			</table></td>
	
	</tr>

	<tr aria-invalid="true" role="row" id="mx12873"    class="tablerow   troddtsr" aria-hidden="true"  style="display:none;">
					<td role='gridcell'    colspan='100' nowrap="nowrap"  id="mx12872_0"  align="left" class="tsrs " valign="middle" style="vertical-align:middle;"><div aria-live="polite" id="mx12871_holder" class="bc"><a  href="javascript: void(0);" ctype="toggleimage" ev="false" tabindex="0"  compid="mx12871"  title="Select Specific Records"><img id="mx12871"  aria-disabled="true" aria-hidden="true"  tabindex="-1" border="0" class="ti toggleselectcheckbox  " src="../webclient/skins-20170809-1350/tivoli09/images/table_cb_unchecked.gif" source="table_cb_unchecked" imgtype=".gif" ev="false" align="top" style="display:inline;margin:0px;"  alt="Select Specific Records"  /></a>
		&nbsp;<span id="mx12871_label"  class="text">Select Records</span>
</div></td>

	</tr>

						</table>
					</div>
				</div></td>
				</tr>
</table>
</td>
				</tr>
				<tr   control="true" id="mx12835_3"    style="vertical-align:top;">
				</tr>
		</table>
	
	</div>
<!-- END Tableouter -->
</td>
				</tr>

			</table>
			
			</div>
	
		</td>
	</tr>
</table>
<table role="presentation" width="100%" class="dbottom" height="*" ondblclick="cancelEvent(event);">
	<tr>
		<td class="    dss" align="right">
	
			<table role="presentation" cellspacing="2" width="100%">
							<tr   control="true" id="mx12853_0"    style="vertical-align:top;">

<td colspan="7" height="0" align="right" id="mx12852"  style=";white-space: nowrap;" class="invisbuttongroup">
	<div style="width:100%;;">
		<table id="mx12852_table"  summary="" role="group">
			<tr>
			<td align="right" style="white-space: nowrap;">
<div aria-live="polite" id="mx12855_holder" class="bc">
		<button ctype="pushbutton"      control="true" id="mx12855"  class="text pb default"  style="">Cancel</button></div>			</td>
			</tr>
		</table>
	</div>
</td>
				</tr>

			</table>
			
		</td>
	</tr>
</table>

		</td>
	</tr>
</table>

<img tabindex="0" labelid="mx12784" alt="" id="lookup_VALUELIST_last" onfocus="moveable_onfocus(this);" src="../webclient/skins-20170809-1350/tivoli09/images/blank.gif" width="1" height="1" lastbuttonid="mx12855"></td>
			</tr>
		</table>
		<script>
			window.setTimeout("_initDialog('mx12795','lookup_VALUELIST',-1,true)", 50);
		</script>
]]></component>

<deferredscript><![CDATA[scrollScreen('0','0');focusItem('mx12903',true);resetLogoutTimer(true);if(tpaeConfig.validationOn) {setButtonEnabled(saveButton,false)};]]></deferredscript></server_response>