<?xml version="1.0" encoding="UTF-8" ?>
<server_response csrftoken="6k544bfh8i0h8rfj5656r8noj5">
	<component id="mx8536_holder"><![CDATA[<script>
		var el = document.getElementById("mx8536");
		if(el)
		{
			el.style.display="";
		}
	</script>]]></component>
<component vis="true" id="mx8654_holder" compid="mx8654"><![CDATA[<input  aria-readonly="true"  role="textbox"  id="mx8654" class="fld text   fld fld_ro"     ctype="textbox"   li="mx8655"     maxlength="16" style=";width:75.0px;"   async='1'  ae="setvalue"  tabindex="-1" readonly="readonly" type="text" title="Status: COMP" value="COMP" ov="COMP" work="1" fldInfo='{&quot;length&quot;:&quot;16&quot;,&quot;inttype&quot;:&quot;1&quot;,&quot;required&quot;:true}'/>]]></component>
	<compvalue id="mx8654"><![CDATA[COMP]]></compvalue>
	<component id="mx9355_holder"><![CDATA[<script>
		var el = document.getElementById("mx9355");
		if(el)
		{
			el.style.display="";
		}
	</script>]]></component>
<component vis="true" id="mx9336_holder" compid="mx9336"><![CDATA[<span ctype="label"  id="mx9336"   tabindex="0"      targetid="mx9336"  mxevent="click"  class="text tht   anchor" style="display:block;padding-left:2px;padding-top:2px;;cursor:pointer;;;;" title="Filter">Filter</span>]]></component>
<component vis="true" id="mx9349_holder" compid="mx9349"><![CDATA[<label ctype="label"  id="mx9349"    noclick="1"   targetid="mx9349"    class="text tht  " style="display:block;padding-left:2px;padding-top:2px;;;;;" title="0 - 0 of 0">0 - 0 of 0</label>]]></component>
<component vis="true" id="mx9351_holder" compid="mx9351"><![CDATA[	<div id="mx9351" name="mx9351" class="text ts  ts  "  >&nbsp;</div>
]]></component>
<component vis="true" id="mx9352_holder" compid="mx9352"><![CDATA[<a ctype="label" disabled='disabled' id="mx9352"  href="Javascript: void(0);"  noclick="1"   targetid="mx9352"    class="text tht  " style="display:block;;;color:#C0C0C0;;" title="Download"><img id='mx9352_image' src='../webclient/skins-20170809-1350/tivoli09/images/tablebtn_download_off.gif'  border='0' alt="Download" style='vertical-align:top;margin:0px;margin-left:3px;margin-right:3px;'/><span>Download</span></a>]]></component>
		<component id="mx9378_holder"><![CDATA[<script>
		addLoadMethod("updateDisplay('mx9378','')");
		</script>]]></component>
<component vis="true" id="mx9385_holder" compid="mx9385" holder="mx9385_bodyholder"><![CDATA[
				<div id="mx9385_bodyholder1"  style="width:100%;">
					<table role="grid" id="mx9385" rownum="-1" aria-labelledby="mx9333" rowsperpage="5" displayrows="0"  valign="top" summary="Appliance Details"  style="" class="tbod  ">
						<tr>
							<th id="copy_copy_new_tab_copy_new_tab_copy_copy_new_table_2_copy_new_table_2_new_table_2_ctrl_tablebody_rowholder" colspan="200" style='display:none'></th>
						</tr>
	<tr aria-invalid="true" role="row" id="mx11855"    class="ttitr   treven" style="display:;">
	<th id="errtitle"></th>	<th role="columnheader" control="true" id="mx11874"    onclick="" style="; " currentrow="false" class="tc    cursor_hand"   ><table role="presentation" id="mx11874_inner" style="display:inline; " >
			<tr>
					<td    nowrap="nowrap"  id="mx11873_0"     valign="top" style="vertical-align:top;"><table role="presentation" control="true" id="mx11872"   width="100%"  class="  " summary=""  style="width:100%;;;vertical-align:top">				<tr   control="true" id="mx11878_0"    style="vertical-align:top;">
				<td   colspan='3' nowrap="nowrap"  id="mx11877_0"  align="right"   valign="top" style="vertical-align:top;"><div aria-live="polite" id="mx11876_holder" class="bc">		&nbsp;
</div></td>
				</tr>
</table>
</td>
		
				</tr>
			</table></th>
		<th role="columnheader" control="true" id="mx11882"    onclick="" style="; " currentrow="false" class="tc    cursor_hand"   ><table role="presentation" id="mx11882_inner" style="display:inline; margin-right:3px " align="right"  >
			<tr>
					<td    nowrap="nowrap"  id="mx11881_0"     valign="top" style="vertical-align:top;"><table role="presentation" control="true" id="mx11880"   width="100%"  class="  " summary=""  style="width:100%;;;vertical-align:top">				<tr   control="true" id="mx11889_0"    style="vertical-align:top;">
				<td    nowrap="nowrap"  id="mx11888_0"     valign="top" style="vertical-align:top;"><div aria-live="polite" id="mx11884_holder" class="bc"><span ctype="sortlabel"  id="mx11884"   tabindex="0"    ev="1"  targetid="mx11884"  mxevent="click"  class="text hcns   anchor" style="padding:0px;padding-left:1px;margin:0px;;cursor:pointer;;;;" title="Appliance Sequence Number">Appliance Sequence Number</span></div><div aria-live="polite" id="mx11885_holder" class="bc"><img id="mx11885"  tabindex="-1" border="0" src="../webclient/skins-20170809-1350/tivoli09/images/blank.gif" aria-live="polite" alt="Default Sort" width="0" height="11" align="absmiddle" style="margin:0px;"  />
</div></td>
				</tr>
</table>
</td>
		
				</tr>
			</table></th>
		<th role="columnheader" control="true" id="mx11893"    onclick="" style="; " currentrow="false" class="tc    cursor_hand"   ><table role="presentation" id="mx11893_inner" style="display:inline; " >
			<tr>
					<td    nowrap="nowrap"  id="mx11892_0"     valign="top" style="vertical-align:top;"><table role="presentation" control="true" id="mx11891"   width="100%"  class="  " summary=""  style="width:100%;;;vertical-align:top">				<tr   control="true" id="mx11900_0"    style="vertical-align:top;">
				<td    nowrap="nowrap"  id="mx11899_0"     valign="top" style="vertical-align:top;"><div aria-live="polite" id="mx11895_holder" class="bc"><span ctype="sortlabel"  id="mx11895"   tabindex="0"    ev="2"  targetid="mx11895"  mxevent="click"  class="text hcns   anchor" style="padding:0px;padding-left:1px;margin:0px;;cursor:pointer;;;;" title="Appliance type / Installation pipework">Appliance type / Installation pipework</span></div><div aria-live="polite" id="mx11896_holder" class="bc"><img id="mx11896"  tabindex="-1" border="0" src="../webclient/skins-20170809-1350/tivoli09/images/blank.gif" aria-live="polite" alt="Default Sort" width="0" height="11" align="absmiddle" style="margin:0px;"  />
</div></td>
				</tr>
</table>
</td>
		
				</tr>
			</table></th>
		<th role="columnheader" control="true" id="mx11904"    onclick="" style="; " currentrow="false" class="tc    cursor_hand"   ><table role="presentation" id="mx11904_inner" style="display:inline; " >
			<tr>
					<td    nowrap="nowrap"  id="mx11903_0"     valign="top" style="vertical-align:top;"><table role="presentation" control="true" id="mx11902"   width="100%"  class="  " summary=""  style="width:100%;;;vertical-align:top">				<tr   control="true" id="mx11911_0"    style="vertical-align:top;">
				<td    nowrap="nowrap"  id="mx11910_0"     valign="top" style="vertical-align:top;"><div aria-live="polite" id="mx11906_holder" class="bc"><span ctype="sortlabel"  id="mx11906"   tabindex="0"    ev="3"  targetid="mx11906"  mxevent="click"  class="text hcns   anchor" style="padding:0px;padding-left:1px;margin:0px;;cursor:pointer;;;;" title="Appliance Satisfactory">Appliance Satisfactory</span></div><div aria-live="polite" id="mx11907_holder" class="bc"><img id="mx11907"  tabindex="-1" border="0" src="../webclient/skins-20170809-1350/tivoli09/images/blank.gif" aria-live="polite" alt="Default Sort" width="0" height="11" align="absmiddle" style="margin:0px;"  />
</div></td>
				</tr>
</table>
</td>
		
				</tr>
			</table></th>
		<th role="columnheader" control="true" id="mx11915"    onclick="" style="; " currentrow="false" class="tc    cursor_hand"   ><table role="presentation" id="mx11915_inner" style="display:inline; " >
			<tr>
					<td    nowrap="nowrap"  id="mx11914_0"     valign="top" style="vertical-align:top;"><table role="presentation" control="true" id="mx11913"   width="100%"  class="  " summary=""  style="width:100%;;;vertical-align:top">				<tr   control="true" id="mx11919_0"    style="vertical-align:top;">
				<td    nowrap="nowrap"  id="mx11918_0"     valign="top" style="vertical-align:top;"><div aria-live="polite" id="mx11917_holder" class="bc"><img sf="1" aria-hidden="true" active="0" ctype="image" alt=""  src="../webclient/skins-20170809-1350/tivoli09/images/blank.gif" source="blank" imgtype=".gif" style="display:inline;margin:0px;" border="0"      align="absmiddle" width='0px' height='26px'   id="mx11917" title=""/></div></td>
				</tr>
</table>
</td>
		
				</tr>
			</table></th>
	
	</tr>

	<tr aria-invalid="true" role="row" id="mx11858"  onkeyup="if(tableRowEnterKeyFlag==1 && event.keyCode==KEYCODE_ENTER){sendEvent('filterrows','mx11858','');cancelEvent(event);}" onkeydown="if(event.keyCode == KEYCODE_ENTER) tableRowEnterKeyFlag=1; else tableRowEnterKeyFlag=0;" class="tfr   trodd" aria-hidden="true"  style="display:none;">
	<td headers="errtitle"></td>	<td role="gridcell" control="true" id="mx11923"    onclick="" style="; " currentrow="false" class="tc    cursor_hand" headers="mx11874"  ><br/><table role="presentation" id="mx11923_inner" style="display:none;; " >
			<tr>
					<td    nowrap="nowrap"  id="mx11922_0"     valign="top" style="vertical-align:top;display:none;"><table role="presentation" control="true" id="mx11921"   width="100%"  class="  " summary=""  style="width:100%;;;vertical-align:top">				<tr   control="true" id="mx11927_0"    style="vertical-align:top;display:none;">
				<td    nowrap="nowrap"  id="mx11926_0"     valign="top" style="vertical-align:top;display:none;"><div aria-live="polite" id="mx11925_holder" class="bc" style="display:none">	<div id="mx11925" name="mx11925" class="  "  >&nbsp;</div>
</div></td>
				</tr>
</table>
</td>
		
				</tr>
			</table></td>
		<td role="gridcell" control="true" id="mx11931"    onclick="" style="; " currentrow="false" class="tc    cursor_hand" headers="mx11882"  ><br/><table role="presentation" id="mx11931_inner" style="display:none;; margin-right:3px " align="right"  >
			<tr>
					<td    nowrap="nowrap"  id="mx11930_0"     valign="top" style="vertical-align:top;display:none;"><table role="presentation" control="true" id="mx11929"   width="100%"  class="  " summary=""  style="width:100%;;;vertical-align:top">				<tr   control="true" id="mx11939_0"    style="vertical-align:top;display:none;">
				<td    nowrap="nowrap"  id="mx11938_0"  align="right"   valign="middle" style="vertical-align:middle;display:none;"></td>
				<td    nowrap="nowrap"  id="mx11938_1"     valign="middle" style="vertical-align:middle;display:none;"><div aria-live="polite" id="mx11935_holder" class="bc" style="display:none"><input   role="textbox"  id="mx11935" class="fld text tablefilterfield  tt queryField"     ctype="textbox"  dir="ltr" li="mx11936"      style="padding-right:2px;text-align: right;;width:75.0px;"  ontr='true' async='1'  ae="setvalue"    type="text" title="Appliance Sequence Number filter" value="" ov="" fldInfo='{&quot;query&quot;:true}'/></div><div aria-live="polite" id="mx11936_holder" class="bc" style="display:none"><img sf="1" aria-hidden="true" active="0" ctype="image" alt=""  src="../webclient/skins-20170809-1350/tivoli09/images/blank.gif" source="blank" imgtype=".gif" style="display:inline;margin:0px;" border="0"  lc="mx11935"    align="absmiddle" width='0px' height='26px'   id="mx11936" title=""/></div></td>
				</tr>
</table>
</td>
		
				</tr>
			</table></td>
		<td role="gridcell" control="true" id="mx11943"    onclick="" style="; " currentrow="false" class="tc    cursor_hand" headers="mx11893"  ><br/><table role="presentation" id="mx11943_inner" style="display:none;; " >
			<tr>
					<td    nowrap="nowrap"  id="mx11942_0"     valign="top" style="vertical-align:top;display:none;"><table role="presentation" control="true" id="mx11941"   width="100%"  class="  " summary=""  style="width:100%;;;vertical-align:top">				<tr   control="true" id="mx11951_0"    style="vertical-align:top;display:none;">
				<td    nowrap="nowrap"  id="mx11950_0"  align="right"   valign="middle" style="vertical-align:middle;display:none;"></td>
				<td    nowrap="nowrap"  id="mx11950_1"     valign="middle" style="vertical-align:middle;display:none;"><div aria-live="polite" id="mx11947_holder" class="bc" style="display:none"><input   role="textbox"  id="mx11947" class="fld text tablefilterfield  tt queryField"     ctype="textbox"   li="mx11948"      style=";width:70.0px;"  ontr='true' async='1'  ae="setvalue"    type="text" title="Appliance type / Installation pipework filter" value="" ov="" fldInfo='{&quot;query&quot;:true,&quot;lookup&quot;:&quot;valuelist&quot;,&quot;eventpriority&quot;:2}'/></div><div aria-live="polite" id="mx11948_holder" class="bc" style="display:none"><img sf="1"   ctype="image" alt="Select Value"  src="../webclient/skins-20170809-1350/tivoli09/images/img_lookup.gif" source="img_lookup" imgtype=".gif" style="cursor:default;display:inline;margin:0px;margin-top:2px;margin-left:2px;" border="0"  lc="mx11947" aria-haspopup="true"   align="absmiddle"    ev="valuelist" id="mx11948" tabindex="-1" title="Select Value"/></div></td>
				</tr>
</table>
</td>
		
				</tr>
			</table></td>
		<td role="gridcell" control="true" id="mx11955"    onclick="" style="; " currentrow="false" class="tc    cursor_hand" headers="mx11904"  ><br/><table role="presentation" id="mx11955_inner" style="display:none;; " >
			<tr>
					<td    nowrap="nowrap"  id="mx11954_0"     valign="top" style="vertical-align:top;display:none;"><table role="presentation" control="true" id="mx11953"   width="100%"  class="  " summary=""  style="width:100%;;;vertical-align:top">				<tr   control="true" id="mx11963_0"    style="vertical-align:top;display:none;">
				<td    nowrap="nowrap"  id="mx11962_0"  align="right"   valign="middle" style="vertical-align:middle;display:none;"></td>
				<td    nowrap="nowrap"  id="mx11962_1"     valign="middle" style="vertical-align:middle;display:none;"><div aria-live="polite" id="mx11959_holder" class="bc" style="display:none"><input   role="textbox"  id="mx11959" class="fld text tablefilterfield  tt queryField"     ctype="textbox"   li="mx11960"      style=";width:75.0px;"  ontr='true' async='1'  ae="setvalue"    type="text" title="Appliance Satisfactory filter" value="" ov="" fldInfo='{&quot;query&quot;:true,&quot;lookup&quot;:&quot;valuelist&quot;,&quot;eventpriority&quot;:2}'/></div><div aria-live="polite" id="mx11960_holder" class="bc" style="display:none"><img sf="1"   ctype="image" alt="Select Value"  src="../webclient/skins-20170809-1350/tivoli09/images/img_lookup.gif" source="img_lookup" imgtype=".gif" style="cursor:default;display:inline;margin:0px;margin-top:2px;margin-left:2px;" border="0"  lc="mx11959" aria-haspopup="true"   align="absmiddle"    ev="valuelist" id="mx11960" tabindex="-1" title="Select Value"/></div></td>
				</tr>
</table>
</td>
		
				</tr>
			</table></td>
		<td role="gridcell" control="true" id="mx11967"    onclick="" style="; " currentrow="false" class="tc    cursor_hand" headers="mx11915"  ><br/><table role="presentation" id="mx11967_inner" style="display:none;; " >
			<tr>
					<td    nowrap="nowrap"  id="mx11966_0"     valign="top" style="vertical-align:top;display:none;"><table role="presentation" control="true" id="mx11965"   width="100%"  class="  " summary=""  style="width:100%;;;vertical-align:top">				<tr   control="true" id="mx11971_0"    style="vertical-align:top;display:none;">
				<td    nowrap="nowrap"  id="mx11970_0"     valign="top" style="vertical-align:top;display:none;"><div aria-live="polite" id="mx11969_holder" class="bc" style="display:none"><img sf="1"  active="0" ctype="image" alt=""  src="../webclient/skins-20170809-1350/tivoli09/images/blank.gif" source="blank.gif" imgtype="" style="cursor:default;display:@display;margin:0px;margin-top:2px;margin-left:2px;" border="0"           id="mx11969" title=""/></div></td>
				</tr>
</table>
</td>
		
				</tr>
			</table></td>
	
	</tr>

	<tr aria-invalid="true" role="row" id="mx11861"    class="nrm   treven" style="display:;">
	<td headers="errtitle"></td>	<td role="gridcell" control="true" id="mx11975"  colspan="5"  onclick="" style="; " currentrow="false" class="tc    cursor_hand"   align="middle"><table role="presentation" id="mx11975_inner" style="display:inline; " >
			<tr>
					<td    nowrap="nowrap"  id="mx11974_0"     valign="top" style="vertical-align:top;"><table role="presentation" control="true" id="mx11973"   width="100%"  class="  " summary=""  style="width:100%;;;vertical-align:top">				<tr   control="true" id="mx11979_0"    style="vertical-align:top;">
				<td   colspan='3' nowrap="nowrap"  id="mx11978_0"  align="right"   valign="top" style="vertical-align:top;"><div aria-live="polite" id="mx11977_holder" class="bc"><label ctype="label"  id="mx11977"    noclick="1"   targetid="mx11977"    class="text nrm  nrm  " style="display:block;padding-left:2px;padding-top:2px;;;;;" title="...No rows to display...">...No rows to display...</label></div></td>
				</tr>
</table>
</td>
		
				</tr>
			</table></td>
	
	</tr>

	<tr aria-invalid="true" role="row" id="mx11870"    class="tablerow   troddtsr" aria-hidden="true"  style="display:none;">
					<td role='gridcell'    colspan='100' nowrap="nowrap"  id="mx11869_0"  align="left" class="tsrs " valign="middle" style="vertical-align:middle;"><div aria-live="polite" id="mx11868_holder" class="bc"><a  href="javascript: void(0);" ctype="toggleimage" ev="false" tabindex="0"  compid="mx11868"  title="Select Specific Records"><img id="mx11868"  aria-disabled="true" aria-hidden="true"  tabindex="-1" border="0" class="ti toggleselectcheckbox  " src="../webclient/skins-20170809-1350/tivoli09/images/table_cb_unchecked.gif" source="table_cb_unchecked" imgtype=".gif" ev="false" align="top" style="display:inline;margin:0px;"  alt="Select Specific Records"  /></a>
		&nbsp;<span id="mx11868_label"  class="text">Select Records</span>
</div></td>

	</tr>

						</table>
					</div>
				]]></component>

	<component id="mx9400_holder"><![CDATA[<script>
        el = document.getElementById("mx9400");
        if(el)
        {
            
			el.style.display="none";
			el.setAttribute("aria-hidden" , "true");
			el.setAttribute("rownum", "-1" );
		}
		el = document.getElementById("mx9400_inner");
		if(el)
		{
				el.style.display="none";
				el.setAttribute("aria-hidden" , "true");
		}
	</script>]]></component>
	<component id="mx9542_holder"><![CDATA[<script>
		var el = document.getElementById("mx9542");
		if(el)
		{
			el.style.display="";
		}
	</script>]]></component>
<component vis="true" id="mx9523_holder" compid="mx9523"><![CDATA[<span ctype="label"  id="mx9523"   tabindex="0"      targetid="mx9523"  mxevent="click"  class="text tht   anchor" style="display:block;padding-left:2px;padding-top:2px;;cursor:pointer;;;;" title="Filter">Filter</span>]]></component>
<component vis="true" id="mx9536_holder" compid="mx9536"><![CDATA[<label ctype="label"  id="mx9536"    noclick="1"   targetid="mx9536"    class="text tht  " style="display:block;padding-left:2px;padding-top:2px;;;;;" title="0 - 0 of 0">0 - 0 of 0</label>]]></component>
<component vis="true" id="mx9538_holder" compid="mx9538"><![CDATA[	<div id="mx9538" name="mx9538" class="text ts  ts  "  >&nbsp;</div>
]]></component>
<component vis="true" id="mx9539_holder" compid="mx9539"><![CDATA[<a ctype="label" disabled='disabled' id="mx9539"  href="Javascript: void(0);"  noclick="1"   targetid="mx9539"    class="text tht  " style="display:block;;;color:#C0C0C0;;" title="Download"><img id='mx9539_image' src='../webclient/skins-20170809-1350/tivoli09/images/tablebtn_download_off.gif'  border='0' alt="Download" style='vertical-align:top;margin:0px;margin-left:3px;margin-right:3px;'/><span>Download</span></a>]]></component>
		<component id="mx9565_holder"><![CDATA[<script>
		addLoadMethod("updateDisplay('mx9565','')");
		</script>]]></component>
<component vis="true" id="mx9572_holder" compid="mx9572" holder="mx9572_bodyholder"><![CDATA[
				<div id="mx9572_bodyholder1"  style="width:100%;">
					<table role="grid" id="mx9572" rownum="-1" aria-labelledby="mx9520" rowsperpage="1" displayrows="0"  valign="top" summary="Meter Details"  style="" class="tbod  ">
						<tr>
							<th id="copy_copy_new_tab_copy_new_tab_copy_new_table_2_new_table_2_ctrl_tablebody_rowholder" colspan="200" style='display:none'></th>
						</tr>
	<tr aria-invalid="true" role="row" id="mx12074"    class="ttitr   treven" style="display:;">
	<th id="errtitle"></th>	<th role="columnheader" control="true" id="mx12093"    onclick="" style="; " currentrow="false" class="tc    cursor_hand"   ><table role="presentation" id="mx12093_inner" style="display:inline; " >
			<tr>
					<td    nowrap="nowrap"  id="mx12092_0"     valign="top" style="vertical-align:top;"><table role="presentation" control="true" id="mx12091"   width="100%"  class="  " summary=""  style="width:100%;;;vertical-align:top">				<tr   control="true" id="mx12097_0"    style="vertical-align:top;">
				<td   colspan='3' nowrap="nowrap"  id="mx12096_0"  align="right"   valign="top" style="vertical-align:top;"><div aria-live="polite" id="mx12095_holder" class="bc">		&nbsp;
</div></td>
				</tr>
</table>
</td>
		
				</tr>
			</table></th>
		<th role="columnheader" control="true" id="mx12101"    onclick="" style="; " currentrow="false" class="tc    cursor_hand"   ><table role="presentation" id="mx12101_inner" style="display:inline; " >
			<tr>
					<td    nowrap="nowrap"  id="mx12100_0"     valign="top" style="vertical-align:top;"><table role="presentation" control="true" id="mx12099"   width="100%"  class="  " summary=""  style="width:100%;;;vertical-align:top">				<tr   control="true" id="mx12108_0"    style="vertical-align:top;">
				<td    nowrap="nowrap"  id="mx12107_0"     valign="top" style="vertical-align:top;"><div aria-live="polite" id="mx12103_holder" class="bc"><span ctype="sortlabel"  id="mx12103"   tabindex="0"    ev="1"  targetid="mx12103"  mxevent="click"  class="text hcns   anchor" style="padding:0px;padding-left:1px;margin:0px;;cursor:pointer;;;;" title="Meter Job Type">Meter Job Type</span></div><div aria-live="polite" id="mx12104_holder" class="bc"><img id="mx12104"  tabindex="-1" border="0" src="../webclient/skins-20170809-1350/tivoli09/images/blank.gif" aria-live="polite" alt="Default Sort" width="0" height="11" align="absmiddle" style="margin:0px;"  />
</div></td>
				</tr>
</table>
</td>
		
				</tr>
			</table></th>
		<th role="columnheader" control="true" id="mx12112"    onclick="" style="; " currentrow="false" class="tc    cursor_hand"   ><table role="presentation" id="mx12112_inner" style="display:inline; " >
			<tr>
					<td    nowrap="nowrap"  id="mx12111_0"     valign="top" style="vertical-align:top;"><table role="presentation" control="true" id="mx12110"   width="100%"  class="  " summary=""  style="width:100%;;;vertical-align:top">				<tr   control="true" id="mx12119_0"    style="vertical-align:top;">
				<td    nowrap="nowrap"  id="mx12118_0"     valign="top" style="vertical-align:top;"><div aria-live="polite" id="mx12114_holder" class="bc"><span ctype="sortlabel"  id="mx12114"   tabindex="0"    ev="2"  targetid="mx12114"  mxevent="click"  class="text hcns   anchor" style="padding:0px;padding-left:1px;margin:0px;;cursor:pointer;;;;" title="Make">Make</span></div><div aria-live="polite" id="mx12115_holder" class="bc"><img id="mx12115"  tabindex="-1" border="0" src="../webclient/skins-20170809-1350/tivoli09/images/blank.gif" aria-live="polite" alt="Default Sort" width="0" height="11" align="absmiddle" style="margin:0px;"  />
</div></td>
				</tr>
</table>
</td>
		
				</tr>
			</table></th>
		<th role="columnheader" control="true" id="mx12123"    onclick="" style="; " currentrow="false" class="tc    cursor_hand"   ><table role="presentation" id="mx12123_inner" style="display:inline; " >
			<tr>
					<td    nowrap="nowrap"  id="mx12122_0"     valign="top" style="vertical-align:top;"><table role="presentation" control="true" id="mx12121"   width="100%"  class="  " summary=""  style="width:100%;;;vertical-align:top">				<tr   control="true" id="mx12130_0"    style="vertical-align:top;">
				<td    nowrap="nowrap"  id="mx12129_0"     valign="top" style="vertical-align:top;"><div aria-live="polite" id="mx12125_holder" class="bc"><span ctype="sortlabel"  id="mx12125"   tabindex="0"    ev="3"  targetid="mx12125"  mxevent="click"  class="text hcns   anchor" style="padding:0px;padding-left:1px;margin:0px;;cursor:pointer;;;;" title="Model">Model</span></div><div aria-live="polite" id="mx12126_holder" class="bc"><img id="mx12126"  tabindex="-1" border="0" src="../webclient/skins-20170809-1350/tivoli09/images/blank.gif" aria-live="polite" alt="Default Sort" width="0" height="11" align="absmiddle" style="margin:0px;"  />
</div></td>
				</tr>
</table>
</td>
		
				</tr>
			</table></th>
		<th role="columnheader" control="true" id="mx12134"    onclick="" style="; " currentrow="false" class="tc    cursor_hand"   ><table role="presentation" id="mx12134_inner" style="display:inline; " >
			<tr>
					<td    nowrap="nowrap"  id="mx12133_0"     valign="top" style="vertical-align:top;"><table role="presentation" control="true" id="mx12132"   width="100%"  class="  " summary=""  style="width:100%;;;vertical-align:top">				<tr   control="true" id="mx12141_0"    style="vertical-align:top;">
				<td    nowrap="nowrap"  id="mx12140_0"     valign="top" style="vertical-align:top;"><div aria-live="polite" id="mx12136_holder" class="bc"><span ctype="sortlabel"  id="mx12136"   tabindex="0"    ev="4"  targetid="mx12136"  mxevent="click"  class="text hcns   anchor" style="padding:0px;padding-left:1px;margin:0px;;cursor:pointer;;;;" title="Make">Make</span></div><div aria-live="polite" id="mx12137_holder" class="bc"><img id="mx12137"  tabindex="-1" border="0" src="../webclient/skins-20170809-1350/tivoli09/images/blank.gif" aria-live="polite" alt="Default Sort" width="0" height="11" align="absmiddle" style="margin:0px;"  />
</div></td>
				</tr>
</table>
</td>
		
				</tr>
			</table></th>
		<th role="columnheader" control="true" id="mx12145"    onclick="" style="; " currentrow="false" class="tc    cursor_hand"   ><table role="presentation" id="mx12145_inner" style="display:inline; " >
			<tr>
					<td    nowrap="nowrap"  id="mx12144_0"     valign="top" style="vertical-align:top;"><table role="presentation" control="true" id="mx12143"   width="100%"  class="  " summary=""  style="width:100%;;;vertical-align:top">				<tr   control="true" id="mx12152_0"    style="vertical-align:top;">
				<td    nowrap="nowrap"  id="mx12151_0"     valign="top" style="vertical-align:top;"><div aria-live="polite" id="mx12147_holder" class="bc"><span ctype="sortlabel"  id="mx12147"   tabindex="0"    ev="5"  targetid="mx12147"  mxevent="click"  class="text hcns   anchor" style="padding:0px;padding-left:1px;margin:0px;;cursor:pointer;;;;" title="Model">Model</span></div><div aria-live="polite" id="mx12148_holder" class="bc"><img id="mx12148"  tabindex="-1" border="0" src="../webclient/skins-20170809-1350/tivoli09/images/blank.gif" aria-live="polite" alt="Default Sort" width="0" height="11" align="absmiddle" style="margin:0px;"  />
</div></td>
				</tr>
</table>
</td>
		
				</tr>
			</table></th>
	
	</tr>

	<tr aria-invalid="true" role="row" id="mx12077"  onkeyup="if(tableRowEnterKeyFlag==1 && event.keyCode==KEYCODE_ENTER){sendEvent('filterrows','mx12077','');cancelEvent(event);}" onkeydown="if(event.keyCode == KEYCODE_ENTER) tableRowEnterKeyFlag=1; else tableRowEnterKeyFlag=0;" class="tfr   trodd" aria-hidden="true"  style="display:none;">
	<td headers="errtitle"></td>	<td role="gridcell" control="true" id="mx12156"    onclick="" style="; " currentrow="false" class="tc    cursor_hand" headers="mx12093"  ><br/><table role="presentation" id="mx12156_inner" style="display:none;; " >
			<tr>
					<td    nowrap="nowrap"  id="mx12155_0"     valign="top" style="vertical-align:top;display:none;"><table role="presentation" control="true" id="mx12154"   width="100%"  class="  " summary=""  style="width:100%;;;vertical-align:top">				<tr   control="true" id="mx12160_0"    style="vertical-align:top;display:none;">
				<td    nowrap="nowrap"  id="mx12159_0"     valign="top" style="vertical-align:top;display:none;"><div aria-live="polite" id="mx12158_holder" class="bc" style="display:none">	<div id="mx12158" name="mx12158" class="  "  >&nbsp;</div>
</div></td>
				</tr>
</table>
</td>
		
				</tr>
			</table></td>
		<td role="gridcell" control="true" id="mx12164"    onclick="" style="; " currentrow="false" class="tc    cursor_hand" headers="mx12101"  ><br/><table role="presentation" id="mx12164_inner" style="display:none;; " >
			<tr>
					<td    nowrap="nowrap"  id="mx12163_0"     valign="top" style="vertical-align:top;display:none;"><table role="presentation" control="true" id="mx12162"   width="100%"  class="  " summary=""  style="width:100%;;;vertical-align:top">				<tr   control="true" id="mx12172_0"    style="vertical-align:top;display:none;">
				<td    nowrap="nowrap"  id="mx12171_0"  align="right"   valign="middle" style="vertical-align:middle;display:none;"></td>
				<td    nowrap="nowrap"  id="mx12171_1"     valign="middle" style="vertical-align:middle;display:none;"><div aria-live="polite" id="mx12168_holder" class="bc" style="display:none"><input   role="textbox"  id="mx12168" class="fld text tablefilterfield  tt queryField"     ctype="textbox"   li="mx12169"      style=";width:70.0px;"  ontr='true' async='1'  ae="setvalue"    type="text" title="Meter Job Type filter" value="" ov="" fldInfo='{&quot;query&quot;:true}'/></div><div aria-live="polite" id="mx12169_holder" class="bc" style="display:none"><img sf="1" aria-hidden="true" active="0" ctype="image" alt=""  src="../webclient/skins-20170809-1350/tivoli09/images/blank.gif" source="blank" imgtype=".gif" style="display:inline;margin:0px;" border="0"  lc="mx12168"    align="absmiddle" width='0px' height='26px'   id="mx12169" title=""/></div></td>
				</tr>
</table>
</td>
		
				</tr>
			</table></td>
		<td role="gridcell" control="true" id="mx12176"    onclick="" style="; " currentrow="false" class="tc    cursor_hand" headers="mx12112"  ><br/><table role="presentation" id="mx12176_inner" style="display:none;; " >
			<tr>
					<td    nowrap="nowrap"  id="mx12175_0"     valign="top" style="vertical-align:top;display:none;"><table role="presentation" control="true" id="mx12174"   width="100%"  class="  " summary=""  style="width:100%;;;vertical-align:top">				<tr   control="true" id="mx12184_0"    style="vertical-align:top;display:none;">
				<td    nowrap="nowrap"  id="mx12183_0"  align="right"   valign="middle" style="vertical-align:middle;display:none;"></td>
				<td    nowrap="nowrap"  id="mx12183_1"     valign="middle" style="vertical-align:middle;display:none;"><div aria-live="polite" id="mx12180_holder" class="bc" style="display:none"><input   role="textbox"  id="mx12180" class="fld text tablefilterfield  tt queryField"     ctype="textbox"   li="mx12181"      style=";width:75.0px;"  ontr='true' async='1'  ae="setvalue"    type="text" title="Make filter" value="" ov="" fldInfo='{&quot;query&quot;:true}'/></div><div aria-live="polite" id="mx12181_holder" class="bc" style="display:none"><img sf="1" aria-hidden="true" active="0" ctype="image" alt=""  src="../webclient/skins-20170809-1350/tivoli09/images/blank.gif" source="blank" imgtype=".gif" style="display:inline;margin:0px;" border="0"  lc="mx12180"    align="absmiddle" width='0px' height='26px'   id="mx12181" title=""/></div></td>
				</tr>
</table>
</td>
		
				</tr>
			</table></td>
		<td role="gridcell" control="true" id="mx12188"    onclick="" style="; " currentrow="false" class="tc    cursor_hand" headers="mx12123"  ><br/><table role="presentation" id="mx12188_inner" style="display:none;; " >
			<tr>
					<td    nowrap="nowrap"  id="mx12187_0"     valign="top" style="vertical-align:top;display:none;"><table role="presentation" control="true" id="mx12186"   width="100%"  class="  " summary=""  style="width:100%;;;vertical-align:top">				<tr   control="true" id="mx12196_0"    style="vertical-align:top;display:none;">
				<td    nowrap="nowrap"  id="mx12195_0"  align="right"   valign="middle" style="vertical-align:middle;display:none;"></td>
				<td    nowrap="nowrap"  id="mx12195_1"     valign="middle" style="vertical-align:middle;display:none;"><div aria-live="polite" id="mx12192_holder" class="bc" style="display:none"><input   role="textbox"  id="mx12192" class="fld text tablefilterfield  tt queryField"     ctype="textbox"   li="mx12193"      style=";width:75.0px;"  ontr='true' async='1'  ae="setvalue"    type="text" title="Model filter" value="" ov="" fldInfo='{&quot;query&quot;:true}'/></div><div aria-live="polite" id="mx12193_holder" class="bc" style="display:none"><img sf="1" aria-hidden="true" active="0" ctype="image" alt=""  src="../webclient/skins-20170809-1350/tivoli09/images/blank.gif" source="blank" imgtype=".gif" style="display:inline;margin:0px;" border="0"  lc="mx12192"    align="absmiddle" width='0px' height='26px'   id="mx12193" title=""/></div></td>
				</tr>
</table>
</td>
		
				</tr>
			</table></td>
		<td role="gridcell" control="true" id="mx12200"    onclick="" style="; " currentrow="false" class="tc    cursor_hand" headers="mx12134"  ><br/><table role="presentation" id="mx12200_inner" style="display:none;; " >
			<tr>
					<td    nowrap="nowrap"  id="mx12199_0"     valign="top" style="vertical-align:top;display:none;"><table role="presentation" control="true" id="mx12198"   width="100%"  class="  " summary=""  style="width:100%;;;vertical-align:top">				<tr   control="true" id="mx12208_0"    style="vertical-align:top;display:none;">
				<td    nowrap="nowrap"  id="mx12207_0"  align="right"   valign="middle" style="vertical-align:middle;display:none;"></td>
				<td    nowrap="nowrap"  id="mx12207_1"     valign="middle" style="vertical-align:middle;display:none;"><div aria-live="polite" id="mx12204_holder" class="bc" style="display:none"><input   role="textbox"  id="mx12204" class="fld text tablefilterfield  tt queryField"     ctype="textbox"   li="mx12205"      style=";width:75.0px;"  ontr='true' async='1'  ae="setvalue"    type="text" title="Make filter" value="" ov="" fldInfo='{&quot;query&quot;:true}'/></div><div aria-live="polite" id="mx12205_holder" class="bc" style="display:none"><img sf="1" aria-hidden="true" active="0" ctype="image" alt=""  src="../webclient/skins-20170809-1350/tivoli09/images/blank.gif" source="blank" imgtype=".gif" style="display:inline;margin:0px;" border="0"  lc="mx12204"    align="absmiddle" width='0px' height='26px'   id="mx12205" title=""/></div></td>
				</tr>
</table>
</td>
		
				</tr>
			</table></td>
		<td role="gridcell" control="true" id="mx12212"    onclick="" style="; " currentrow="false" class="tc    cursor_hand" headers="mx12145"  ><br/><table role="presentation" id="mx12212_inner" style="display:none;; " >
			<tr>
					<td    nowrap="nowrap"  id="mx12211_0"     valign="top" style="vertical-align:top;display:none;"><table role="presentation" control="true" id="mx12210"   width="100%"  class="  " summary=""  style="width:100%;;;vertical-align:top">				<tr   control="true" id="mx12220_0"    style="vertical-align:top;display:none;">
				<td    nowrap="nowrap"  id="mx12219_0"  align="right"   valign="middle" style="vertical-align:middle;display:none;"></td>
				<td    nowrap="nowrap"  id="mx12219_1"     valign="middle" style="vertical-align:middle;display:none;"><div aria-live="polite" id="mx12216_holder" class="bc" style="display:none"><input   role="textbox"  id="mx12216" class="fld text tablefilterfield  tt queryField"     ctype="textbox"   li="mx12217"      style=";width:75.0px;"  ontr='true' async='1'  ae="setvalue"    type="text" title="Model filter" value="" ov="" fldInfo='{&quot;query&quot;:true}'/></div><div aria-live="polite" id="mx12217_holder" class="bc" style="display:none"><img sf="1" aria-hidden="true" active="0" ctype="image" alt=""  src="../webclient/skins-20170809-1350/tivoli09/images/blank.gif" source="blank" imgtype=".gif" style="display:inline;margin:0px;" border="0"  lc="mx12216"    align="absmiddle" width='0px' height='26px'   id="mx12217" title=""/></div></td>
				</tr>
</table>
</td>
		
				</tr>
			</table></td>
	
	</tr>

	<tr aria-invalid="true" role="row" id="mx12080"    class="nrm   treven" style="display:;">
	<td headers="errtitle"></td>	<td role="gridcell" control="true" id="mx12224"  colspan="6"  onclick="" style="; " currentrow="false" class="tc    cursor_hand"   align="middle"><table role="presentation" id="mx12224_inner" style="display:inline; " >
			<tr>
					<td    nowrap="nowrap"  id="mx12223_0"     valign="top" style="vertical-align:top;"><table role="presentation" control="true" id="mx12222"   width="100%"  class="  " summary=""  style="width:100%;;;vertical-align:top">				<tr   control="true" id="mx12228_0"    style="vertical-align:top;">
				<td   colspan='3' nowrap="nowrap"  id="mx12227_0"  align="right"   valign="top" style="vertical-align:top;"><div aria-live="polite" id="mx12226_holder" class="bc"><label ctype="label"  id="mx12226"    noclick="1"   targetid="mx12226"    class="text nrm  nrm  " style="display:block;padding-left:2px;padding-top:2px;;;;;" title="...No rows to display...">...No rows to display...</label></div></td>
				</tr>
</table>
</td>
		
				</tr>
			</table></td>
	
	</tr>

	<tr aria-invalid="true" role="row" id="mx12089"    class="tablerow   troddtsr" aria-hidden="true"  style="display:none;">
					<td role='gridcell'    colspan='100' nowrap="nowrap"  id="mx12088_0"  align="left" class="tsrs " valign="middle" style="vertical-align:middle;"><div aria-live="polite" id="mx12087_holder" class="bc"><a  href="javascript: void(0);" ctype="toggleimage" ev="false" tabindex="0"  compid="mx12087"  title="Select Specific Records"><img id="mx12087"  aria-disabled="true" aria-hidden="true"  tabindex="-1" border="0" class="ti toggleselectcheckbox  " src="../webclient/skins-20170809-1350/tivoli09/images/table_cb_unchecked.gif" source="table_cb_unchecked" imgtype=".gif" ev="false" align="top" style="display:inline;margin:0px;"  alt="Select Specific Records"  /></a>
		&nbsp;<span id="mx12087_label"  class="text">Select Records</span>
</div></td>

	</tr>

						</table>
					</div>
				]]></component>

	<component id="mx9589_holder"><![CDATA[<script>
        el = document.getElementById("mx9589");
        if(el)
        {
            
			el.style.display="none";
			el.setAttribute("aria-hidden" , "true");
			el.setAttribute("rownum", "-1" );
		}
		el = document.getElementById("mx9589_inner");
		if(el)
		{
				el.style.display="none";
				el.setAttribute("aria-hidden" , "true");
		}
	</script>]]></component>
<component vis="true" id="mx13143_holder" compid="mx13143" replacemethod="NONE"><![CDATA[
			<script>
			cancelTimerCalls();
			cancelQueryTimeout();
			dialogCount--;
			showObjs();
			var dialogToRemove=getElement("mx13143_inner");
			if(dialogToRemove)
			{
				removePageAutoFill("1");
				dialogTD=dialogToRemove.parentNode;
				dialogRow=dialogTD.parentNode;
				dialogRow.deleteCell(dialogTD.cellIndex);
				removeModalWaitLayer();
			}
			</script>
		]]></component>


<deferredscript><![CDATA[focusItem('mx8598',true);resetLogoutTimer(true);if(tpaeConfig.validationOn) {setButtonEnabled(saveButton,false)};]]></deferredscript></server_response>