<?xml version="1.0" encoding="UTF-8" ?>
<server_response csrftoken="pidg6rbv2rbkvhtp599qf0h519">
	<component id="mx1624_holder"><![CDATA[<script>
		var el = document.getElementById("mx1624");
		if(el)
		{
			el.style.display="";
		}
	</script>]]></component>

			<component id="mx1654_holder"><![CDATA[<script>
		var el = document.getElementById("mx1654");
		if(el)
		{
			el.style.display="";
		}
	</script>]]></component>
<component vis="true" id="mx1635_holder" compid="mx1635"><![CDATA[<span ctype="label"  id="mx1635"   tabindex="0"      targetid="mx1635"  mxevent="click"  class="text tht   anchor" style="display:block;padding-left:2px;padding-top:2px;;cursor:pointer;;;;" title="Filter">Filter</span>]]></component>
<component vis="true" id="mx1639_holder" compid="mx1639"><![CDATA[<a  href="javascript: void(0);" ctype="toggleimage" ev="true" tabindex="0"  compid="mx1639"  title="Clear Filter Fields"><img id="mx1639"  aria-disabled="true" aria-hidden="true"  tabindex="-1" border="0" class="ti   " src="../webclient/skins-20170809-1350/tivoli09/images/qf_clear.gif" source="qf_clear.gif" imgtype="" ev="true" align="top" style="display:block;margin:0px;"  alt="Clear Filter Fields"  /></a>
]]></component>
<component vis="true" id="mx1645_holder" compid="mx1645"><![CDATA[<a ctype="toggleimage" ev="false" tabindex="-1" active="0" compid="mx1645"  title="" disabled="disabled"><img id="mx1645"  aria-disabled="true" aria-hidden="true"  tabindex="-1" border="0" class="ti   opacity_30" src="../webclient/skins-20170809-1350/tivoli09/images/tablebtn_nextdown_off.gif" source="tablebtn_nextdown_off.gif" imgtype="" ev="false" align="top" style="display:block;margin:0px;"  alt=""  /></a>
]]></component>
<component vis="true" id="mx1648_holder" compid="mx1648"><![CDATA[<label ctype="label"  id="mx1648"    noclick="1"   targetid="mx1648"    class="text tht  " style="display:block;padding-left:2px;padding-top:2px;;;;;" title="1 - 1 of 1">1 - 1 of 1</label>]]></component>
<component vis="true" id="mx1649_holder" compid="mx1649"><![CDATA[<a ctype="toggleimage" ev="false" tabindex="-1" active="0" compid="mx1649"  title="" disabled="disabled"><img id="mx1649"  aria-disabled="true" aria-hidden="true"  tabindex="-1" border="0" class="ti   opacity_30" src="../webclient/skins-20170809-1350/tivoli09/images/tablebtn_next_off.gif" source="tablebtn_next_off.gif" imgtype="" ev="false" align="top" style="display:block;margin:0px;"  alt=""  /></a>
]]></component>
<component vis="true" id="mx1650_holder" compid="mx1650"><![CDATA[	<div id="mx1650" name="mx1650" class="text ts  ts  "  >&nbsp;</div>
]]></component>
<component vis="true" id="mx1651_holder" compid="mx1651"><![CDATA[<a ctype="label"  id="mx1651"  href="http://porud755/maximo/ui/1524825626111?_tbldnld=xjobtype&amp;uisessionid=74&amp;csrftoken=pidg6rbv2rbkvhtp599qf0h519" onmouseover="return noStatus();" target="_blank"  noclick="1"   targetid="mx1651"    class="text tht  " style="display:block;;;;;" title="Download"><img id='mx1651_image' src='../webclient/skins-20170809-1350/tivoli09/images/tablebtn_download.gif'  border='0' alt="Download" style='vertical-align:top;margin:0px;margin-left:3px;margin-right:3px;'/><span>Download</span></a>]]></component>
<component vis="true" id="mx1677_holder" compid="mx1677" holder="mx1677_bodyholder"><![CDATA[
				<div id="mx1677_bodyholder1"  style="width:100%;">
					<table role="grid" id="mx1677" rownum="0" aria-labelledby="mx1632" rowsperpage="20" displayrows="1"  valign="top" summary=""  style="" class="tbod  ">
						<tr>
							<th id="xjobtype_lookup_tablebody_rowholder" colspan="200" style='display:none'></th>
						</tr>
	<tr aria-invalid="true" role="row" id="mx1695"    class="ttitr   treven" style="display:;">
	<th id="errtitle"></th>	<th role="columnheader" control="true" id="mx1714"    onclick="" style="; " currentrow="false" class="tc    cursor_hand"   ><table role="presentation" id="mx1714_inner" style="display:inline; " >
			<tr>
					<td    nowrap="nowrap"  id="mx1713_0"     valign="top" style="vertical-align:top;"><table role="presentation" control="true" id="mx1712"   width="100%"  class="  " summary=""  style="width:100%;;;vertical-align:top">				<tr   control="true" id="mx1721_0"    style="vertical-align:top;">
				<td    nowrap="nowrap"  id="mx1720_0"     valign="top" style="vertical-align:top;"><div aria-live="polite" id="mx1716_holder" class="bc"><span ctype="sortlabel"  id="mx1716"   tabindex="0"    ev="0"  targetid="mx1716"  mxevent="click"  class="text hcns   anchor" style="padding:0px;padding-left:1px;margin:0px;;cursor:pointer;;;;" title="Job Type">Job Type</span></div><div aria-live="polite" id="mx1717_holder" class="bc"><img id="mx1717"  tabindex="-1" border="0" src="../webclient/skins-20170809-1350/tivoli09/images/blank.gif" aria-live="polite" alt="Default Sort" width="0" height="11" align="absmiddle" style="margin:0px;"  />
</div></td>
				</tr>
</table>
</td>
		
				</tr>
			</table></th>
		<th role="columnheader" control="true" id="mx1725"    onclick="" style="; " currentrow="false" class="tc    cursor_hand"   ><table role="presentation" id="mx1725_inner" style="display:inline; " >
			<tr>
					<td    nowrap="nowrap"  id="mx1724_0"     valign="top" style="vertical-align:top;"><table role="presentation" control="true" id="mx1723"   width="100%"  class="  " summary=""  style="width:100%;;;vertical-align:top">				<tr   control="true" id="mx1732_0"    style="vertical-align:top;">
				<td    nowrap="nowrap"  id="mx1731_0"     valign="top" style="vertical-align:top;"><div aria-live="polite" id="mx1727_holder" class="bc"><span ctype="sortlabel"  id="mx1727"   tabindex="0"    ev="1"  targetid="mx1727"  mxevent="click"  class="text hcns   anchor" style="padding:0px;padding-left:1px;margin:0px;;cursor:pointer;;;;" title="Description">Description</span></div><div aria-live="polite" id="mx1728_holder" class="bc"><img id="mx1728"  tabindex="-1" border="0" src="../webclient/skins-20170809-1350/tivoli09/images/blank.gif" aria-live="polite" alt="Default Sort" width="0" height="11" align="absmiddle" style="margin:0px;"  />
</div></td>
				</tr>
</table>
</td>
		
				</tr>
			</table></th>
		<th role="columnheader" control="true" id="mx1736"    onclick="" style="; " currentrow="false" class="tc    cursor_hand"   ><table role="presentation" id="mx1736_inner" style="display:inline; " >
			<tr>
					<td    nowrap="nowrap"  id="mx1735_0"     valign="top" style="vertical-align:top;"><table role="presentation" control="true" id="mx1734"   width="100%"  class="  " summary=""  style="width:100%;;;vertical-align:top">				<tr   control="true" id="mx1743_0"    style="vertical-align:top;">
				<td    nowrap="nowrap"  id="mx1742_0"     valign="top" style="vertical-align:top;"><div aria-live="polite" id="mx1738_holder" class="bc"><span ctype="sortlabel"  id="mx1738"   tabindex="0"    ev="2"  targetid="mx1738"  mxevent="click"  class="text hcns   anchor" style="padding:0px;padding-left:1px;margin:0px;;cursor:pointer;;;;" title="Org Id">Org Id</span></div><div aria-live="polite" id="mx1739_holder" class="bc"><img id="mx1739"  tabindex="-1" border="0" src="../webclient/skins-20170809-1350/tivoli09/images/blank.gif" aria-live="polite" alt="Default Sort" width="0" height="11" align="absmiddle" style="margin:0px;"  />
</div></td>
				</tr>
</table>
</td>
		
				</tr>
			</table></th>
	
	</tr>

	<tr aria-invalid="true" role="row" id="mx1698"  onkeyup="if(tableRowEnterKeyFlag==1 && event.keyCode==KEYCODE_ENTER){sendEvent('filterrows','mx1698','');cancelEvent(event);}" onkeydown="if(event.keyCode == KEYCODE_ENTER) tableRowEnterKeyFlag=1; else tableRowEnterKeyFlag=0;" class="tfr   trodd" style="display:;">
	<td headers="errtitle"></td>	<td role="gridcell" control="true" id="mx1747"    onclick="" style="; " currentrow="false" class="tc    cursor_hand" headers="mx1714"  ><table role="presentation" id="mx1747_inner" style="display:inline; " >
			<tr>
					<td    nowrap="nowrap"  id="mx1746_0"     valign="top" style="vertical-align:top;"><table role="presentation" control="true" id="mx1745"   width="100%"  class="  " summary=""  style="width:100%;;;vertical-align:top">				<tr   control="true" id="mx1755_0"    style="vertical-align:top;">
				<td    nowrap="nowrap"  id="mx1754_0"  align="right"   valign="middle" style="vertical-align:middle;"></td>
				<td    nowrap="nowrap"  id="mx1754_1"     valign="middle" style="vertical-align:middle;"><div aria-live="polite" id="mx1751_holder" class="bc"><input   role="textbox"  id="mx1751" class="fld text tablefilterfield  tt queryField"     ctype="textbox"   li="mx1752"      style=";width:75.0px;"  ontr='true' async='1'  ae="setvalue"    type="text" title="Job Type filter: ESC" value="ESC" ov="ESC" fldInfo='{&quot;query&quot;:true}'/></div><div aria-live="polite" id="mx1752_holder" class="bc"><img sf="1" aria-hidden="true" active="0" ctype="image" alt=""  src="../webclient/skins-20170809-1350/tivoli09/images/blank.gif" source="blank" imgtype=".gif" style="display:inline;margin:0px;" border="0"  lc="mx1751"    align="absmiddle" width='0px' height='26px'   id="mx1752" title=""/></div></td>
				</tr>
</table>
</td>
		
				</tr>
			</table></td>
		<td role="gridcell" control="true" id="mx1759"    onclick="" style="; " currentrow="false" class="tc    cursor_hand" headers="mx1725"  ><table role="presentation" id="mx1759_inner" style="display:inline; " >
			<tr>
					<td    nowrap="nowrap"  id="mx1758_0"     valign="top" style="vertical-align:top;"><table role="presentation" control="true" id="mx1757"   width="100%"  class="  " summary=""  style="width:100%;;;vertical-align:top">				<tr   control="true" id="mx1767_0"    style="vertical-align:top;">
				<td    nowrap="nowrap"  id="mx1766_0"  align="right"   valign="middle" style="vertical-align:middle;"></td>
				<td    nowrap="nowrap"  id="mx1766_1"     valign="middle" style="vertical-align:middle;"><div aria-live="polite" id="mx1763_holder" class="bc"><input   role="textbox"  id="mx1763" class="fld text tablefilterfield  tt queryField"     ctype="textbox"   li="mx1764"      style=";width:300.0px;"  ontr='true' async='1'  ae="setvalue"    type="text" title="Description filter" value="" ov="" fldInfo='{&quot;query&quot;:true}'/></div><div aria-live="polite" id="mx1764_holder" class="bc"><img sf="1" aria-hidden="true" active="0" ctype="image" alt=""  src="../webclient/skins-20170809-1350/tivoli09/images/blank.gif" source="blank" imgtype=".gif" style="display:inline;margin:0px;" border="0"  lc="mx1763"    align="absmiddle" width='0px' height='26px'   id="mx1764" title=""/></div></td>
				</tr>
</table>
</td>
		
				</tr>
			</table></td>
		<td role="gridcell" control="true" id="mx1771"    onclick="" style="; " currentrow="false" class="tc    cursor_hand" headers="mx1736"  ><table role="presentation" id="mx1771_inner" style="display:inline; " >
			<tr>
					<td    nowrap="nowrap"  id="mx1770_0"     valign="top" style="vertical-align:top;"><table role="presentation" control="true" id="mx1769"   width="100%"  class="  " summary=""  style="width:100%;;;vertical-align:top">				<tr   control="true" id="mx1779_0"    style="vertical-align:top;">
				<td    nowrap="nowrap"  id="mx1778_0"  align="right"   valign="middle" style="vertical-align:middle;"></td>
				<td    nowrap="nowrap"  id="mx1778_1"     valign="middle" style="vertical-align:middle;"><div aria-live="polite" id="mx1775_holder" class="bc"><input   role="textbox"  id="mx1775" class="fld text tablefilterfield  tt queryField"     ctype="textbox"   li="mx1776"      style=";width:75.0px;"  ontr='true' async='1'  ae="setvalue"    type="text" title="Org Id filter" value="" ov="" fldInfo='{&quot;query&quot;:true,&quot;eventpriority&quot;:1}'/></div><div aria-live="polite" id="mx1776_holder" class="bc"><img sf="1" aria-hidden="true" active="0" ctype="image" alt=""  src="../webclient/skins-20170809-1350/tivoli09/images/blank.gif" source="blank" imgtype=".gif" style="display:inline;margin:0px;" border="0"  lc="mx1775"    align="absmiddle" width='0px' height='26px'   id="mx1776" title=""/></div></td>
				</tr>
</table>
</td>
		
				</tr>
			</table></td>
	
	</tr>

	<tr aria-invalid="true" role="row" id="mx1701"    class="nrm   treven" aria-hidden="true"  style="display:none;">
	<td headers="errtitle"></td>
	</tr>

	<tr aria-invalid="true" role="row" id="mx1704[R:0]"  current="true"   class="tablerow   tcr trodd" style="display:;">
	<td headers="errtitle"><img id='mx1704[R:0]_er_img' src='../webclient/skins-20170809-1350/tivoli09/images/blank.gif' style='display:none' class='tablerow_blank_icon' title="" alt=""/></td>	<td role="gridcell" control="true" id="mx1791[R:0]"    onmouseover="appendClass(this.parentNode,'trh')" onmouseout="removeClass(this.parentNode,'trh')" onclick="tcClick(event,'mx1791[R:0]')" style="; width:;" currentrow="true" class="tc hl   cursor_hand" headers="mx1714"  ><table role="presentation" id="mx1791[R:0]_inner" style="display:inline; " >
			<tr>
					<td    nowrap="nowrap"  id="mx1790[R:0]_0"     valign="top" style="vertical-align:top;"><table role="presentation" control="true" id="mx1789[R:0]"   width="100%"  class="  " summary=""  style="width:100%;;;vertical-align:top">				<tr   control="true" id="mx1795[R:0]_0"    style="vertical-align:top;">
				<td    nowrap="nowrap"  id="mx1794[R:0]_0"  align="left"   valign="top" style="vertical-align:top;"><div aria-live="polite" id="mx1793[R:0]_holder" class="bc"><span ctype="label"  id="mx1793[R:0]"   tabindex="0"      targetid="mx1793[R:0]"  mxevent="click"  class="text txtbold text label  label   anchor" style="padding:0px;padding-left:1px;margin:0px;;cursor:pointer;;;;" title="ESC">ESC</span></div></td>
				</tr>
</table>
</td>
		
				</tr>
			</table></td>
		<td role="gridcell" control="true" id="mx1799[R:0]"    onmouseover="appendClass(this.parentNode,'trh')" onmouseout="removeClass(this.parentNode,'trh')" onclick="tcClick(event,'mx1799[R:0]')" style="; width:;" currentrow="true" class="tc hl   cursor_hand" headers="mx1725"  ><table role="presentation" id="mx1799[R:0]_inner" style="display:inline; " >
			<tr>
					<td    nowrap="nowrap"  id="mx1798[R:0]_0"     valign="top" style="vertical-align:top;"><table role="presentation" control="true" id="mx1797[R:0]"   width="100%"  class="  " summary=""  style="width:100%;;;vertical-align:top">				<tr   control="true" id="mx1803[R:0]_0"    style="vertical-align:top;">
				<td    nowrap="nowrap"  id="mx1802[R:0]_0"  align="left"   valign="top" style="vertical-align:top;"><div aria-live="polite" id="mx1801[R:0]_holder" class="bc"><span ctype="label"  id="mx1801[R:0]"   tabindex="0"      targetid="mx1801[R:0]"  mxevent="click"  class="text txtbold text label  label   anchor" style="padding:0px;padding-left:1px;margin:0px;;cursor:pointer;;;;" title="Gas Escape">Gas Escape</span></div></td>
				</tr>
</table>
</td>
		
				</tr>
			</table></td>
		<td role="gridcell" control="true" id="mx1807[R:0]"    onmouseover="appendClass(this.parentNode,'trh')" onmouseout="removeClass(this.parentNode,'trh')" onclick="tcClick(event,'mx1807[R:0]')" style="; width:;" currentrow="true" class="tc hl   cursor_hand" headers="mx1736"  ><table role="presentation" id="mx1807[R:0]_inner" style="display:inline; " >
			<tr>
					<td    nowrap="nowrap"  id="mx1806[R:0]_0"     valign="top" style="vertical-align:top;"><table role="presentation" control="true" id="mx1805[R:0]"   width="100%"  class="  " summary=""  style="width:100%;;;vertical-align:top">				<tr   control="true" id="mx1811[R:0]_0"    style="vertical-align:top;">
				<td    nowrap="nowrap"  id="mx1810[R:0]_0"  align="left"   valign="top" style="vertical-align:top;"><div aria-live="polite" id="mx1809[R:0]_holder" class="bc"><span ctype="label"  id="mx1809[R:0]"   tabindex="0"      targetid="mx1809[R:0]"  mxevent="click"  class="text txtbold text label  label   anchor" style="padding:0px;padding-left:1px;margin:0px;;cursor:pointer;;;;" title="SGN">SGN</span></div></td>
				</tr>
</table>
</td>
		
				</tr>
			</table></td>
	
	</tr>

	<tr aria-invalid="true" role="row" id="mx1710"    class="tablerow   troddtsr" aria-hidden="true"  style="display:none;">
					<td role='gridcell'    colspan='100' nowrap="nowrap"  id="mx1709_0"  align="left" class="tsrs " valign="middle" style="vertical-align:middle;"><div aria-live="polite" id="mx1708_holder" class="bc"><a  href="javascript: void(0);" ctype="toggleimage" ev="false" tabindex="0"  compid="mx1708"  title="Select Specific Records"><img id="mx1708"  aria-disabled="true" aria-hidden="true"  tabindex="-1" border="0" class="ti toggleselectcheckbox  " src="../webclient/skins-20170809-1350/tivoli09/images/table_cb_unchecked.gif" source="table_cb_unchecked" imgtype=".gif" ev="false" align="top" style="display:inline;margin:0px;"  alt="Select Specific Records"  /></a>
		&nbsp;<span id="mx1708_label"  class="text">Select Records</span>
</div></td>

	</tr>

						</table>
					</div>
				]]></component>
		<component id="mx1689_holder"><![CDATA[<script>
		addLoadMethod("updateDisplay('mx1689','')");
		</script>]]></component>

		<finalscript><![CDATA[
			makeDialogScroll('mx1630','lookup_XJOBTYPE',-1);
		]]></finalscript>
<deferredscript><![CDATA[focusItem('mx1751',true);scrollScreen('0','0');resetLogoutTimer(true);if(tpaeConfig.validationOn) {setButtonEnabled(saveButton,true)};]]></deferredscript></server_response>