﻿<?xml version="1.0"?>
<!DOCTYPE Report
[
<!ELEMENT Report (General ,(Doc|BPT)) >
<!ATTLIST Report ver CDATA #REQUIRED tmZone CDATA #REQUIRED>

<!ELEMENT General ( DocLocation ) >
<!ATTLIST General productName CDATA #REQUIRED productVer CDATA #REQUIRED os CDATA #REQUIRED host CDATA #REQUIRED qcserver CDATA #IMPLIED qcproject CDATA #IMPLIED SolManSolutionId CDATA #IMPLIED SolManProjectId CDATA #IMPLIED SolManTestPlanId CDATA #IMPLIED SolManTestPackageId CDATA #IMPLIED SolManUserInfoData CDATA #IMPLIED  >

<!ELEMENT BPT (DName,Res,DVer?,TSet?,TInst?,NodeArgs,AdditionalInfo*,Doc*) >
<!ATTLIST BPT rID ID #REQUIRED >

<!ELEMENT Doc (DName,ConfName?,Res,DVer?,TSet?,TInst?,RunType?,DT?,AdditionalInfo*,Step*,DIter*,Step*,Action*,Doc*,Summary?,TestMaintenanceSummary*,NodeArgs?) >
<!ATTLIST Doc rID ID #REQUIRED type (Test|BC|BPTWrapperTest|Flow|Group|Action) "Test" productName CDATA #REQUIRED BCIter CDATA #IMPLIED >

<!ELEMENT RunType ( #PCDATA )>
<!ATTLIST RunType fmStep (False|True) "False" batch (False|True) "False" upDesc (False|True) "False" upChk (False|True) "False" upAS (False|True) "False">

<!ELEMENT DName ( #PCDATA ) >

<!ELEMENT ConfName ( #PCDATA ) >

<!ELEMENT Res ( #PCDATA ) >

<!ELEMENT AdditionalInfo (AdditionalDataName,AdditionalDataValue ) >

<!ELEMENT AdditionalDataName ( #PCDATA ) >

<!ELEMENT AdditionalDataValue ( #PCDATA ) >

<!ELEMENT DVer ( #PCDATA ) >

<!ELEMENT TSet ( #PCDATA ) >

<!ELEMENT TInst ( #PCDATA ) >

<!ELEMENT DIter (Step*,Action+,Summary?,NodeArgs)>
<!ATTLIST DIter rID ID #REQUIRED iterID CDATA #REQUIRED>

<!ELEMENT DocLocation ( #PCDATA )>

<!ELEMENT Action (AName,AIter*,(Step|HtmlStep|Action)*, Summary,ActionMaintenanceSummary*, NodeArgs ) >
<!ATTLIST Action rID ID #REQUIRED>

<!ELEMENT AIter ((Step|HtmlStep|Action)*,DataMapping?, Summary?,NodeArgs) >
<!ATTLIST AIter rID ID #REQUIRED iterID CDATA #REQUIRED isCountable (False|True) "False" >

<!ELEMENT AName ( #PCDATA ) >

<!ELEMENT TestMaintenanceSummary (ActionMaintenanceSummary*) >
<!ATTLIST TestMaintenanceSummary ObjectsAdded CDATA #REQUIRED ObjectsUpdated CDATA #REQUIRED StepsUpdated CDATA #REQUIRED StepsComments CDATA #REQUIRED><!ELEMENT ActionMaintenanceSummary (ObjectChange* ) >
<!ATTLIST ActionMaintenanceSummary Action CDATA #REQUIRED Objects CDATA #REQUIRED Updated CDATA #REQUIRED LinesTotal CDATA #REQUIRED Added CDATA #REQUIRED LinesUpdated CDATA #REQUIRED>

<!ELEMENT ObjectChange  (Hierarchy, PropertyChangeList* ) >
<!ATTLIST ObjectChange Operation CDATA #IMPLIED OriginalRepository CDATA #IMPLIED>

<!ELEMENT PropertyChangeList (PropertyDef*) >

<!ELEMENT PropertyDef (OriginalValue, NewValue) >
<!ATTLIST PropertyDef PropName CDATA #REQUIRED OriginRegularExpression (True|False) "False" NewRegularExpression (True|False) "False" AddedProperty (True|False) "False" >

<!ELEMENT OriginalValue ( #PCDATA )>

<!ELEMENT NewValue ( #PCDATA )>

<!ELEMENT Hierarchy  (ObjectName, Hierarchy*) >
<!ATTLIST Hierarchy MicClass CDATA #REQUIRED>

<!ELEMENT ObjectName  ( #PCDATA ) >

<!ELEMENT Step (Obj,Details,Time,TimeTick* ,(Step|HtmlStep|Doc)*, DataMapping?, NodeArgs) >
<!ATTLIST Step rID ID #REQUIRED retval CDATA #IMPLIED>

<!ELEMENT HtmlStep (HTML,TimeTick*,(Step|HtmlStep|Doc)*,NodeArgs) >
<!ATTLIST HtmlStep rID ID #REQUIRED >

<!ELEMENT Obj ( #PCDATA ) >
<!ATTLIST Obj plainTxt (False|True) "True">

<!ELEMENT Details ( #PCDATA ) >
<!ATTLIST Details plainTxt (False|True) "True">

<!ELEMENT Time ( #PCDATA ) >

<!ELEMENT HTML ( #PCDATA ) >

<!ELEMENT Disp ( #PCDATA ) >

<!ELEMENT TimeTick ( #PCDATA ) >

<!ELEMENT DataMapping ( DataMappedItem* )>
<!ELEMENT DataMappedItem EMPTY >
<!ATTLIST DataMappedItem dsName CDATA #REQUIRED >
<!ATTLIST DataMappedItem rowId CDATA #REQUIRED >

<!ELEMENT NodeArgs (Disp,TopPane?,BtmPane?,ExtendedInfo? )>
<!ATTLIST NodeArgs eType CDATA #REQUIRED icon CDATA #REQUIRED nRep CDATA #REQUIRED UserNote CDATA #IMPLIED filter (False|True) "True">
<!ATTLIST NodeArgs status (Passed|Failed|Done|Warning|Information) "Done">
<!ATTLIST NodeArgs iconSel CDATA #IMPLIED nType CDATA #IMPLIED MovieMarker CDATA "">
<!ATTLIST NodeArgs Source CDATA #IMPLIED SourceLine CDATA #IMPLIED StepFlowItemKey CDATA #IMPLIED >

<!ELEMENT TopPane (Path)>

<!ELEMENT BtmPane ( (Path|WR)?,ASHilite?)>
<!ATTLIST BtmPane vType CDATA "HTML">

<!ELEMENT Path ( #PCDATA ) >

<!ELEMENT ASHilite ( #PCDATA ) >

<!ELEMENT WR ( #PCDATA ) >

<!ELEMENT ExtendedInfo ( StepData ) >

<!ATTLIST ExtendedInfo StepType CDATA #REQUIRED>
<!ELEMENT DT (NodeArgs) >
<!ATTLIST DT rID ID #REQUIRED>

<!ELEMENT Summary (Param*)>
<!ATTLIST Summary sTime CDATA #IMPLIED eTime CDATA #IMPLIED passed CDATA #IMPLIED failed CDATA #IMPLIED warnings CDATA #IMPLIED retval CDATA #IMPLIED stopped (False|True) "False" >

<!ELEMENT Param (ParamName,ParamVal)+ >
<!ATTLIST Param paramInOut (In|Out) "In">

<!ELEMENT ParamName ( #PCDATA ) >

<!ELEMENT ParamVal ( #PCDATA ) >

]
>
<Report ver="2.0" tmZone="India Standard Time">
<General productName="Vugen" productVer="12" os="" host="DESKTOP-KIBHQB1"><DocLocation><![CDATA[D:\Users\ST55296\Documents\VuGen\Scripts\Cognos_DevTest_AllOpenMaintenanceWorkorder]]></DocLocation></General>
<Doc rID="T1"   productName= "Vugen"  >
<DName><![CDATA[Cognos_DevTest_AllOpenMaintenanceWorkorder]]></DName>
<Res><![CDATA[result1]]></Res>
<Action rID="T2">
<AName><![CDATA[vuser_init]]></AName>
<Summary sTime="02/05/2018 - 20:55:53" eTime="02/05/2018 - 20:55:53" passed="0" failed="0" warnings="0" ></Summary>
<NodeArgs eType="StartAction" icon="2" nRep="5" >
<Disp><![CDATA[vuser_init Summary]]></Disp>
</NodeArgs>
</Action>
<DIter rID="T3" iterID="1" >
<Action rID="T4">
<AName><![CDATA[Action]]></AName>
<Step rID="T5">
<Obj plainTxt="False" ><![CDATA[Service: Reg Find]]></Obj>
<Details plainTxt="False" ><![CDATA[<CENTER><STRONG><FONT COLOR=#00AF00>Text=Log On to IBM Cognos Software</FONT></STRONG></CENTER>]]></Details>
<Time><![CDATA[02/05/2018 - 20:55:53]]></Time>
<TimeTick>1525274753</TimeTick>
<NodeArgs eType="General" icon="4" nRep="9" >
<Disp><![CDATA[Service: Reg Find]]></Disp>
</NodeArgs>
</Step>
<Step rID="T6">
<Obj plainTxt="False" ><![CDATA[Service: Set Max Html Param Len]]></Obj>
<Details plainTxt="False" ><![CDATA[<CENTER>Maximum length of a HTML string that can be retrieved and saved set to <STRONG><FONT COLOR=#00AF00>856</FONT></STRONG> characters</CENTER>]]></Details>
<Time><![CDATA[02/05/2018 - 20:55:53]]></Time>
<TimeTick>1525274753</TimeTick>
<NodeArgs eType="General" icon="5" nRep="10" >
<Disp><![CDATA[Service: Set Max Html Param Len]]></Disp>
</NodeArgs>
</Step>
<Step rID="T7">
<Obj plainTxt="False" ><![CDATA[Url: cognos.cgi]]></Obj>
<Details plainTxt="False" ><![CDATA[<CENTER><STRONG><FONT COLOR=#009A63>Step completed successfully</FONT></STRONG></CENTER>]]></Details>
<Time><![CDATA[02/05/2018 - 20:55:54]]></Time>
<TimeTick>1525274754</TimeTick>
<NodeArgs eType="General" icon="6" nRep="11" status="Passed" >
<Disp><![CDATA[Url: cognos.cgi]]></Disp>
<BtmPane vType="HTMLSNSH" >
<Path><![CDATA[\Iteration1\t1.inf]]></Path>
</BtmPane>
</NodeArgs>
</Step>
<Step rID="T8">
<Obj plainTxt="False" ><![CDATA[Service: Set Sockets Option]]></Obj>
<Details plainTxt="False" ><![CDATA[<CENTER>Set socket option <STRONG><FONT COLOR=#00AF00>SSL_VERSION</FONT></STRONG> with value <STRONG><FONT COLOR=#00AF00>2&3</FONT></STRONG></CENTER>]]></Details>
<Time><![CDATA[02/05/2018 - 20:55:54]]></Time>
<TimeTick>1525274754</TimeTick>
<NodeArgs eType="General" icon="7" nRep="12" >
<Disp><![CDATA[Service: Set Sockets Option]]></Disp>
</NodeArgs>
</Step>
<Step rID="T9">
<Obj plainTxt="False" ><![CDATA[Service: Reg Find]]></Obj>
<Details plainTxt="False" ><![CDATA[<CENTER><STRONG><FONT COLOR=#00AF00>Text=IBM Cognos Software</FONT></STRONG></CENTER>]]></Details>
<Time><![CDATA[02/05/2018 - 20:55:54]]></Time>
<TimeTick>1525274754</TimeTick>
<NodeArgs eType="General" icon="4" nRep="13" >
<Disp><![CDATA[Service: Reg Find]]></Disp>
</NodeArgs>
</Step>
<Step rID="T10">
<Obj plainTxt="False" ><![CDATA[Submit Form: cognos.cgi_2]]></Obj>
<Details plainTxt="False" ><![CDATA[<CENTER><STRONG><FONT COLOR=#009A63>Step completed successfully</FONT></STRONG></CENTER>]]></Details>
<Time><![CDATA[02/05/2018 - 20:55:55]]></Time>
<TimeTick>1525274755</TimeTick>
<NodeArgs eType="General" icon="8" nRep="14" status="Passed" >
<Disp><![CDATA[Submit Form: cognos.cgi_2]]></Disp>
<BtmPane vType="HTMLSNSH" >
<Path><![CDATA[\Iteration1\t2.inf]]></Path>
</BtmPane>
</NodeArgs>
</Step>
<Step rID="T11">
<Obj plainTxt="False" ><![CDATA[Service: Reg Find]]></Obj>
<Details plainTxt="False" ><![CDATA[<CENTER><STRONG><FONT COLOR=#00AF00>Text=Public Folders - 
							IBM Cognos Connection</FONT></STRONG></CENTER>]]></Details>
<Time><![CDATA[02/05/2018 - 20:55:55]]></Time>
<TimeTick>1525274755</TimeTick>
<NodeArgs eType="General" icon="4" nRep="15" >
<Disp><![CDATA[Service: Reg Find]]></Disp>
</NodeArgs>
</Step>
<Step rID="T12">
<Obj plainTxt="False" ><![CDATA[Url: cognos.cgi_3]]></Obj>
<Details plainTxt="False" ><![CDATA[<CENTER><STRONG><FONT COLOR=#009A63>Step completed successfully</FONT></STRONG></CENTER>]]></Details>
<Time><![CDATA[02/05/2018 - 20:55:57]]></Time>
<TimeTick>1525274757</TimeTick>
<NodeArgs eType="General" icon="6" nRep="16" status="Passed" >
<Disp><![CDATA[Url: cognos.cgi_3]]></Disp>
<BtmPane vType="HTMLSNSH" >
<Path><![CDATA[\Iteration1\t3.inf]]></Path>
</BtmPane>
</NodeArgs>
</Step>
<Step rID="T13">
<Obj plainTxt="False" ><![CDATA[Service: Reg Find]]></Obj>
<Details plainTxt="False" ><![CDATA[<CENTER><STRONG><FONT COLOR=#00AF00>Text=Public Folders - 
							IBM Cognos Connection</FONT></STRONG></CENTER>]]></Details>
<Time><![CDATA[02/05/2018 - 20:55:57]]></Time>
<TimeTick>1525274757</TimeTick>
<NodeArgs eType="General" icon="4" nRep="17" >
<Disp><![CDATA[Service: Reg Find]]></Disp>
</NodeArgs>
</Step>
<Step rID="T14">
<Obj plainTxt="False" ><![CDATA[Link: Maintenance]]></Obj>
<Details plainTxt="False" ><![CDATA[<CENTER><STRONG><FONT COLOR=#009A63>Step completed successfully</FONT></STRONG></CENTER>]]></Details>
<Time><![CDATA[02/05/2018 - 20:55:57]]></Time>
<TimeTick>1525274757</TimeTick>
<NodeArgs eType="General" icon="9" nRep="18" status="Passed" >
<Disp><![CDATA[Link: Maintenance]]></Disp>
<BtmPane vType="HTMLSNSH" >
<Path><![CDATA[\Iteration1\t4.inf]]></Path>
</BtmPane>
</NodeArgs>
</Step>
<Step rID="T15">
<Obj plainTxt="False" ><![CDATA[Service: Reg Find]]></Obj>
<Details plainTxt="False" ><![CDATA[<CENTER><STRONG><FONT COLOR=#00AF00>Text=BIMIO 1002 - All Open Maintenance Workorders - Network - IBM Cognos Viewer</FONT></STRONG></CENTER>]]></Details>
<Time><![CDATA[02/05/2018 - 20:55:57]]></Time>
<TimeTick>1525274757</TimeTick>
<NodeArgs eType="General" icon="4" nRep="19" >
<Disp><![CDATA[Service: Reg Find]]></Disp>
</NodeArgs>
</Step>
<Step rID="T16">
<Obj plainTxt="False" ><![CDATA[Service: Reg Save Param RegExp]]></Obj>
<Details plainTxt="False" ><![CDATA[<CENTER>ParamName = <STRONG><FONT COLOR=#00AF00>cv.actionState</FONT></STRONG><BR>RegExp = <STRONG><FONT COLOR=#00AF00>"cv\.actionState":\ "(.*?)",\ </FONT></STRONG><BR>Instance = <STRONG><FONT COLOR=#00AF00>[param not passed in call]</FONT></STRONG></CENTER>]]></Details>
<Time><![CDATA[02/05/2018 - 20:55:57]]></Time>
<TimeTick>1525274757</TimeTick>
<NodeArgs eType="General" icon="10" nRep="20" >
<Disp><![CDATA[Service: Reg Save Param RegExp]]></Disp>
</NodeArgs>
</Step>
<Step rID="T17">
<Obj plainTxt="False" ><![CDATA[Service: Reg Save Param]]></Obj>
<Details plainTxt="False" ><![CDATA[<CENTER>ParamName =<STRONG><FONT COLOR=#00AF00>actionstate</FONT></STRONG><BR>Left Boundary = <STRONG><FONT COLOR=#00AF00>LB=cv.actionState": "</FONT></STRONG><BR>Right Boundary = <STRONG><FONT COLOR=#00AF00>RB=", "</FONT></STRONG><BR>Instance = <STRONG><FONT COLOR=#00AF00></FONT></STRONG></CENTER>]]></Details>
<Time><![CDATA[02/05/2018 - 20:55:58]]></Time>
<TimeTick>1525274758</TimeTick>
<NodeArgs eType="General" icon="10" nRep="21" >
<Disp><![CDATA[Service: Reg Save Param]]></Disp>
</NodeArgs>
</Step>
<Step rID="T18">
<Obj plainTxt="False" ><![CDATA[Service: Reg Save Param RegExp]]></Obj>
<Details plainTxt="False" ><![CDATA[<CENTER>ParamName = <STRONG><FONT COLOR=#00AF00>sConversation</FONT></STRONG><BR>RegExp = <STRONG><FONT COLOR=#00AF00>"m\_sConversation":\ "(.*?)",\ </FONT></STRONG><BR>Instance = <STRONG><FONT COLOR=#00AF00>[param not passed in call]</FONT></STRONG></CENTER>]]></Details>
<Time><![CDATA[02/05/2018 - 20:55:58]]></Time>
<TimeTick>1525274758</TimeTick>
<NodeArgs eType="General" icon="10" nRep="22" >
<Disp><![CDATA[Service: Reg Save Param RegExp]]></Disp>
</NodeArgs>
</Step>
<Step rID="T19">
<Obj plainTxt="False" ><![CDATA[Service: Reg Save Param]]></Obj>
<Details plainTxt="False" ><![CDATA[<CENTER>ParamName =<STRONG><FONT COLOR=#00AF00>CAFContext</FONT></STRONG><BR>Left Boundary = <STRONG><FONT COLOR=#00AF00>LB=window.oCV_NS_.setCAFContext(</FONT></STRONG><BR>Right Boundary = <STRONG><FONT COLOR=#00AF00>RB=");</FONT></STRONG><BR>Instance = <STRONG><FONT COLOR=#00AF00></FONT></STRONG></CENTER>]]></Details>
<Time><![CDATA[02/05/2018 - 20:55:58]]></Time>
<TimeTick>1525274758</TimeTick>
<NodeArgs eType="General" icon="10" nRep="23" >
<Disp><![CDATA[Service: Reg Save Param]]></Disp>
</NodeArgs>
</Step>
<Step rID="T20">
<Obj plainTxt="False" ><![CDATA[Service: Reg Save Param]]></Obj>
<Details plainTxt="False" ><![CDATA[<CENTER>ParamName =<STRONG><FONT COLOR=#00AF00>executionParameters</FONT></STRONG><BR>Left Boundary = <STRONG><FONT COLOR=#00AF00>LB=m_sParameters": "</FONT></STRONG><BR>Right Boundary = <STRONG><FONT COLOR=#00AF00>RB=", "</FONT></STRONG><BR>Instance = <STRONG><FONT COLOR=#00AF00></FONT></STRONG></CENTER>]]></Details>
<Time><![CDATA[02/05/2018 - 20:55:58]]></Time>
<TimeTick>1525274758</TimeTick>
<NodeArgs eType="General" icon="10" nRep="24" >
<Disp><![CDATA[Service: Reg Save Param]]></Disp>
</NodeArgs>
</Step>
<Step rID="T21">
<Obj plainTxt="False" ><![CDATA[Service: Reg Save Param]]></Obj>
<Details plainTxt="False" ><![CDATA[<CENTER>ParamName =<STRONG><FONT COLOR=#00AF00>Tracking</FONT></STRONG><BR>Left Boundary = <STRONG><FONT COLOR=#00AF00>LB=m_sTracking": "</FONT></STRONG><BR>Right Boundary = <STRONG><FONT COLOR=#00AF00>RB=", "</FONT></STRONG><BR>Instance = <STRONG><FONT COLOR=#00AF00></FONT></STRONG></CENTER>]]></Details>
<Time><![CDATA[02/05/2018 - 20:55:58]]></Time>
<TimeTick>1525274758</TimeTick>
<NodeArgs eType="General" icon="10" nRep="25" >
<Disp><![CDATA[Service: Reg Save Param]]></Disp>
</NodeArgs>
</Step>
<Step rID="T22">
<Obj plainTxt="False" ><![CDATA[Link: BIMIO 1002 - All Open Maintenance Workorders - Network]]></Obj>
<Details plainTxt="False" ><![CDATA[<CENTER><STRONG><FONT COLOR=#009A63>Step completed successfully</FONT></STRONG></CENTER>]]></Details>
<Time><![CDATA[02/05/2018 - 20:56:00]]></Time>
<TimeTick>1525274760</TimeTick>
<NodeArgs eType="General" icon="9" nRep="26" status="Passed" >
<Disp><![CDATA[Link: BIMIO 1002 - All Open Maintenance Workorders - Network]]></Disp>
<BtmPane vType="HTMLSNSH" >
<Path><![CDATA[\Iteration1\t7.inf]]></Path>
</BtmPane>
</NodeArgs>
</Step>
<Step rID="T23">
<Obj plainTxt="False" ><![CDATA[Custom Request: cognos.cgi_4]]></Obj>
<Details plainTxt="False" ><![CDATA[<CENTER><STRONG><FONT COLOR=#009A63>Step completed successfully</FONT></STRONG></CENTER>]]></Details>
<Time><![CDATA[02/05/2018 - 20:56:14]]></Time>
<TimeTick>1525274774</TimeTick>
<NodeArgs eType="General" icon="11" nRep="27" status="Passed" >
<Disp><![CDATA[Custom Request: cognos.cgi_4]]></Disp>
<BtmPane vType="HTMLSNSH" >
<Path><![CDATA[\Iteration1\t8.inf]]></Path>
</BtmPane>
</NodeArgs>
</Step>
<Step rID="T24">
<Obj plainTxt="False" ><![CDATA[Script Aborted!]]></Obj>
<Details plainTxt="False" ><![CDATA[<CENTER><STRONG><FONT COLOR=#009A63>Pass</FONT></STRONG></CENTER>]]></Details>
<Time><![CDATA[02/05/2018 - 20:56:31]]></Time>
<TimeTick>1525274791</TimeTick>
<NodeArgs eType="General" icon="1" nRep="28" >
<Disp><![CDATA[Script Aborted!]]></Disp>
</NodeArgs>
</Step>
<Summary sTime="02/05/2018 - 20:55:53" eTime="02/05/2018 - 20:56:31" passed="6" failed="0" warnings="0" ></Summary>
<NodeArgs eType="StartAction" icon="2" nRep="8" status="Passed" >
<Disp><![CDATA[Action Summary]]></Disp>
</NodeArgs>
</Action>
<Action rID="T25">
<AName><![CDATA[vuser_end]]></AName>
<Summary sTime="02/05/2018 - 20:56:31" eTime="02/05/2018 - 20:56:31" passed="0" failed="0" warnings="0" ></Summary>
<NodeArgs eType="StartAction" icon="2" nRep="30" >
<Disp><![CDATA[vuser_end Summary]]></Disp>
</NodeArgs>
</Action>
<NodeArgs eType="StartIteration" icon="3" nRep="7" status="Passed" >
<Disp><![CDATA[Cognos_DevTest_AllOpenMaintenanceWorkorder Iteration 1 (Row 1)]]></Disp>
</NodeArgs>
</DIter>
<Summary sTime="02/05/2018 - 20:55:53" eTime="02/05/2018 - 20:56:31" passed="6" failed="0" warnings="0" ></Summary>
<NodeArgs eType="StartTest" icon="1" nRep="4" status="Passed" >
<Disp><![CDATA[Test Cognos_DevTest_AllOpenMaintenanceWorkorder Summary]]></Disp>
</NodeArgs>
</Doc>
</Report>