{
  "FilterHeaders": [
    {
      "Header": "user-agent",
      "IncludeInScript": false
    },
    {
      "Header": "ua-cpu",
      "IncludeInScript": true
    },
    {
      "Header": "cache-control",
      "IncludeInScript": false
    },
    {
      "Header": "accept-language",
      "IncludeInScript": false
    },
    {
      "Header": "accept-encoding",
      "IncludeInScript": false
    },
    {
      "Header": "accept",
      "IncludeInScript": false
    }
  ],
  "FilterResources": [
    {
      "IsNonResource": false,
      "type": "text/plain"
    },
    {
      "IsNonResource": true,
      "type": "text/html"
    },
    {
      "IsNonResource": false,
      "type": "text/css"
    },
    {
      "IsNonResource": false,
      "type": "image/png"
    },
    {
      "IsNonResource": false,
      "type": "image/gif"
    },
    {
      "IsNonResource": false,
      "type": "application/xml"
    },
    {
      "IsNonResource": false,
      "type": "application/javascript"
    }
  ],
  "GeneralInfo": {
    "BrowserVersion": "",
    "MaxUsedConnections": 30,
    "RecordedBrowser": "Internet Explorer",
    "RecordingDate": "May-01-2018",
    "RecordingDuration": 308266,
    "RecordingTimeStamp": 1525165147,
    "TotalBytesReceived": 1948218,
    "TotalBytesSent": 290059,
    "TotalRequests": 132
  },
  "HostInfo": [
    {
      "DomainName": "microsoft.com",
      "Domains": [
        {
          "HTTPVersion": "HTTP/1.1",
          "IP": "104.103.185.104",
          "IncludeInScript": true,
          "Name": "go.microsoft.com",
          "Port": 80,
          "Requests": [
            {
              "CompressionType": "",
              "DataType": "text/html",
              "DownloadTime": 32,
              "EventId": 814,
              "HttpStatus": 307,
              "Size": 14044,
              "URL": "http://go.microsoft.com/fwlink/?LinkID=401135"
            }
          ],
          "SSLCipher": "None",
          "SSLVersion": "None"
        }
      ],
      "IncludeInScript": true
    },
    {
      "DomainName": "10.70.39.5",
      "Domains": [
        {
          "HTTPVersion": "HTTP/1.1",
          "IP": "10.70.39.5",
          "IncludeInScript": true,
          "Name": "10.70.39.5",
          "Port": 80,
          "Requests": [
            {
              "CompressionType": "",
              "DataType": "image/png",
              "DownloadTime": 62,
              "EventId": 1228,
              "HttpStatus": 200,
              "Size": 24927,
              "URL": "http://10.70.39.5/ibmcognos/images/SGN_logo_Cognos.png"
            }
          ],
          "SSLCipher": "None",
          "SSLVersion": "None"
        }
      ],
      "IncludeInScript": true
    },
    {
      "DomainName": "10.184.11.70",
      "Domains": [
        {
          "HTTPVersion": "HTTP/1.1",
          "IP": "10.184.11.70",
          "IncludeInScript": true,
          "Name": "10.184.11.70",
          "Port": 80,
          "Requests": [
            {
              "CompressionType": "",
              "DataType": "text/html",
              "DownloadTime": 93,
              "EventId": 1255,
              "HttpStatus": 200,
              "Size": 4030,
              "URL": "http://10.184.11.70/ibmcognos/cgi-bin/cognos.cgi?b_action=xts.run&m=portal/logoff.xts&h_CAM_action=logoff"
            },
            {
              "CompressionType": "gzip",
              "DataType": "application/xml",
              "DownloadTime": 156,
              "EventId": 1253,
              "HttpStatus": 200,
              "Size": 50,
              "URL": "http://10.184.11.70/ibmcognos/cgi-bin/cognos.cgi"
            },
            {
              "CompressionType": "",
              "DataType": "image/gif",
              "DownloadTime": 47,
              "EventId": 1243,
              "HttpStatus": 200,
              "Size": 51,
              "URL": "http://10.184.11.70/ibmcognos/skins/corporate/viewer/images/tool_sep_dot_line.gif"
            },
            {
              "CompressionType": "",
              "DataType": "image/png",
              "DownloadTime": 63,
              "EventId": 1241,
              "HttpStatus": 200,
              "Size": 479,
              "URL": "http://10.184.11.70/ibmcognos/reportstyles/images/silver_grad.png"
            },
            {
              "CompressionType": "",
              "DataType": "image/gif",
              "DownloadTime": 63,
              "EventId": 1238,
              "HttpStatus": 200,
              "Size": 64,
              "URL": "http://10.184.11.70/ibmcognos/skins/corporate/viewer/images/pagedown.gif"
            },
            {
              "CompressionType": "",
              "DataType": "image/gif",
              "DownloadTime": 78,
              "EventId": 1235,
              "HttpStatus": 200,
              "Size": 67,
              "URL": "http://10.184.11.70/ibmcognos/skins/corporate/viewer/images/pageup_dis.gif"
            },
            {
              "CompressionType": "",
              "DataType": "image/gif",
              "DownloadTime": 78,
              "EventId": 1233,
              "HttpStatus": 200,
              "Size": 64,
              "URL": "http://10.184.11.70/ibmcognos/skins/corporate/viewer/images/bottom.gif"
            },
            {
              "CompressionType": "",
              "DataType": "image/gif",
              "DownloadTime": 47,
              "EventId": 1226,
              "HttpStatus": 200,
              "Size": 65,
              "URL": "http://10.184.11.70/ibmcognos/skins/corporate/viewer/images/top_dis.gif"
            },
            {
              "CompressionType": "",
              "DataType": "image/png",
              "DownloadTime": 172,
              "EventId": 1220,
              "HttpStatus": 200,
              "Size": 11421,
              "URL": "http://10.184.11.70/ibmcognos/cgi-bin/cognos.cgi?b_action=rc&rsid=21314&f=MHhhOTI4MjQwOjlNQzQ0MnFxNDIyQ3ZqbHd2c2o4OU00TXdDQzQyTWxkd0N3TTl5dmg_&k=FAAAAITk4EwEQeQ*afCf-uzexfD3L-Vw5dM9lRZG0ega8KXQ-aEtcXsceOQ_&s=FAAAAITk4EwEQeQ*afCf-uzexfD3L-VwrbubKopUQN8b-iSNNelQEtoE*lk_&did=25"
            },
            {
              "CompressionType": "gzip",
              "DataType": "text/plain",
              "DownloadTime": 18562,
              "EventId": 1211,
              "HttpStatus": 200,
              "Size": 8166,
              "URL": "http://10.184.11.70/ibmcognos/cgi-bin/cognos.cgi"
            },
            {
              "CompressionType": "",
              "DataType": "image/gif",
              "DownloadTime": 63,
              "EventId": 1208,
              "HttpStatus": 200,
              "Size": 577,
              "URL": "http://10.184.11.70/ibmcognos/rv/images/action_send_report.gif"
            },
            {
              "CompressionType": "",
              "DataType": "image/gif",
              "DownloadTime": 62,
              "EventId": 1204,
              "HttpStatus": 200,
              "Size": 608,
              "URL": "http://10.184.11.70/ibmcognos/rv/images/action_save_report_view.gif"
            },
            {
              "CompressionType": "",
              "DataType": "text/plain",
              "DownloadTime": 3157,
              "EventId": 1200,
              "HttpStatus": 200,
              "Size": 5124,
              "URL": "http://10.184.11.70/ibmcognos/cgi-bin/cognos.cgi"
            },
            {
              "CompressionType": "",
              "DataType": "image/gif",
              "DownloadTime": 47,
              "EventId": 1198,
              "HttpStatus": 200,
              "Size": 2493,
              "URL": "http://10.184.11.70/ibmcognos/skins/corporate/branding/progress.gif"
            },
            {
              "CompressionType": "",
              "DataType": "image/png",
              "DownloadTime": 47,
              "EventId": 1196,
              "HttpStatus": 200,
              "Size": 156,
              "URL": "http://10.184.11.70/ibmcognos/reportstyles/images/button_hover_bg.png"
            },
            {
              "CompressionType": "",
              "DataType": "image/gif",
              "DownloadTime": 31,
              "EventId": 1184,
              "HttpStatus": 200,
              "Size": 212,
              "URL": "http://10.184.11.70/ibmcognos/skins/corporate/shared/images/action_return.gif"
            },
            {
              "CompressionType": "",
              "DataType": "image/gif",
              "DownloadTime": 46,
              "EventId": 1182,
              "HttpStatus": 200,
              "Size": 42,
              "URL": "http://10.184.11.70/ibmcognos/common/images/spacer.gif"
            },
            {
              "CompressionType": "",
              "DataType": "image/gif",
              "DownloadTime": 140,
              "EventId": 1180,
              "HttpStatus": 200,
              "Size": 252,
              "URL": "http://10.184.11.70/ibmcognos/rv/images/action_view_html.gif"
            },
            {
              "CompressionType": "",
              "DataType": "image/gif",
              "DownloadTime": 141,
              "EventId": 1178,
              "HttpStatus": 200,
              "Size": 102,
              "URL": "http://10.184.11.70/ibmcognos/skins/corporate/portal/images/dropdown_arrow_narrow.gif"
            },
            {
              "CompressionType": "",
              "DataType": "image/gif",
              "DownloadTime": 141,
              "EventId": 1176,
              "HttpStatus": 200,
              "Size": 360,
              "URL": "http://10.184.11.70/ibmcognos/rv/images/action_add_report.gif"
            },
            {
              "CompressionType": "",
              "DataType": "image/gif",
              "DownloadTime": 156,
              "EventId": 1174,
              "HttpStatus": 200,
              "Size": 590,
              "URL": "http://10.184.11.70/ibmcognos/rv/images/action_go_to.gif"
            },
            {
              "CompressionType": "",
              "DataType": "image/gif",
              "DownloadTime": 172,
              "EventId": 1172,
              "HttpStatus": 200,
              "Size": 309,
              "URL": "http://10.184.11.70/ibmcognos/rv/images/action_run.gif"
            },
            {
              "CompressionType": "",
              "DataType": "image/gif",
              "DownloadTime": 172,
              "EventId": 1170,
              "HttpStatus": 200,
              "Size": 355,
              "URL": "http://10.184.11.70/ibmcognos/rv/images/dis_action_drill_down.gif"
            },
            {
              "CompressionType": "",
              "DataType": "image/gif",
              "DownloadTime": 219,
              "EventId": 1168,
              "HttpStatus": 200,
              "Size": 561,
              "URL": "http://10.184.11.70/ibmcognos/rv/images/action_keep_report.gif"
            },
            {
              "CompressionType": "",
              "DataType": "image/gif",
              "DownloadTime": 156,
              "EventId": 1166,
              "HttpStatus": 200,
              "Size": 355,
              "URL": "http://10.184.11.70/ibmcognos/rv/images/dis_action_drill_up.gif"
            },
            {
              "CompressionType": "",
              "DataType": "image/png",
              "DownloadTime": 78,
              "EventId": 1164,
              "HttpStatus": 200,
              "Size": 134,
              "URL": "http://10.184.11.70/ibmcognos/reportstyles/images/button_disabled_bg.png"
            },
            {
              "CompressionType": "",
              "DataType": "image/gif",
              "DownloadTime": 63,
              "EventId": 1162,
              "HttpStatus": 200,
              "Size": 44,
              "URL": "http://10.184.11.70/ibmcognos/reportstyles/images/prompt_footer_bg.gif"
            },
            {
              "CompressionType": "",
              "DataType": "image/png",
              "DownloadTime": 78,
              "EventId": 1160,
              "HttpStatus": 200,
              "Size": 152,
              "URL": "http://10.184.11.70/ibmcognos/reportstyles/images/button_bg.png"
            },
            {
              "CompressionType": "",
              "DataType": "image/gif",
              "DownloadTime": 94,
              "EventId": 1125,
              "HttpStatus": 200,
              "Size": 71,
              "URL": "http://10.184.11.70/ibmcognos/skins/corporate/prompting/images/icon_tree_L.gif"
            },
            {
              "CompressionType": "",
              "DataType": "image/gif",
              "DownloadTime": 78,
              "EventId": 1121,
              "HttpStatus": 200,
              "Size": 43,
              "URL": "http://10.184.11.70/ibmcognos/skins/corporate/prompting/images/blank.gif"
            },
            {
              "CompressionType": "",
              "DataType": "text/css",
              "DownloadTime": 78,
              "EventId": 1119,
              "HttpStatus": 200,
              "Size": 1984,
              "URL": "http://10.184.11.70/ibmcognos/skins/corporate/viewer/QSRVCommon.css"
            },
            {
              "CompressionType": "",
              "DataType": "image/gif",
              "DownloadTime": 94,
              "EventId": 1117,
              "HttpStatus": 200,
              "Size": 74,
              "URL": "http://10.184.11.70/ibmcognos/skins/corporate/prompting/images/icon_tree_I.gif"
            },
            {
              "CompressionType": "",
              "DataType": "application/javascript",
              "DownloadTime": 109,
              "EventId": 1113,
              "HttpStatus": 200,
              "Size": 3647,
              "URL": "http://10.184.11.70/ibmcognos/prompting/res/promptLocale_en-gb.js"
            },
            {
              "CompressionType": "",
              "DataType": "text/css",
              "DownloadTime": 125,
              "EventId": 1109,
              "HttpStatus": 200,
              "Size": 6701,
              "URL": "http://10.184.11.70/ibmcognos/skins/corporate/viewer/CRN.css"
            },
            {
              "CompressionType": "",
              "DataType": "application/javascript",
              "DownloadTime": 141,
              "EventId": 1103,
              "HttpStatus": 200,
              "Size": 3638,
              "URL": "http://10.184.11.70/ibmcognos/prompting/res/promptLocale_en.js"
            },
            {
              "CompressionType": "",
              "DataType": "text/css",
              "DownloadTime": 141,
              "EventId": 1100,
              "HttpStatus": 200,
              "Size": 22853,
              "URL": "http://10.184.11.70/ibmcognos/prompting/reportskin/prompting/promptCommon.css"
            },
            {
              "CompressionType": "",
              "DataType": "application/javascript",
              "DownloadTime": 156,
              "EventId": 1098,
              "HttpStatus": 200,
              "Size": 1300,
              "URL": "http://10.184.11.70/ibmcognos/prompting/properties.js"
            },
            {
              "CompressionType": "",
              "DataType": "application/javascript",
              "DownloadTime": 63,
              "EventId": 1095,
              "HttpStatus": 200,
              "Size": 9262,
              "URL": "http://10.184.11.70/ibmcognos/prompting/res/promptingStrings_en.js"
            },
            {
              "CompressionType": "",
              "DataType": "application/javascript",
              "DownloadTime": 156,
              "EventId": 1088,
              "HttpStatus": 200,
              "Size": 6906,
              "URL": "http://10.184.11.70/ibmcognos/rv/serverrequest/requests/standalone/ViewerDispatcherEntry.js"
            },
            {
              "CompressionType": "",
              "DataType": "application/javascript",
              "DownloadTime": 172,
              "EventId": 1081,
              "HttpStatus": 200,
              "Size": 731751,
              "URL": "http://10.184.11.70/ibmcognos/rv/viewer.standalone.core.js"
            },
            {
              "CompressionType": "",
              "DataType": "application/javascript",
              "DownloadTime": 94,
              "EventId": 1078,
              "HttpStatus": 200,
              "Size": 20277,
              "URL": "http://10.184.11.70/ibmcognos/mdsrv/lineage.js"
            },
            {
              "CompressionType": "",
              "DataType": "application/javascript",
              "DownloadTime": 109,
              "EventId": 1074,
              "HttpStatus": 200,
              "Size": 34498,
              "URL": "http://10.184.11.70/ibmcognos/drill/CSelectionContextBuilder.js"
            },
            {
              "CompressionType": "",
              "DataType": "text/css",
              "DownloadTime": 109,
              "EventId": 1070,
              "HttpStatus": 200,
              "Size": 25351,
              "URL": "http://10.184.11.70/ibmcognos/schemas/GlobalReportStyles_10.css"
            },
            {
              "CompressionType": "",
              "DataType": "text/css",
              "DownloadTime": 125,
              "EventId": 1067,
              "HttpStatus": 200,
              "Size": 5813,
              "URL": "http://10.184.11.70/ibmcognos/skins/corporate/viewer/QSRVall.css"
            },
            {
              "CompressionType": "",
              "DataType": "text/css",
              "DownloadTime": 125,
              "EventId": 1064,
              "HttpStatus": 200,
              "Size": 6012,
              "URL": "http://10.184.11.70/ibmcognos/skins/corporate/viewer/QSRVCommonUI.css"
            },
            {
              "CompressionType": "",
              "DataType": "text/css",
              "DownloadTime": 157,
              "EventId": 1059,
              "HttpStatus": 200,
              "Size": 1301,
              "URL": "http://10.184.11.70/ibmcognos/skins/corporate/viewer/RVReport.css"
            },
            {
              "CompressionType": "",
              "DataType": "application/javascript",
              "DownloadTime": 94,
              "EventId": 1051,
              "HttpStatus": 200,
              "Size": 41221,
              "URL": "http://10.184.11.70/ibmcognos/prompting/prompting.js"
            },
            {
              "CompressionType": "",
              "DataType": "application/javascript",
              "DownloadTime": 109,
              "EventId": 1047,
              "HttpStatus": 200,
              "Size": 19577,
              "URL": "http://10.184.11.70/ibmcognos/rv/res/viewer_en.js"
            },
            {
              "CompressionType": "",
              "DataType": "application/javascript",
              "DownloadTime": 94,
              "EventId": 1032,
              "HttpStatus": 200,
              "Size": 411385,
              "URL": "http://10.184.11.70/ibmcognos/prompting/prmt_core.js"
            },
            {
              "CompressionType": "gzip",
              "DataType": "text/html",
              "DownloadTime": 813,
              "EventId": 1024,
              "HttpStatus": 200,
              "Size": 10544,
              "URL": "http://10.184.11.70/ibmcognos/cgi-bin/cognos.cgi?b_action=cognosViewer&ui.action=run&ui.object=%2fcontent%2ffolder%5b%40name%3d%27Maintenance%27%5d%2freport%5b%40name%3d%27BIMIO%201002%20-%20All%20Open%20Maintenance%20Workorders%20-%20Network%27%5d&ui.name=BIMIO%201002%20-%20All%20Open%20Maintenance%20Workorders%20-%20Network&run.outputFormat=&run.prompt=true&ui.backURL=%2fibmcognos%2fcgi-bin%2fcognos.cgi%3fb_action%3dxts.run%26m%3dportal%2fcc.xts%26m_folder%3di1B93573081994031B1004C11425DE991%26m_folder2%3dm-i937E6052F9724D988EF69846A3CD4D2F"
            },
            {
              "CompressionType": "",
              "DataType": "image/gif",
              "DownloadTime": 32,
              "EventId": 1014,
              "HttpStatus": 200,
              "Size": 358,
              "URL": "http://10.184.11.70/ibmcognos/ps/portal/images/icon_result_html_sub.gif"
            },
            {
              "CompressionType": "",
              "DataType": "image/gif",
              "DownloadTime": 63,
              "EventId": 1012,
              "HttpStatus": 200,
              "Size": 376,
              "URL": "http://10.184.11.70/ibmcognos/ps/portal/images/action_schedule.gif"
            },
            {
              "CompressionType": "",
              "DataType": "image/gif",
              "DownloadTime": 62,
              "EventId": 1010,
              "HttpStatus": 200,
              "Size": 309,
              "URL": "http://10.184.11.70/ibmcognos/ps/portal/images/action_run_16.gif"
            },
            {
              "CompressionType": "",
              "DataType": "image/gif",
              "DownloadTime": 47,
              "EventId": 1008,
              "HttpStatus": 200,
              "Size": 581,
              "URL": "http://10.184.11.70/ibmcognos/ps/portal/images/action_new_custom_view.gif"
            },
            {
              "CompressionType": "",
              "DataType": "image/gif",
              "DownloadTime": 62,
              "EventId": 1004,
              "HttpStatus": 200,
              "Size": 353,
              "URL": "http://10.184.11.70/ibmcognos/ps/portal/images/action_view_report_output.gif"
            },
            {
              "CompressionType": "",
              "DataType": "image/gif",
              "DownloadTime": 62,
              "EventId": 1001,
              "HttpStatus": 200,
              "Size": 189,
              "URL": "http://10.184.11.70/ibmcognos/ps/portal/images/action_run.gif"
            },
            {
              "CompressionType": "",
              "DataType": "image/gif",
              "DownloadTime": 125,
              "EventId": 997,
              "HttpStatus": 200,
              "Size": 252,
              "URL": "http://10.184.11.70/ibmcognos/ps/portal/images/icon_result_html.gif"
            },
            {
              "CompressionType": "",
              "DataType": "text/html",
              "DownloadTime": 94,
              "EventId": 985,
              "HttpStatus": 200,
              "Size": 71995,
              "URL": "http://10.184.11.70/ibmcognos/cgi-bin/cognos.cgi?b_action=xts.run&m=portal/cc.xts&m_folder=i1B93573081994031B1004C11425DE991&m_folder2=m-i937E6052F9724D988EF69846A3CD4D2F"
            },
            {
              "CompressionType": "",
              "DataType": "image/gif",
              "DownloadTime": 46,
              "EventId": 974,
              "HttpStatus": 200,
              "Size": 321,
              "URL": "http://10.184.11.70/ibmcognos/skins/corporate/branding/tools_query_studio.gif"
            },
            {
              "CompressionType": "",
              "DataType": "image/gif",
              "DownloadTime": 47,
              "EventId": 972,
              "HttpStatus": 200,
              "Size": 1055,
              "URL": "http://10.184.11.70/ibmcognos/skins/corporate/branding/tools_dashboard.gif"
            },
            {
              "CompressionType": "",
              "DataType": "image/gif",
              "DownloadTime": 109,
              "EventId": 970,
              "HttpStatus": 200,
              "Size": 73,
              "URL": "http://10.184.11.70/ibmcognos/ps/portal/images/checkmark.gif"
            },
            {
              "CompressionType": "",
              "DataType": "text/html",
              "DownloadTime": 188,
              "EventId": 968,
              "HttpStatus": 404,
              "Size": 209,
              "URL": "http://10.184.11.70/favicon.ico"
            },
            {
              "CompressionType": "",
              "DataType": "image/gif",
              "DownloadTime": 62,
              "EventId": 966,
              "HttpStatus": 200,
              "Size": 102,
              "URL": "http://10.184.11.70/ibmcognos/skins/corporate/shared/images/action_scroll_left_disabled.gif"
            },
            {
              "CompressionType": "",
              "DataType": "image/gif",
              "DownloadTime": 93,
              "EventId": 964,
              "HttpStatus": 200,
              "Size": 103,
              "URL": "http://10.184.11.70/ibmcognos/skins/corporate/shared/images/action_scroll_right_disabled.gif"
            },
            {
              "CompressionType": "",
              "DataType": "image/gif",
              "DownloadTime": 31,
              "EventId": 962,
              "HttpStatus": 200,
              "Size": 578,
              "URL": "http://10.184.11.70/ibmcognos/ps/portal/images/action_properties.gif"
            },
            {
              "CompressionType": "",
              "DataType": "image/gif",
              "DownloadTime": 47,
              "EventId": 960,
              "HttpStatus": 200,
              "Size": 596,
              "URL": "http://10.184.11.70/ibmcognos/ps/portal/images/icon_folder.gif"
            },
            {
              "CompressionType": "",
              "DataType": "image/gif",
              "DownloadTime": 125,
              "EventId": 958,
              "HttpStatus": 200,
              "Size": 74,
              "URL": "http://10.184.11.70/ibmcognos/skins/corporate/portal/images/control_btn_bottom_disabled.gif"
            },
            {
              "CompressionType": "",
              "DataType": "image/gif",
              "DownloadTime": 62,
              "EventId": 956,
              "HttpStatus": 200,
              "Size": 82,
              "URL": "http://10.184.11.70/ibmcognos/skins/corporate/portal/images/list_sort_no.gif"
            },
            {
              "CompressionType": "",
              "DataType": "image/gif",
              "DownloadTime": 125,
              "EventId": 954,
              "HttpStatus": 200,
              "Size": 1280,
              "URL": "http://10.184.11.70/ibmcognos/skins/corporate/portal/images/action_go_ani.gif"
            },
            {
              "CompressionType": "",
              "DataType": "image/gif",
              "DownloadTime": 78,
              "EventId": 952,
              "HttpStatus": 200,
              "Size": 75,
              "URL": "http://10.184.11.70/ibmcognos/skins/corporate/portal/images/control_btn_pagedown_disabled.gif"
            },
            {
              "CompressionType": "",
              "DataType": "image/gif",
              "DownloadTime": 141,
              "EventId": 950,
              "HttpStatus": 200,
              "Size": 353,
              "URL": "http://10.184.11.70/ibmcognos/skins/corporate/portal/images/action_go.gif"
            },
            {
              "CompressionType": "",
              "DataType": "image/gif",
              "DownloadTime": 62,
              "EventId": 948,
              "HttpStatus": 200,
              "Size": 76,
              "URL": "http://10.184.11.70/ibmcognos/skins/corporate/portal/images/control_btn_pageup_disabled.gif"
            },
            {
              "CompressionType": "",
              "DataType": "image/gif",
              "DownloadTime": 78,
              "EventId": 946,
              "HttpStatus": 200,
              "Size": 73,
              "URL": "http://10.184.11.70/ibmcognos/skins/corporate/portal/images/control_btn_top_disabled.gif"
            },
            {
              "CompressionType": "",
              "DataType": "image/gif",
              "DownloadTime": 110,
              "EventId": 944,
              "HttpStatus": 200,
              "Size": 579,
              "URL": "http://10.184.11.70/ibmcognos/ps/portal/images/action_properties_path.gif"
            },
            {
              "CompressionType": "",
              "DataType": "image/gif",
              "DownloadTime": 94,
              "EventId": 942,
              "HttpStatus": 200,
              "Size": 377,
              "URL": "http://10.184.11.70/ibmcognos/ps/portal/images/action_order_dis.gif"
            },
            {
              "CompressionType": "",
              "DataType": "image/gif",
              "DownloadTime": 125,
              "EventId": 940,
              "HttpStatus": 200,
              "Size": 221,
              "URL": "http://10.184.11.70/ibmcognos/ps/portal/images/action_delete_dis.gif"
            },
            {
              "CompressionType": "",
              "DataType": "image/gif",
              "DownloadTime": 172,
              "EventId": 938,
              "HttpStatus": 200,
              "Size": 361,
              "URL": "http://10.184.11.70/ibmcognos/ps/portal/images/action_paste_dis.gif"
            },
            {
              "CompressionType": "",
              "DataType": "image/gif",
              "DownloadTime": 125,
              "EventId": 936,
              "HttpStatus": 200,
              "Size": 594,
              "URL": "http://10.184.11.70/ibmcognos/ps/portal/images/action_copy.gif"
            },
            {
              "CompressionType": "",
              "DataType": "application/javascript",
              "DownloadTime": 109,
              "EventId": 934,
              "HttpStatus": 200,
              "Size": 8318,
              "URL": "http://10.184.11.70/ibmcognos/ps/portal/js/utilities.js"
            },
            {
              "CompressionType": "",
              "DataType": "image/gif",
              "DownloadTime": 93,
              "EventId": 932,
              "HttpStatus": 200,
              "Size": 51,
              "URL": "http://10.184.11.70/ibmcognos/skins/corporate/shared/images/toolbar_divider.gif"
            },
            {
              "CompressionType": "",
              "DataType": "image/gif",
              "DownloadTime": 141,
              "EventId": 930,
              "HttpStatus": 200,
              "Size": 605,
              "URL": "http://10.184.11.70/ibmcognos/ps/portal/images/action_paste.gif"
            },
            {
              "CompressionType": "",
              "DataType": "image/gif",
              "DownloadTime": 63,
              "EventId": 928,
              "HttpStatus": 200,
              "Size": 189,
              "URL": "http://10.184.11.70/ibmcognos/ps/portal/images/action_cut_dis.gif"
            },
            {
              "CompressionType": "",
              "DataType": "image/gif",
              "DownloadTime": 94,
              "EventId": 926,
              "HttpStatus": 200,
              "Size": 605,
              "URL": "http://10.184.11.70/ibmcognos/ps/portal/images/action_new_url.gif"
            },
            {
              "CompressionType": "",
              "DataType": "image/gif",
              "DownloadTime": 94,
              "EventId": 924,
              "HttpStatus": 200,
              "Size": 384,
              "URL": "http://10.184.11.70/ibmcognos/ps/portal/images/action_new_page.gif"
            },
            {
              "CompressionType": "",
              "DataType": "image/gif",
              "DownloadTime": 109,
              "EventId": 922,
              "HttpStatus": 200,
              "Size": 248,
              "URL": "http://10.184.11.70/ibmcognos/ps/portal/images/action_new_job.gif"
            },
            {
              "CompressionType": "",
              "DataType": "image/gif",
              "DownloadTime": 125,
              "EventId": 920,
              "HttpStatus": 200,
              "Size": 128,
              "URL": "http://10.184.11.70/ibmcognos/ps/portal/images/action_detailedlistview.gif"
            },
            {
              "CompressionType": "",
              "DataType": "image/gif",
              "DownloadTime": 94,
              "EventId": 918,
              "HttpStatus": 200,
              "Size": 135,
              "URL": "http://10.184.11.70/ibmcognos/ps/portal/images/action_listview.gif"
            },
            {
              "CompressionType": "",
              "DataType": "image/gif",
              "DownloadTime": 78,
              "EventId": 916,
              "HttpStatus": 200,
              "Size": 1018,
              "URL": "http://10.184.11.70/ibmcognos/ps/portal/images/action_new_folder.gif"
            },
            {
              "CompressionType": "",
              "DataType": "image/gif",
              "DownloadTime": 78,
              "EventId": 914,
              "HttpStatus": 200,
              "Size": 58,
              "URL": "http://10.184.11.70/ibmcognos/skins/corporate/shared/images/action_scroll_right.gif"
            },
            {
              "CompressionType": "",
              "DataType": "image/gif",
              "DownloadTime": 78,
              "EventId": 912,
              "HttpStatus": 200,
              "Size": 57,
              "URL": "http://10.184.11.70/ibmcognos/skins/corporate/shared/images/action_scroll_left.gif"
            },
            {
              "CompressionType": "",
              "DataType": "application/javascript",
              "DownloadTime": 157,
              "EventId": 910,
              "HttpStatus": 200,
              "Size": 2929,
              "URL": "http://10.184.11.70/ibmcognos/ps/portal/js/list.js"
            },
            {
              "CompressionType": "",
              "DataType": "image/gif",
              "DownloadTime": 93,
              "EventId": 908,
              "HttpStatus": 200,
              "Size": 370,
              "URL": "http://10.184.11.70/ibmcognos/skins/corporate/portal/images/page_menu.gif"
            },
            {
              "CompressionType": "",
              "DataType": "image/gif",
              "DownloadTime": 109,
              "EventId": 906,
              "HttpStatus": 200,
              "Size": 157,
              "URL": "http://10.184.11.70/ibmcognos/skins/corporate/branding/ibm-logo-white.gif"
            },
            {
              "CompressionType": "",
              "DataType": "application/javascript",
              "DownloadTime": 109,
              "EventId": 904,
              "HttpStatus": 200,
              "Size": 4448,
              "URL": "http://10.184.11.70/ibmcognos/ps/portal/js/tabs.js"
            },
            {
              "CompressionType": "",
              "DataType": "image/gif",
              "DownloadTime": 78,
              "EventId": 902,
              "HttpStatus": 200,
              "Size": 51,
              "URL": "http://10.184.11.70/ibmcognos/skins/corporate/shared/images/tool_sep_dot_line_banner.gif"
            },
            {
              "CompressionType": "",
              "DataType": "image/gif",
              "DownloadTime": 78,
              "EventId": 900,
              "HttpStatus": 200,
              "Size": 157,
              "URL": "http://10.184.11.70/ibmcognos/skins/corporate/branding/your_logo_here.gif"
            },
            {
              "CompressionType": "",
              "DataType": "image/gif",
              "DownloadTime": 109,
              "EventId": 898,
              "HttpStatus": 200,
              "Size": 646,
              "URL": "http://10.184.11.70/ibmcognos/ps/portal/images/action_search_ani.gif"
            },
            {
              "CompressionType": "",
              "DataType": "image/gif",
              "DownloadTime": 157,
              "EventId": 896,
              "HttpStatus": 200,
              "Size": 537,
              "URL": "http://10.184.11.70/ibmcognos/skins/corporate/shared/images/icon_my_area.gif"
            },
            {
              "CompressionType": "",
              "DataType": "image/gif",
              "DownloadTime": 188,
              "EventId": 894,
              "HttpStatus": 200,
              "Size": 363,
              "URL": "http://10.184.11.70/ibmcognos/skins/corporate/shared/images/action_home.gif"
            },
            {
              "CompressionType": "",
              "DataType": "image/gif",
              "DownloadTime": 78,
              "EventId": 892,
              "HttpStatus": 200,
              "Size": 107,
              "URL": "http://10.184.11.70/ibmcognos/ps/images/space.gif"
            },
            {
              "CompressionType": "",
              "DataType": "image/gif",
              "DownloadTime": 78,
              "EventId": 890,
              "HttpStatus": 200,
              "Size": 604,
              "URL": "http://10.184.11.70/ibmcognos/skins/corporate/shared/images/action_help.gif"
            },
            {
              "CompressionType": "",
              "DataType": "image/gif",
              "DownloadTime": 171,
              "EventId": 888,
              "HttpStatus": 200,
              "Size": 80,
              "URL": "http://10.184.11.70/ibmcognos/skins/corporate/shared/images/dropdown_arrow_banner.gif"
            },
            {
              "CompressionType": "",
              "DataType": "image/gif",
              "DownloadTime": 62,
              "EventId": 886,
              "HttpStatus": 200,
              "Size": 339,
              "URL": "http://10.184.11.70/ibmcognos/ps/portal/images/action_search.gif"
            },
            {
              "CompressionType": "",
              "DataType": "image/gif",
              "DownloadTime": 47,
              "EventId": 884,
              "HttpStatus": 200,
              "Size": 328,
              "URL": "http://10.184.11.70/ibmcognos/ps/portal/images/action_refresh.gif"
            },
            {
              "CompressionType": "",
              "DataType": "application/javascript",
              "DownloadTime": 94,
              "EventId": 882,
              "HttpStatus": 200,
              "Size": 1548,
              "URL": "http://10.184.11.70/ibmcognos/ps/portal/js/validation.js"
            },
            {
              "CompressionType": "",
              "DataType": "application/javascript",
              "DownloadTime": 94,
              "EventId": 880,
              "HttpStatus": 200,
              "Size": 6261,
              "URL": "http://10.184.11.70/ibmcognos/cr1/caf.js"
            },
            {
              "CompressionType": "",
              "DataType": "text/css",
              "DownloadTime": 94,
              "EventId": 877,
              "HttpStatus": 200,
              "Size": 4475,
              "URL": "http://10.184.11.70/ibmcognos/skins/corporate/shared/banner.css"
            },
            {
              "CompressionType": "",
              "DataType": "application/javascript",
              "DownloadTime": 110,
              "EventId": 874,
              "HttpStatus": 200,
              "Size": 40937,
              "URL": "http://10.184.11.70/ibmcognos/ccl/i18n/bidi/BidiUtils.js"
            },
            {
              "CompressionType": "",
              "DataType": "application/javascript",
              "DownloadTime": 78,
              "EventId": 872,
              "HttpStatus": 200,
              "Size": 8622,
              "URL": "http://10.184.11.70/ibmcognos/ps/portal/js/aboutdialog.js"
            },
            {
              "CompressionType": "",
              "DataType": "application/javascript",
              "DownloadTime": 78,
              "EventId": 870,
              "HttpStatus": 200,
              "Size": 10983,
              "URL": "http://10.184.11.70/ibmcognos/ps/portal/js/banner.js"
            },
            {
              "CompressionType": "",
              "DataType": "application/javascript",
              "DownloadTime": 94,
              "EventId": 868,
              "HttpStatus": 200,
              "Size": 11366,
              "URL": "http://10.184.11.70/ibmcognos/cognoslaunch.js"
            },
            {
              "CompressionType": "",
              "DataType": "application/javascript",
              "DownloadTime": 47,
              "EventId": 861,
              "HttpStatus": 200,
              "Size": 4709,
              "URL": "http://10.184.11.70/ibmcognos/ps/portal/js/cc.js"
            },
            {
              "CompressionType": "",
              "DataType": "application/javascript",
              "DownloadTime": 93,
              "EventId": 858,
              "HttpStatus": 200,
              "Size": 43756,
              "URL": "http://10.184.11.70/ibmcognos/ps/portal/js/CCflyoutMenu.js"
            },
            {
              "CompressionType": "",
              "DataType": "text/css",
              "DownloadTime": 109,
              "EventId": 856,
              "HttpStatus": 200,
              "Size": 27571,
              "URL": "http://10.184.11.70/ibmcognos/skins/corporate/fragments/portlet.css"
            },
            {
              "CompressionType": "",
              "DataType": "text/css",
              "DownloadTime": 78,
              "EventId": 853,
              "HttpStatus": 200,
              "Size": 2059,
              "URL": "http://10.184.11.70/ibmcognos/skins/corporate/fonts.css"
            },
            {
              "CompressionType": "",
              "DataType": "text/css",
              "DownloadTime": 93,
              "EventId": 851,
              "HttpStatus": 200,
              "Size": 49626,
              "URL": "http://10.184.11.70/ibmcognos/skins/corporate/portal/default.css"
            },
            {
              "CompressionType": "",
              "DataType": "text/html",
              "DownloadTime": 407,
              "EventId": 843,
              "HttpStatus": 200,
              "Size": 73344,
              "URL": "http://10.184.11.70/ibmcognos/cgi-bin/cognos.cgi?m_folder=i64C1B8968BDC4C70B18C3DC1286D7E20&m_tab=i64C1B8968BDC4C70B18C3DC1286D7E20&b_action=xts.run&encoding=UTF-8&m=portal%2fcc.xts&m_folder2=m-i937E6052F9724D988EF69846A3CD4D2F"
            },
            {
              "CompressionType": "",
              "DataType": "text/html",
              "DownloadTime": 31109,
              "EventId": 833,
              "HttpStatus": 200,
              "Size": 587,
              "URL": "http://10.184.11.70/ibmcognos/cgi-bin/cognos.cgi"
            },
            {
              "CompressionType": "",
              "DataType": "text/html",
              "DownloadTime": 32,
              "EventId": 648,
              "HttpStatus": 404,
              "Size": 209,
              "URL": "http://10.184.11.70/favicon.ico"
            },
            {
              "CompressionType": "",
              "DataType": "image/png",
              "DownloadTime": 109,
              "EventId": 644,
              "HttpStatus": 200,
              "Size": 2950,
              "URL": "http://10.184.11.70/ibmcognos/skins/corporate/portal/images/popup_close_28.png"
            },
            {
              "CompressionType": "",
              "DataType": "image/png",
              "DownloadTime": 172,
              "EventId": 640,
              "HttpStatus": 200,
              "Size": 53606,
              "URL": "http://10.184.11.70/ibmcognos/ps/login/images/login_header.png"
            },
            {
              "CompressionType": "",
              "DataType": "image/png",
              "DownloadTime": 62,
              "EventId": 638,
              "HttpStatus": 200,
              "Size": 720,
              "URL": "http://10.184.11.70/ibmcognos/ps/login/images/login_ibm_logo.png"
            },
            {
              "CompressionType": "",
              "DataType": "image/png",
              "DownloadTime": 93,
              "EventId": 636,
              "HttpStatus": 200,
              "Size": 23850,
              "URL": "http://10.184.11.70/ibmcognos/ps/login/images/login_icon.png"
            },
            {
              "CompressionType": "",
              "DataType": "application/javascript",
              "DownloadTime": 47,
              "EventId": 633,
              "HttpStatus": 200,
              "Size": 6815,
              "URL": "http://10.184.11.70/ibmcognos/ccl/helpDocs.js"
            },
            {
              "CompressionType": "",
              "DataType": "application/javascript",
              "DownloadTime": 47,
              "EventId": 631,
              "HttpStatus": 200,
              "Size": 4318,
              "URL": "http://10.184.11.70/ibmcognos/ps/portal/js/faultlogin.js"
            },
            {
              "CompressionType": "",
              "DataType": "application/javascript",
              "DownloadTime": 63,
              "EventId": 627,
              "HttpStatus": 200,
              "Size": 3926,
              "URL": "http://10.184.11.70/ibmcognos/ps/portal/js/mvcAuth.js"
            },
            {
              "CompressionType": "",
              "DataType": "application/javascript",
              "DownloadTime": 79,
              "EventId": 624,
              "HttpStatus": 200,
              "Size": 7304,
              "URL": "http://10.184.11.70/ibmcognos/ps/portal/js/cookie_jar.js"
            },
            {
              "CompressionType": "",
              "DataType": "text/css",
              "DownloadTime": 109,
              "EventId": 622,
              "HttpStatus": 200,
              "Size": 3548,
              "URL": "http://10.184.11.70/ibmcognos/ps/login/ibm.css"
            },
            {
              "CompressionType": "",
              "DataType": "text/css",
              "DownloadTime": 78,
              "EventId": 617,
              "HttpStatus": 200,
              "Size": 1810,
              "URL": "http://10.184.11.70/ibmcognos/ps/login/styles.css"
            },
            {
              "CompressionType": "",
              "DataType": "text/html",
              "DownloadTime": 109,
              "EventId": 610,
              "HttpStatus": 200,
              "Size": 8748,
              "URL": "http://10.184.11.70/ibmcognos/cgi-bin/cognos.cgi?m_folder=i64C1B8968BDC4C70B18C3DC1286D7E20&m_tab=i64C1B8968BDC4C70B18C3DC1286D7E20&b_action=xts.run&encoding=UTF-8&m=portal%2fcc.xts&m_folder2=m-i937E6052F9724D988EF69846A3CD4D2F"
            }
          ],
          "SSLCipher": "None",
          "SSLVersion": "None"
        }
      ],
      "IncludeInScript": false
    }
  ],
  "WebSocket": {
    "IncludeInScript": false,
    "IsScriptIncludeWebSocket": false
  },
  "NumberOfCorrelations": 3
}