{
  "FilterHeaders": [
    {
      "Header": "user-agent",
      "IncludeInScript": false
    },
    {
      "Header": "accept-language",
      "IncludeInScript": false
    },
    {
      "Header": "accept-encoding",
      "IncludeInScript": false
    },
    {
      "Header": "accept",
      "IncludeInScript": false
    }
  ],
  "FilterResources": [
    {
      "IsNonResource": true,
      "type": "text/html"
    },
    {
      "IsNonResource": false,
      "type": "text/css"
    },
    {
      "IsNonResource": false,
      "type": "image/png"
    },
    {
      "IsNonResource": false,
      "type": "application/javascript"
    }
  ],
  "GeneralInfo": {
    "BrowserVersion": "",
    "MaxUsedConnections": 6,
    "RecordedBrowser": "Internet Explorer",
    "RecordingDate": "Jun-07-2018",
    "RecordingDuration": 4406,
    "RecordingTimeStamp": 1528353246,
    "TotalBytesReceived": 117804,
    "TotalBytesSent": 12418,
    "TotalRequests": 12
  },
  "HostInfo": [
    {
      "DomainName": "sgndevtest.com",
      "Domains": [
        {
          "HTTPVersion": "HTTP/1.1",
          "IP": "10.184.8.47",
          "IncludeInScript": true,
          "Name": "cognos.sgndevtest.com",
          "Port": 80,
          "Requests": [
            {
              "CompressionType": "",
              "DataType": "text/html",
              "DownloadTime": 15,
              "EventId": 1037,
              "HttpStatus": 404,
              "Size": 209,
              "URL": "http://cognos.sgndevtest.com/favicon.ico"
            },
            {
              "CompressionType": "",
              "DataType": "image/png",
              "DownloadTime": 32,
              "EventId": 1034,
              "HttpStatus": 200,
              "Size": 23850,
              "URL": "http://cognos.sgndevtest.com/ibmcognos/ps/login/images/login_icon.png"
            },
            {
              "CompressionType": "",
              "DataType": "image/png",
              "DownloadTime": 16,
              "EventId": 1031,
              "HttpStatus": 200,
              "Size": 720,
              "URL": "http://cognos.sgndevtest.com/ibmcognos/ps/login/images/login_ibm_logo.png"
            },
            {
              "CompressionType": "",
              "DataType": "image/png",
              "DownloadTime": 16,
              "EventId": 1026,
              "HttpStatus": 200,
              "Size": 53606,
              "URL": "http://cognos.sgndevtest.com/ibmcognos/ps/login/images/login_header.png"
            },
            {
              "CompressionType": "",
              "DataType": "image/png",
              "DownloadTime": 15,
              "EventId": 1023,
              "HttpStatus": 200,
              "Size": 2950,
              "URL": "http://cognos.sgndevtest.com/ibmcognos/skins/corporate/portal/images/popup_close_28.png"
            },
            {
              "CompressionType": "",
              "DataType": "application/javascript",
              "DownloadTime": 78,
              "EventId": 1021,
              "HttpStatus": 200,
              "Size": 6815,
              "URL": "http://cognos.sgndevtest.com/ibmcognos/ccl/helpDocs.js"
            },
            {
              "CompressionType": "",
              "DataType": "application/javascript",
              "DownloadTime": 63,
              "EventId": 1019,
              "HttpStatus": 200,
              "Size": 3926,
              "URL": "http://cognos.sgndevtest.com/ibmcognos/ps/portal/js/mvcAuth.js"
            },
            {
              "CompressionType": "",
              "DataType": "application/javascript",
              "DownloadTime": 47,
              "EventId": 1017,
              "HttpStatus": 200,
              "Size": 4318,
              "URL": "http://cognos.sgndevtest.com/ibmcognos/ps/portal/js/faultlogin.js"
            },
            {
              "CompressionType": "",
              "DataType": "application/javascript",
              "DownloadTime": 31,
              "EventId": 1015,
              "HttpStatus": 200,
              "Size": 7304,
              "URL": "http://cognos.sgndevtest.com/ibmcognos/ps/portal/js/cookie_jar.js"
            },
            {
              "CompressionType": "",
              "DataType": "text/css",
              "DownloadTime": 16,
              "EventId": 1013,
              "HttpStatus": 200,
              "Size": 3548,
              "URL": "http://cognos.sgndevtest.com/ibmcognos/ps/login/ibm.css"
            },
            {
              "CompressionType": "",
              "DataType": "text/css",
              "DownloadTime": 32,
              "EventId": 1011,
              "HttpStatus": 200,
              "Size": 1810,
              "URL": "http://cognos.sgndevtest.com/ibmcognos/ps/login/styles.css"
            },
            {
              "CompressionType": "",
              "DataType": "text/html",
              "DownloadTime": 94,
              "EventId": 1008,
              "HttpStatus": 200,
              "Size": 8748,
              "URL": "http://cognos.sgndevtest.com/ibmcognos/cgi-bin/cognos.cgi?m_folder=i64C1B8968BDC4C70B18C3DC1286D7E20&m_tab=i64C1B8968BDC4C70B18C3DC1286D7E20&b_action=xts.run&encoding=UTF-8&m=portal%2fcc.xts&m_folder2=m-i937E6052F9724D988EF69846A3CD4D2F"
            }
          ],
          "SSLCipher": "None",
          "SSLVersion": "None"
        }
      ],
      "IncludeInScript": true
    }
  ],
  "WebSocket": {
    "IncludeInScript": false,
    "IsScriptIncludeWebSocket": false
  },
  "NumberOfCorrelations": 0
}