[
    {
        "stepId": "STEP9",
        "stepName": "Url: cognos.cgi",
        "infFile": "t1.inf",
        "time": 1525342878150
    },
    {
        "stepId": "STEP10",
        "stepName": "Submit Form: cognos.cgi_2",
        "infFile": "t2.inf",
        "time": 1525342879626
    },
    {
        "stepId": "STEP11",
        "stepName": "Url: cognos.cgi_3",
        "infFile": "t3.inf",
        "time": 1525342881132
    },
    {
        "stepId": "STEP12",
        "stepName": "Link: Maintenance",
        "infFile": "t4.inf",
        "time": 1525342882599
    },
    {
        "stepId": "STEP13",
        "stepName": "Link: BIMIO 1002 - All Open Maintenance Workorders - Network",
        "infFile": "t7.inf",
        "time": 1525342884881
    },
    {
        "stepId": "STEP14",
        "stepName": "Custom Request: cognos.cgi_4",
        "infFile": "t8.inf",
        "time": 1525342885659
    },
    {
        "stepId": "STEP15",
        "stepName": "Custom Request: cognos.cgi_6",
        "infFile": "t9.inf",
        "time": 1525342886001
    },
    {
        "stepId": "STEP16",
        "stepName": "Url: cognos.cgi_7",
        "infFile": "t10.inf",
        "time": 1525342886219
    }
]