[
    {
        "transactionName": "Cognos_Dev_1002AllOpenMNTNC_Launch",
        "rawStartTime": 1525342877649,
        "rawEndTime": 1525342878154
    },
    {
        "transactionName": "Cognos_Dev_1002AllOpenMNTNC_Login",
        "rawStartTime": 1525342878272,
        "rawEndTime": 1525342881133
    },
    {
        "transactionName": "Cognos_Dev_1002AllOpenMNTNC_ClkonFolder",
        "rawStartTime": 1525342881284,
        "rawEndTime": 1525342882601
    },
    {
        "transactionName": "Cognos_Dev_1002AllOpenMNTNC_ClkonReport",
        "rawStartTime": 1525342882756,
        "rawEndTime": 1525342884884
    },
    {
        "transactionName": "Cognos_Dev_1002AllOpenMNTNC_ClkonFinish",
        "rawStartTime": 1525342885024,
        "rawEndTime": 1525342885663
    },
    {
        "transactionName": "Cognos_Dev_1002AllOpenMNTNC_Logout",
        "rawStartTime": 1525342885781,
        "rawEndTime": 1525342886221
    }
]