<?xml version="1.0" encoding="UTF-8" ?>
<server_response csrftoken="cigf0i1bef9vfuj5hu8qrfev5h">
	<component id="mx2971_holder"><![CDATA[<script>
		var el = document.getElementById("mx2971");
		if(el)
		{
			el.style.display="";
		}
	</script>]]></component>

		


		<component id="mx2979_holder"><![CDATA[<script>
		        addLoadMethod("addLongOpTimeout('dolongopcheck()',3000);");
		</script>]]></component>	
	
		<component id="mx2984_holder"><![CDATA[<script>
		addLoadMethod("updateDisplay('mx2984','none')");
		</script>]]></component>

		<finalscript><![CDATA[
			makeDialogScroll('mx2977','longopwait',-1);
		]]></finalscript>
<deferredscript><![CDATA[focusItem('changestatus_2_1-pushbutton_pushbutton',true);scrollScreen('1','0');resetLogoutTimer(true);if(tpaeConfig.validationOn) {setButtonEnabled(saveButton,true)};]]></deferredscript></server_response>