<?xml version="1.0" encoding="UTF-8" ?>
<server_response csrftoken="48l0rj1i5tuo54rq9mtv1osq99">
<component id="mx28_holder" role="alert" ><![CDATA[
		<script>
	
			// IV37703 - Titlebar message not displaying for full timeout
			//addLoadMethod("showMessage(0, 'BMXAA4591I - Status change(s) completed successfully.', false);");
			addLoadMethod("showMessage(0, \"BMXAA4591I - Status change(s) completed successfully.\", false);");  // RTC defect # 92784
	
		</script>
	]]></component>	<component id="mx900_holder"><![CDATA[<script>
		var el = document.getElementById("mx900");
		if(el)
		{
			el.style.display="";
		}
	</script>]]></component>
<component vis="true" id="mx899_holder" compid="mx899"><![CDATA[<a  href="javascript: void(0);" ctype="toggleimage" ev="true" tabindex="0"  compid="mx899"  title="Minimize Section"><img id="mx899"  aria-disabled="true" aria-hidden="true"  tabindex="-1" border="0" class="ti   " src="../webclient/skins-20170809-1350/tivoli09/images/minimize.gif" source="minimize.gif" imgtype="" ev="true" align="top" style="display:block;margin:0px;"  alt="Minimize Section"  /></a>
]]></component>
<component vis="true" id="mx1067_holder" compid="mx1067"><![CDATA[<input  aria-readonly="true"  role="textbox"  id="mx1067" class="fld text   fld fld_ro"     ctype="textbox"   li="mx1068"     maxlength="16" style=";width:75.0px;"   async='1'  ae="setvalue"  tabindex="-1" readonly="readonly" type="text" title="Status: DISPATCH" value="DISPATCH" ov="DISPATCH" work="1" fldInfo='{&quot;length&quot;:&quot;16&quot;,&quot;inttype&quot;:&quot;1&quot;,&quot;required&quot;:true}'/>]]></component>
	<compvalue id="mx1067"><![CDATA[DISPATCH]]></compvalue>
<component vis="true" id="mx1075_holder" compid="mx1075"><![CDATA[<script>
		dojo.require('layers.mbs.calendar');
		dojo.require('dojo.date.locale');
			dojo.require('ibm.tivoli.mbs.dijit.DateTimeCalendar');
	</script><input  aria-readonly="true"  role="textbox"  id="mx1075" class="fld text   fld fld_ro"     ctype="textbox"   li="mx1076"      style=";width:127.5px;" df="1"  async='1' PopupType="ibm.tivoli.mbs.dijit.DateTimeCalendar" constraints="{datePattern:'dd/MM/yyyy', timePattern:'HH:mm:ss',locale:'en-gb',visibleRange: 'T03:30:00'}" datePackage="" lang="en-gb" lng="en" dojoValue='1526735038000' ae="setvalue"  tabindex="-1" readonly="readonly" type="text" title="Status Date: 19/05/2018 14:03:58" value="" work="1" fldInfo='{&quot;length&quot;:&quot;10&quot;,&quot;inttype&quot;:&quot;4&quot;,&quot;required&quot;:true}'/>	<script type="text/javascript">
		dojo.require("ibm.tivoli.mbs.html");
		formatCalendar('mx1075',ibm.tivoli.mbs.html.decodeEntities('19/05/2018 14:03:58'));
	</script>
]]></component>
	<compvalue id="mx1075"><![CDATA[19/05/2018 14:03:58]]></compvalue>
	<component id="mx1123_holder"><![CDATA[<script>
		var el = document.getElementById("mx1123");
		if(el)
		{
			el.style.display="";
		}
	</script>]]></component>
	<component id="mx1267_holder"><![CDATA[<script>
		var el = document.getElementById("mx1267");
		if(el)
		{
			el.style.display="";
		}
	</script>]]></component>
	<component id="mx1324_holder"><![CDATA[<script>
		var el = document.getElementById("mx1324");
		if(el)
		{
			el.style.display="";
		}
	</script>]]></component>
	<component id="mx1420_holder"><![CDATA[<script>
		var el = document.getElementById("mx1420");
		if(el)
		{
			el.style.display="";
		}
	</script>]]></component>
	<component id="mx1544_holder"><![CDATA[<script>
		var el = document.getElementById("mx1544");
		if(el)
		{
			el.style.display="";
		}
	</script>]]></component>
<component vis="true" id="mx1762_holder" compid="mx1762" replacemethod="NONE"><![CDATA[
			<script>
			cancelTimerCalls();
			cancelQueryTimeout();
			dialogCount--;
			showObjs();
			var dialogToRemove=getElement("mx1762_inner");
			if(dialogToRemove)
			{
				removePageAutoFill("2");
				dialogTD=dialogToRemove.parentNode;
				dialogRow=dialogTD.parentNode;
				dialogRow.deleteCell(dialogTD.cellIndex);
				removeModalWaitLayer();
			}
			</script>
		]]></component>

<component vis="true" id="mx1630_holder" compid="mx1630" replacemethod="NONE"><![CDATA[<script pre='true'>publishMessage({"channel":"widgetCleanup","message":["mx1638","mx1654","mx1685"]});</script>
			<script>
			cancelTimerCalls();
			cancelQueryTimeout();
			dialogCount--;
			showObjs();
			var dialogToRemove=getElement("mx1630_inner");
			if(dialogToRemove)
			{
				removePageAutoFill("1");
				dialogTD=dialogToRemove.parentNode;
				dialogRow=dialogTD.parentNode;
				dialogRow.deleteCell(dialogTD.cellIndex);
				removeModalWaitLayer();
			}
			</script>
		]]></component>


<deferredscript><![CDATA[focusItem('mx930',true);resetLogoutTimer(true);if(tpaeConfig.validationOn) {setButtonEnabled(saveButton,false)};]]></deferredscript></server_response>