<?xml version="1.0" encoding="UTF-8" ?>
<server_response csrftoken="48l0rj1i5tuo54rq9mtv1osq99">
<!-- Begin of the DIALOG -->
<component vis="true" id="mx1978_holder" compid="mx1978" replacemethod="addDialog"><![CDATA[			<div id='mx1978_inner_dialogwait'  class='wait'>&nbsp;</div>
				<table id="mx1978_inner"  role="dialog" aria-labelledby="mx1967" positionAtTop="false" positionX="" positionY="" modal="true" width="200" height="50" class="dsc1 mc modal" border="0" defaultbutton="" control="true" onmousedown='hideAllMenus();'onkeypress="if(hasKeyCode(event,'KEYCODE_ESC')) {sendEvent('dialogcancel','mx1978', null, null); }"ondragstart='return false;' ondblclick="toggleMinimize('mx1978')"  style="visibility:hidden;" cellpadding="0px" cellspacing="0px">
			<tr id="mx1978_content0" aria-live="polite"   style="" valign="top">
				<td id="mx1978_inner_content"  valign="BOTTOM"  style="padding:0px; %>">
<img tabindex="0" alt="" id="lookup_valuelist_first" alt="" onfocus="moveable_onfocus(this);" src="../webclient/skins-20170809-1350/tivoli09/images/blank.gif" width="1" height="1" style="display:inline;margin:0px" firstbuttonid="first"/><table id="mx1972"  width="100%" style="margin:0px;" class="" role="presentation">
			<tr>
				<td id="mx1972_middle"  class="dh mh dhb  " valign="middle" align="left" width="*">
					<table role="presentation" class="" width="100%">
						<tr>
							<td valign="center" align="left" style="padding:0px;white-space:nowrap;" class="dh mh">
								<table role="presentation"  width="100%">
									<tr>
					<td id="mx1972_header_0"  align="left" class="dhbsh" valign="middle" style="padding:0px;white-space:nowrap;" width:100%;></td>
					<td id="mx1972_header_1"  align="left" class="dhbsh" valign="middle" style="padding:0px;white-space:nowrap;" width:100%;><div aria-live="polite" id="mx1967_holder" class="bc"><h1 labelledby="mx1967" style="display:inline" title="Select Value"><label ctype="label"  id="mx1967"    noclick="1"   targetid="mx1967"    class="text dh mh  " style="display:block;padding-left:2px;padding-top:2px;;;;;" title="Select Value">Select Value</label></h1></div></td>
					<td id="mx1972_header_2"   class="dhbsh" valign="middle" style="padding:0px;white-space:nowrap;" width="100%"><div aria-live="polite" id="mx1968_holder" class="bc">	<div id="mx1968" name="mx1968" class="ts dh mh  "  >&nbsp;</div>
</div></td>
					<td id="mx1972_header_3"  align="right" class="dhbsh" valign="middle" style="padding:0px;white-space:nowrap;" width="100%"></td>
					<td id="mx1972_header_4"  align="right" class="dhbsh" valign="middle" style="padding:0px;white-space:nowrap;" width="100%"></td>
					<td id="mx1972_header_5"  align="right" class="dhbsh" valign="middle" style="padding:0px;white-space:nowrap;" width="100%"></td>
								</tr>
								</table>
							</td>
						</tr>
					</table>
				</td>
			</tr>
		</table></td>
			</tr>
			<tr id="mx1978_content1" aria-live="polite"   style="" valign="top">
				<td id="mx1978_inner_content"  valign="BOTTOM"  style="padding:0px; %>">
<table role="presentation" id="mx1977"  class="dialogb" width="100%" style="position:relative;top:0px;margin:0px;" height="100%" ondblclick="cancelEvent(event);">
	<tr>
		<td class="  " style=";padding:0px;" align="">

		<table role="presentation" width="100%"  height="*" ondblclick="cancelEvent(event);">
	<tr>
		<td class="    dss" align="center">
	<div aria-live="polite" id="dialogmessage_holder" class="bc"><label ctype="label"  id="dialogmessage"    noclick="1"   targetid="dialogmessage"  role='alert'    class="text label  label  text  dum" style="display:block;padding-left:2px;padding-top:2px;;;;;" title="">&nbsp;</label></div>
		</td>
	</tr>
</table>
<table role="presentation" width="100%"  height="*" ondblclick="cancelEvent(event);">
	<tr>
		<td class="db    dss" align="">
	
			<div id="lookup_valuelist_bodydiv" class="dbDiv"  onscroll='hideAllMenusNF()'>
	
			<table role="presentation" cellspacing="2" width="100%">
							<tr   control="true" id="mx2021_0"    style="vertical-align:top;">
				<td    nowrap="nowrap"  id="mx2020_0"     valign="top" style="vertical-align:top;">
	<!-- BEGIN Tableouter -->
	<div nowrap id="mx2019_holder" class="tableouter"  style="display:inline;background-color: inherit !important">
	
		<table role="presentation" id="mx2019"  valign="top" summary="" class="  " style="width:100%;border-collapse: collapse;">
				<tr   control="true" id="mx2018_0"    style="vertical-align:top;">
		<td id="mx2002" class="hbouter"  style="padding:0px;;white-space:nowrap;" onkeydown="tableHotkey(event, this);" role="presentation">
			<table cellspacing="0" cellpadding="0" style="width:100%;" class="" role="presentation">
				<tr>
						<td class="h_l"></td>
					<td id="mx2002_header_0"  align="left" class="hb thb   hbsh" valign="middle" style="padding:0px;white-space:nowrap;" width:100%;><div aria-live="polite" id="mx1980_holder" class="bc"></div></td>
					<td id="mx2002_header_1"   class="hb thb   hbsh" valign="middle" style="padding:0px;white-space:nowrap;" width:100%;><div aria-live="polite" id="mx1981_holder" class="bc"><img sf="1" aria-hidden="true" active="0" ctype="image" alt=""  src="../webclient/skins-20170809-1350/tivoli09/images/tablebtn_divider.gif" source="tablebtn_divider.gif" imgtype="" style="display:block;margin:0px" border="0"           id="mx1981" title=""/></div></td>
					<td id="mx2002_header_2"   class="hb thb   hbsh" valign="middle" style="padding:0px;white-space:nowrap;" width:100%;><div aria-live="polite" id="mx1982_holder" class="bc"><a  href="javascript: void(0);" ctype="toggleimage" ev="true" tabindex="0"  compid="mx1982"  title="Close Filter CTRL+Z"><img id="mx1982"  aria-disabled="true" aria-hidden="true"  tabindex="-1" border="0" class="ti   " src="../webclient/skins-20170809-1350/tivoli09/images/tablebtn_filter_on.gif" source="tablebtn_filter_on.gif" imgtype="" ev="true" align="top" style="display:block;margin:0px;"  alt="Close Filter CTRL+Z"  /></a>
</div></td>
					<td id="mx2002_header_3"  align="left" class="hb thb   hbsh" valign="middle" style="padding:0px;white-space:nowrap;" width:100%;><div aria-live="polite" id="mx1983_holder" class="bc"><span ctype="label"  id="mx1983"   tabindex="0"      targetid="mx1983"  mxevent="click"  class="text tht   anchor" style="display:block;padding-left:2px;padding-top:2px;;cursor:pointer;;;;" title="Filter">Filter</span></div></td>
					<td id="mx2002_header_4"   class="hb thb   hbsh" valign="middle" style="padding:0px;white-space:nowrap;" width:100%;><div aria-live="polite" id="mx1984_holder" class="bc"><img sf="1" aria-hidden="true" active="0" ctype="image" alt=""  src="../webclient/skins-20170809-1350/tivoli09/images/img_arrow_quickfilter.gif" source="img_arrow_quickfilter.gif" imgtype="" style="display:block;margin:0px" border="0"           id="mx1984" title=""/></div></td>
					<td id="mx2002_header_5"   class="hb thb   hbsh" valign="middle" style="padding:0px;white-space:nowrap;" width:100%;><div aria-live="polite" id="mx1985_holder" class="bc"><a  href="javascript: void(0);" ctype="toggleimage" ev="true" tabindex="0"  compid="mx1985"  title="Filter Table"><img id="mx1985"  aria-disabled="true" aria-hidden="true"  tabindex="-1" border="0" class="ti   " src="../webclient/skins-20170809-1350/tivoli09/images/qf_find.gif" source="qf_find.gif" imgtype="" ev="true" align="top" style="display:block;margin:0px;"  alt="Filter Table"  /></a>
</div></td>
					<td id="mx2002_header_6"   class="hb thb   hbsh" valign="middle" style="padding:0px;white-space:nowrap;" width:100%;><div aria-live="polite" id="mx1986_holder" class="bc"><img sf="1" aria-hidden="true" active="0" ctype="image" alt=""  src="../webclient/skins-20170809-1350/tivoli09/images/tablebtn_divider.gif" source="tablebtn_divider.gif" imgtype="" style="display:block;margin:0px" border="0"           id="mx1986" title=""/></div></td>
					<td id="mx2002_header_7"   class="hb thb   hbsh" valign="middle" style="padding:0px;white-space:nowrap;" width:100%;><div aria-live="polite" id="mx1987_holder" class="bc"><a ctype="toggleimage" ev="false" tabindex="-1" active="0" compid="mx1987"  title="" disabled="disabled"><img id="mx1987"  aria-disabled="true" aria-hidden="true"  tabindex="-1" border="0" class="ti   opacity_30" src="../webclient/skins-20170809-1350/tivoli09/images/qf_clear_disabled.gif" source="qf_clear_disabled.gif" imgtype="" ev="false" align="top" style="display:block;margin:0px;"  alt=""  /></a>
</div></td>
					<td id="mx2002_header_8"   class="hb thb   hbsh" valign="middle" style="padding:0px;white-space:nowrap;" width:100%;></td>
					<td id="mx2002_header_9"   class="hb thb   hbsh" valign="middle" style="padding:0px;white-space:nowrap;" width:100%;></td>
					<td id="mx2002_header_10"   class="hb thb   hbsh" valign="middle" style="padding:0px;white-space:nowrap;" width:100%;><div aria-live="polite" id="mx1990_holder" class="bc"><img sf="1" aria-hidden="true" active="0" ctype="image" alt=""  src="../webclient/skins-20170809-1350/tivoli09/images/tablebtn_divider.gif" source="tablebtn_divider.gif" imgtype="" style="display:block;margin:0px" border="0"           id="mx1990" title=""/></div></td>
					<td id="mx2002_header_11"   class="hb thb   hbsh" valign="middle" style="padding:0px;white-space:nowrap;" width:100%;><div aria-live="polite" id="mx1991_holder" class="bc"><a ctype="toggleimage" ev="false" tabindex="-1" active="0" compid="mx1991"  title="" disabled="disabled"><img id="mx1991"  aria-disabled="true" aria-hidden="true"  tabindex="-1" border="0" class="ti   opacity_30" src="../webclient/skins-20170809-1350/tivoli09/images/tablebtn_nextup_off.gif" source="tablebtn_nextup_off.gif" imgtype="" ev="false" align="top" style="display:block;margin:0px;"  alt=""  /></a>
</div></td>
					<td id="mx2002_header_12"   class="hb thb   hbsh" valign="middle" style="padding:0px;white-space:nowrap;" width:100%;><div aria-live="polite" id="mx1992_holder" class="bc"><img sf="1" aria-hidden="true" active="0" ctype="image" alt=""  src="../webclient/skins-20170809-1350/tivoli09/images/blank.gif" source="blank.gif" imgtype="" style="display:block;margin:0px" border="0"       width="7px" height="7px"   id="mx1992" title=""/></div></td>
					<td id="mx2002_header_13"   class="hb thb   hbsh" valign="middle" style="padding:0px;white-space:nowrap;" width:100%;><div aria-live="polite" id="mx1993_holder" class="bc"><a  href="javascript: void(0);" ctype="toggleimage" ev="true" tabindex="0"  compid="mx1993"  title="Next Row     [CTRL+Down Arrow]"><img id="mx1993"  aria-disabled="true" aria-hidden="true"  tabindex="-1" border="0" class="ti   " src="../webclient/skins-20170809-1350/tivoli09/images/tablebtn_nextdown_on.gif" source="tablebtn_nextdown_on.gif" imgtype="" ev="true" align="top" style="display:block;margin:0px;"  alt="Next Row     [CTRL+Down Arrow]"  /></a>
</div></td>
					<td id="mx2002_header_14"   class="hb thb   hbsh" valign="middle" style="padding:0px;white-space:nowrap;" width:100%;><div aria-live="polite" id="mx1994_holder" class="bc"><img sf="1" aria-hidden="true" active="0" ctype="image" alt=""  src="../webclient/skins-20170809-1350/tivoli09/images/tablebtn_divider.gif" source="tablebtn_divider.gif" imgtype="" style="display:block;margin:0px" border="0"           id="mx1994" title=""/></div></td>
					<td id="mx2002_header_15"   class="hb thb   hbsh" valign="middle" style="padding:0px;white-space:nowrap;" width:100%;><div aria-live="polite" id="mx1995_holder" class="bc"><a ctype="toggleimage" ev="false" tabindex="-1" active="0" compid="mx1995"  title="" disabled="disabled"><img id="mx1995"  aria-disabled="true" aria-hidden="true"  tabindex="-1" border="0" class="ti   opacity_30" src="../webclient/skins-20170809-1350/tivoli09/images/tablebtn_previous_off.gif" source="tablebtn_previous_off.gif" imgtype="" ev="false" align="top" style="display:block;margin:0px;"  alt=""  /></a>
</div></td>
					<td id="mx2002_header_16"  align="left" class="hb thb   hbsh" valign="middle" style="padding:0px;white-space:nowrap;" width:100%;><div aria-live="polite" id="mx1996_holder" class="bc"><label ctype="label"  id="mx1996"    noclick="1"   targetid="mx1996"    class="text tht  " style="display:block;padding-left:2px;padding-top:2px;;;;;" title="1 - 2 of 2">1 - 2 of 2</label></div></td>
					<td id="mx2002_header_17"   class="hb thb   hbsh" valign="middle" style="padding:0px;white-space:nowrap;" width:100%;><div aria-live="polite" id="mx1997_holder" class="bc"><a ctype="toggleimage" ev="false" tabindex="-1" active="0" compid="mx1997"  title="" disabled="disabled"><img id="mx1997"  aria-disabled="true" aria-hidden="true"  tabindex="-1" border="0" class="ti   opacity_30" src="../webclient/skins-20170809-1350/tivoli09/images/tablebtn_next_off.gif" source="tablebtn_next_off.gif" imgtype="" ev="false" align="top" style="display:block;margin:0px;"  alt=""  /></a>
</div></td>
					<td id="mx2002_header_18"   class="hb thb   hbsh" valign="middle" style="padding:0px;white-space:nowrap;" width="100%"><div aria-live="polite" id="mx1998_holder" class="bc">	<div id="mx1998" name="mx1998" class="text ts  ts  "  >&nbsp;</div>
</div></td>
					<td id="mx2002_header_19"  align="left" class="hb thb   hbsh" valign="middle" style="padding:0px;white-space:nowrap;" width="100%"><div aria-live="polite" id="mx1999_holder" class="bc"><a ctype="label"  id="mx1999"  href="http://porud755/maximo/ui/1526735214070?_tbldnld=valuelist&amp;uisessionid=162&amp;csrftoken=48l0rj1i5tuo54rq9mtv1osq99" onmouseover="return noStatus();" target="_blank"  noclick="1"   targetid="mx1999"    class="text tht  " style="display:block;;;;;" title="Download"><img id='mx1999_image' src='../webclient/skins-20170809-1350/tivoli09/images/tablebtn_download.gif'  border='0' alt="Download" style='vertical-align:top;margin:0px;margin-left:3px;margin-right:3px;'/><span>Download</span></a></div></td>
					<td id="mx2002_header_20"   class="hb thb   hbsh" valign="middle" style="padding:0px;white-space:nowrap;" width="100%"><div aria-live="polite" id="mx2000_holder" class="bc"><img sf="1" aria-hidden="true" active="0" ctype="image" alt=""  src="../webclient/skins-20170809-1350/tivoli09/images/tablebtn_divider.gif" source="tablebtn_divider.gif" imgtype="" style="display:block;margin:0px" border="0"           id="mx2000" title=""/></div></td>
					<td id="mx2002_header_21"   class="hb thb   hbsh" valign="middle" style="padding:0px;white-space:nowrap;" width="100%"><div aria-live="polite" id="mx2001_holder" class="bc"><a  href="javascript: void(0);" ctype="toggleimage" ev="true" tabindex="0"  compid="mx2001"  title="Hide Table: {0}"><img id="mx2001"  aria-disabled="true" aria-hidden="true"  tabindex="-1" border="0" class="ti   " src="../webclient/skins-20170809-1350/tivoli09/images/minimize.gif" source="minimize.gif" imgtype="" ev="true" align="top" style="display:block;margin:0px;"  alt="Hide Table: {0}"  /></a>
</div></td>
					<td class="h_r"></td>
				</tr>
			</table>
		</td>
				</tr>
				<tr   control="true" id="mx2018_1"    style="vertical-align:top;">
				</tr>
				<tr   control="true" id="mx2018_2"    style="vertical-align:top;">
				<td    nowrap="nowrap"  id="mx2012_0"     valign="top" style="vertical-align:top;"><table role="presentation" control="true" id="mx2011"   width="100%"  class="table  " summary="" onkeydown="tableHotkey(event, this);" style="width:100%;;;vertical-align:top">				<tr   control="true" id="mx2027_0"    style="vertical-align:top;">
				<td    nowrap="nowrap"  id="mx2026_0"   class="tbod " valign="top" style="vertical-align:top;"><div id="mx2025_bodyholder" >
				<div id="mx2025_bodyholder1"  style="width:100%;">
					<table role="grid" id="mx2025" rownum="0" aria-labelledby="mx1980" rowsperpage="20" displayrows="2"  valign="top" summary=""  style="" class="tbod  ">
						<tr>
							<th id="valuelist_lookup_tablebody_rowholder" colspan="200" style='display:none'></th>
						</tr>
	<tr aria-invalid="true" role="row" id="mx2041"    class="ttitr   treven" style="display:;">
	<th id="errtitle"></th>	<th role="columnheader" control="true" id="mx2060"    onclick="" style="; " currentrow="false" class="tc    cursor_hand"   ><table role="presentation" id="mx2060_inner" style="display:inline; " >
			<tr>
					<td    nowrap="nowrap"  id="mx2059_0"     valign="top" style="vertical-align:top;"><table role="presentation" control="true" id="mx2058"   width="100%"  class="  " summary=""  style="width:100%;;;vertical-align:top">				<tr   control="true" id="mx2067_0"    style="vertical-align:top;">
				<td    nowrap="nowrap"  id="mx2066_0"     valign="top" style="vertical-align:top;"><div aria-live="polite" id="mx2062_holder" class="bc"><span ctype="sortlabel"  id="mx2062"   tabindex="0"    ev="0"  targetid="mx2062"  mxevent="click"  class="text hcns   anchor" style="padding:0px;padding-left:1px;margin:0px;;cursor:pointer;;;;" title="Value">Value</span></div><div aria-live="polite" id="mx2063_holder" class="bc"><img id="mx2063"  tabindex="-1" border="0" src="../webclient/skins-20170809-1350/tivoli09/images/col_sort_asc.gif" aria-live="polite" alt="Sort Ascending" width="11" height="11" align="absmiddle" style="margin:0px;"  />
</div></td>
				</tr>
</table>
</td>
		
				</tr>
			</table></th>
		<th role="columnheader" control="true" id="mx2071"    onclick="" style="; " currentrow="false" class="tc    cursor_hand"   ><table role="presentation" id="mx2071_inner" style="display:inline; " >
			<tr>
					<td    nowrap="nowrap"  id="mx2070_0"     valign="top" style="vertical-align:top;"><table role="presentation" control="true" id="mx2069"   width="100%"  class="  " summary=""  style="width:100%;;;vertical-align:top">				<tr   control="true" id="mx2078_0"    style="vertical-align:top;">
				<td    nowrap="nowrap"  id="mx2077_0"     valign="top" style="vertical-align:top;"><div aria-live="polite" id="mx2073_holder" class="bc"><span ctype="sortlabel"  id="mx2073"   tabindex="0"    ev="1"  targetid="mx2073"  mxevent="click"  class="text hcns   anchor" style="padding:0px;padding-left:1px;margin:0px;;cursor:pointer;;;;" title="Description">Description</span></div><div aria-live="polite" id="mx2074_holder" class="bc"><img id="mx2074"  tabindex="-1" border="0" src="../webclient/skins-20170809-1350/tivoli09/images/blank.gif" aria-live="polite" alt="Default Sort" width="0" height="11" align="absmiddle" style="margin:0px;"  />
</div></td>
				</tr>
</table>
</td>
		
				</tr>
			</table></th>
	
	</tr>

	<tr aria-invalid="true" role="row" id="mx2044"  onkeyup="if(tableRowEnterKeyFlag==1 && event.keyCode==KEYCODE_ENTER){sendEvent('filterrows','mx2044','');cancelEvent(event);}" onkeydown="if(event.keyCode == KEYCODE_ENTER) tableRowEnterKeyFlag=1; else tableRowEnterKeyFlag=0;" class="tfr   trodd" style="display:;">
	<td headers="errtitle"></td>	<td role="gridcell" control="true" id="mx2082"    onclick="" style="; " currentrow="false" class="tc    cursor_hand" headers="mx2060"  ><table role="presentation" id="mx2082_inner" style="display:inline; " >
			<tr>
					<td    nowrap="nowrap"  id="mx2081_0"     valign="top" style="vertical-align:top;"><table role="presentation" control="true" id="mx2080"   width="100%"  class="  " summary=""  style="width:100%;;;vertical-align:top">				<tr   control="true" id="mx2090_0"    style="vertical-align:top;">
				<td    nowrap="nowrap"  id="mx2089_0"  align="right"   valign="middle" style="vertical-align:middle;"></td>
				<td    nowrap="nowrap"  id="mx2089_1"     valign="middle" style="vertical-align:middle;"><div aria-live="polite" id="mx2086_holder" class="bc"><input   role="textbox"  id="mx2086" class="fld text tablefilterfield  tt queryField"     ctype="textbox"   li="mx2087"      style=";width:300.0px;"  ontr='true' async='1'  ae="setvalue"    type="text" title="Value filter" value="" ov="" fldInfo='{&quot;query&quot;:true,&quot;eventpriority&quot;:1}'/></div><div aria-live="polite" id="mx2087_holder" class="bc"><img sf="1" aria-hidden="true" active="0" ctype="image" alt=""  src="../webclient/skins-20170809-1350/tivoli09/images/blank.gif" source="blank" imgtype=".gif" style="display:inline;margin:0px;" border="0"  lc="mx2086"    align="absmiddle" width='0px' height='26px'   id="mx2087" title=""/></div></td>
				</tr>
</table>
</td>
		
				</tr>
			</table></td>
		<td role="gridcell" control="true" id="mx2094"    onclick="" style="; " currentrow="false" class="tc    cursor_hand" headers="mx2071"  ><table role="presentation" id="mx2094_inner" style="display:inline; " >
			<tr>
					<td    nowrap="nowrap"  id="mx2093_0"     valign="top" style="vertical-align:top;"><table role="presentation" control="true" id="mx2092"   width="100%"  class="  " summary=""  style="width:100%;;;vertical-align:top">				<tr   control="true" id="mx2102_0"    style="vertical-align:top;">
				<td    nowrap="nowrap"  id="mx2101_0"  align="right"   valign="middle" style="vertical-align:middle;"></td>
				<td    nowrap="nowrap"  id="mx2101_1"     valign="middle" style="vertical-align:middle;"><div aria-live="polite" id="mx2098_holder" class="bc"><input   role="textbox"  id="mx2098" class="fld text tablefilterfield  tt queryField"     ctype="textbox"   li="mx2099"      style=";width:300.0px;"  ontr='true' async='1'  ae="setvalue"    type="text" title="Description filter" value="" ov="" fldInfo='{&quot;query&quot;:true}'/></div><div aria-live="polite" id="mx2099_holder" class="bc"><img sf="1" aria-hidden="true" active="0" ctype="image" alt=""  src="../webclient/skins-20170809-1350/tivoli09/images/blank.gif" source="blank" imgtype=".gif" style="display:inline;margin:0px;" border="0"  lc="mx2098"    align="absmiddle" width='0px' height='26px'   id="mx2099" title=""/></div></td>
				</tr>
</table>
</td>
		
				</tr>
			</table></td>
	
	</tr>

	<tr aria-invalid="true" role="row" id="mx2047"    class="nrm   treven" aria-hidden="true"  style="display:none;">
	<td headers="errtitle"></td>
	</tr>

	<tr aria-invalid="true" role="row" id="mx2050[R:0]"  current="true"   class="tablerow   tcr trodd" style="display:;">
	<td headers="errtitle"><img id='mx2050[R:0]_er_img' src='../webclient/skins-20170809-1350/tivoli09/images/blank.gif' style='display:none' class='tablerow_blank_icon' title="" alt=""/></td>	<td role="gridcell" control="true" id="mx2114[R:0]"    onmouseover="appendClass(this.parentNode,'trh')" onmouseout="removeClass(this.parentNode,'trh')" onclick="tcClick(event,'mx2114[R:0]')" style="; width:;" currentrow="true" class="tc hl   cursor_hand" headers="mx2060"  ><table role="presentation" id="mx2114[R:0]_inner" style="display:inline; " >
			<tr>
					<td    nowrap="nowrap"  id="mx2113[R:0]_0"     valign="top" style="vertical-align:top;"><table role="presentation" control="true" id="mx2112[R:0]"   width="100%"  class="  " summary=""  style="width:100%;;;vertical-align:top">				<tr   control="true" id="mx2118[R:0]_0"    style="vertical-align:top;">
				<td    nowrap="nowrap"  id="mx2117[R:0]_0"  align="left"   valign="top" style="vertical-align:top;"><div aria-live="polite" id="mx2116[R:0]_holder" class="bc"><span ctype="label"  id="mx2116[R:0]"   tabindex="0"      targetid="mx2116[R:0]"  mxevent="click"  class="text txtbold text label  label   anchor" style="padding:0px;padding-left:1px;margin:0px;;cursor:pointer;;;;" title="NO">NO</span></div></td>
				</tr>
</table>
</td>
		
				</tr>
			</table></td>
		<td role="gridcell" control="true" id="mx2122[R:0]"    onmouseover="appendClass(this.parentNode,'trh')" onmouseout="removeClass(this.parentNode,'trh')" onclick="tcClick(event,'mx2122[R:0]')" style="; width:;" currentrow="true" class="tc hl   cursor_hand" headers="mx2071"  ><table role="presentation" id="mx2122[R:0]_inner" style="display:inline; " >
			<tr>
					<td    nowrap="nowrap"  id="mx2121[R:0]_0"     valign="top" style="vertical-align:top;"><table role="presentation" control="true" id="mx2120[R:0]"   width="100%"  class="  " summary=""  style="width:100%;;;vertical-align:top">				<tr   control="true" id="mx2126[R:0]_0"    style="vertical-align:top;">
				<td    nowrap="nowrap"  id="mx2125[R:0]_0"  align="left"   valign="top" style="vertical-align:top;"><div aria-live="polite" id="mx2124[R:0]_holder" class="bc"><span ctype="label"  id="mx2124[R:0]"   tabindex="0"      targetid="mx2124[R:0]"  mxevent="click"  class="text txtbold text label  label   anchor" style="padding:0px;padding-left:1px;margin:0px;;cursor:pointer;;;;" title="NO">NO</span></div></td>
				</tr>
</table>
</td>
		
				</tr>
			</table></td>
	
	</tr>

	<tr aria-invalid="true" role="row" id="mx2050[R:1]"    class="tablerow   treven" style="display:;">
	<td headers="errtitle"><img id='mx2050[R:1]_er_img' src='../webclient/skins-20170809-1350/tivoli09/images/blank.gif' style='display:none' class='tablerow_blank_icon' title="" alt=""/></td>	<td role="gridcell" control="true" id="mx2114[R:1]"    onmouseover="appendClass(this.parentNode,'trh')" onmouseout="removeClass(this.parentNode,'trh')" onclick="tcClick(event,'mx2114[R:1]')" style="; width:;" currentrow="false" class="tc hl   cursor_hand" headers="mx2060"  ><table role="presentation" id="mx2114[R:1]_inner" style="display:inline; " >
			<tr>
					<td    nowrap="nowrap"  id="mx2113[R:1]_0"     valign="top" style="vertical-align:top;"><table role="presentation" control="true" id="mx2112[R:1]"   width="100%"  class="  " summary=""  style="width:100%;;;vertical-align:top">				<tr   control="true" id="mx2118[R:1]_0"    style="vertical-align:top;">
				<td    nowrap="nowrap"  id="mx2117[R:1]_0"  align="left"   valign="top" style="vertical-align:top;"><div aria-live="polite" id="mx2116[R:1]_holder" class="bc"><span ctype="label"  id="mx2116[R:1]"   tabindex="0"      targetid="mx2116[R:1]"  mxevent="click"  class="text label  label   anchor" style="padding:0px;padding-left:1px;margin:0px;;cursor:pointer;;;;" title="YES">YES</span></div></td>
				</tr>
</table>
</td>
		
				</tr>
			</table></td>
		<td role="gridcell" control="true" id="mx2122[R:1]"    onmouseover="appendClass(this.parentNode,'trh')" onmouseout="removeClass(this.parentNode,'trh')" onclick="tcClick(event,'mx2122[R:1]')" style="; width:;" currentrow="false" class="tc hl   cursor_hand" headers="mx2071"  ><table role="presentation" id="mx2122[R:1]_inner" style="display:inline; " >
			<tr>
					<td    nowrap="nowrap"  id="mx2121[R:1]_0"     valign="top" style="vertical-align:top;"><table role="presentation" control="true" id="mx2120[R:1]"   width="100%"  class="  " summary=""  style="width:100%;;;vertical-align:top">				<tr   control="true" id="mx2126[R:1]_0"    style="vertical-align:top;">
				<td    nowrap="nowrap"  id="mx2125[R:1]_0"  align="left"   valign="top" style="vertical-align:top;"><div aria-live="polite" id="mx2124[R:1]_holder" class="bc"><span ctype="label"  id="mx2124[R:1]"   tabindex="0"      targetid="mx2124[R:1]"  mxevent="click"  class="text label  label   anchor" style="padding:0px;padding-left:1px;margin:0px;;cursor:pointer;;;;" title="YES">YES</span></div></td>
				</tr>
</table>
</td>
		
				</tr>
			</table></td>
	
	</tr>

	<tr aria-invalid="true" role="row" id="mx2056"    class="tablerow   troddtsr" aria-hidden="true"  style="display:none;">
					<td role='gridcell'    colspan='100' nowrap="nowrap"  id="mx2055_0"  align="left" class="tsrs " valign="middle" style="vertical-align:middle;"><div aria-live="polite" id="mx2054_holder" class="bc"><a  href="javascript: void(0);" ctype="toggleimage" ev="false" tabindex="0"  compid="mx2054"  title="Select Specific Records"><img id="mx2054"  aria-disabled="true" aria-hidden="true"  tabindex="-1" border="0" class="ti toggleselectcheckbox  " src="../webclient/skins-20170809-1350/tivoli09/images/table_cb_unchecked.gif" source="table_cb_unchecked" imgtype=".gif" ev="false" align="top" style="display:inline;margin:0px;"  alt="Select Specific Records"  /></a>
		&nbsp;<span id="mx2054_label"  class="text">Select Records</span>
</div></td>

	</tr>

						</table>
					</div>
				</div></td>
				</tr>
</table>
</td>
				</tr>
				<tr   control="true" id="mx2018_3"    style="vertical-align:top;">
				</tr>
		</table>
	
	</div>
<!-- END Tableouter -->
</td>
				</tr>

			</table>
			
			</div>
	
		</td>
	</tr>
</table>
<table role="presentation" width="100%" class="dbottom" height="*" ondblclick="cancelEvent(event);">
	<tr>
		<td class="    dss" align="right">
	
			<table role="presentation" cellspacing="2" width="100%">
							<tr   control="true" id="mx2036_0"    style="vertical-align:top;">

<td colspan="7" height="0" align="right" id="mx2035"  style=";white-space: nowrap;" class="invisbuttongroup">
	<div style="width:100%;;">
		<table id="mx2035_table"  summary="" role="group">
			<tr>
			<td align="right" style="white-space: nowrap;">
<div aria-live="polite" id="mx2038_holder" class="bc">
		<button ctype="pushbutton"      control="true" id="mx2038"  class="text pb default"  style="">Cancel</button></div>			</td>
			</tr>
		</table>
	</div>
</td>
				</tr>

			</table>
			
		</td>
	</tr>
</table>

		</td>
	</tr>
</table>

<img tabindex="0" labelid="mx1967" alt="" id="lookup_valuelist_last" onfocus="moveable_onfocus(this);" src="../webclient/skins-20170809-1350/tivoli09/images/blank.gif" width="1" height="1" lastbuttonid="mx2038"></td>
			</tr>
		</table>
		<script>
			window.setTimeout("_initDialog('mx1978','lookup_valuelist',-1,true)", 50);
		</script>
]]></component>

<deferredscript><![CDATA[scrollScreen('0','0');focusItem('mx2086',true);resetLogoutTimer(true);if(tpaeConfig.validationOn) {setButtonEnabled(saveButton,false)};]]></deferredscript></server_response>