<?xml version="1.0" encoding="UTF-8" ?>
<server_response csrftoken="48l0rj1i5tuo54rq9mtv1osq99">
	<component id="mx900_holder"><![CDATA[<script>
		var el = document.getElementById("mx900");
		if(el)
		{
			el.style.display="";
		}
	</script>]]></component>
	<component id="mx1123_holder"><![CDATA[<script>
		var el = document.getElementById("mx1123");
		if(el)
		{
			el.style.display="";
		}
	</script>]]></component>
	<component id="mx1267_holder"><![CDATA[<script>
		var el = document.getElementById("mx1267");
		if(el)
		{
			el.style.display="";
		}
	</script>]]></component>
	<component id="mx1324_holder"><![CDATA[<script>
		var el = document.getElementById("mx1324");
		if(el)
		{
			el.style.display="";
		}
	</script>]]></component>
	<component id="mx1420_holder"><![CDATA[<script>
		var el = document.getElementById("mx1420");
		if(el)
		{
			el.style.display="";
		}
	</script>]]></component>
<component vis="true" id="mx1473_holder" compid="mx1473"><![CDATA[<input   role="textbox"  id="mx1473" class="fld text  "     ctype="textbox"   li="mx1474"     maxlength="3" style=";width:75.0px;"   async='1'  ae="setvalue"    type="text" title="Work Order Programmed: YES" value="YES" ov="YES" work="1" fldInfo='{&quot;length&quot;:&quot;3&quot;,&quot;inttype&quot;:&quot;0&quot;,&quot;lookup&quot;:&quot;valuelist&quot;,&quot;eventpriority&quot;:2}'/>]]></component>
	<compvalue id="mx1473"><![CDATA[YES]]></compvalue>
<component vis="true" id="mx1479_holder" compid="mx1479"><![CDATA[<label ctype="label"  id="mx1479"    noclick="1"   targetid="mx1479"    class="text label  label  " style="display:block;padding-left:2px;padding-top:2px;;;;;" for="mx1481" title="Programming Reason Category"><img class='required_label' width='8px' height='8px' align='absmiddle' border='0' src='../webclient/skins-20170809-1350/tivoli09/images/required_label.gif' alt=''/>Programming Reason Category:</label>]]></component>
<component vis="true" id="mx1480_holder" compid="mx1480"><![CDATA[<img id="mx1480" alt="required" align='absmiddle' src='../webclient/skins-20170809-1350/tivoli09/images/required.gif' style="" class="required "/>]]></component>
<component vis="true" id="mx1481_holder" compid="mx1481"><![CDATA[<input  aria-required="true"  role="textbox"  id="mx1481" class="fld text text  fld fld_req"     ctype="textbox"   li="mx1482"     maxlength="3" style=";width:75.0px;"   async='1'  ae="setvalue"    type="text" title="Programming Reason Category" value="" ov="" work="1" fldInfo='{&quot;length&quot;:&quot;3&quot;,&quot;inttype&quot;:&quot;0&quot;,&quot;lookup&quot;:&quot;VALUELIST&quot;,&quot;eventpriority&quot;:2,&quot;required&quot;:true}'/>]]></component>
	<compvalue id="mx1481"><![CDATA[]]></compvalue>
<component vis="true" id="mx1490_holder" compid="mx1490"><![CDATA[<label ctype="label"  id="mx1490"    noclick="1"   targetid="mx1490"    class="text label  label  " style="display:block;padding-left:2px;padding-top:2px;;;;;" for="mx1492" title="Programming Reason"><img class='required_label' width='8px' height='8px' align='absmiddle' border='0' src='../webclient/skins-20170809-1350/tivoli09/images/required_label.gif' alt=''/>Programming Reason:</label>]]></component>
<component vis="true" id="mx1491_holder" compid="mx1491"><![CDATA[<img id="mx1491" alt="required" align='absmiddle' src='../webclient/skins-20170809-1350/tivoli09/images/required.gif' style="" class="required "/>]]></component>
<component vis="true" id="mx1492_holder" compid="mx1492"><![CDATA[<input  aria-required="true"  role="textbox"  id="mx1492" class="fld text  fld fld_req"     ctype="textbox"   li="mx1493"     maxlength="300" style=";width:300.0px;"   async='1'  ae="setvalue"    type="text" title="Programming Reason" value="" ov="" work="1" fldInfo='{&quot;length&quot;:&quot;300&quot;,&quot;inttype&quot;:&quot;0&quot;,&quot;lookup&quot;:&quot;valuelist&quot;,&quot;eventpriority&quot;:2,&quot;required&quot;:true}'/>]]></component>
	<compvalue id="mx1492"><![CDATA[]]></compvalue>
	<component id="mx1544_holder"><![CDATA[<script>
		var el = document.getElementById("mx1544");
		if(el)
		{
			el.style.display="";
		}
	</script>]]></component>
<component vis="true" id="mx1978_holder" compid="mx1978" replacemethod="NONE"><![CDATA[
			<script>
			cancelTimerCalls();
			cancelQueryTimeout();
			dialogCount--;
			showObjs();
			var dialogToRemove=getElement("mx1978_inner");
			if(dialogToRemove)
			{
				removePageAutoFill("1");
				dialogTD=dialogToRemove.parentNode;
				dialogRow=dialogTD.parentNode;
				dialogRow.deleteCell(dialogTD.cellIndex);
				removeModalWaitLayer();
			}
			</script>
		]]></component>


<deferredscript><![CDATA[focusItem('mx1473',true);resetLogoutTimer(true);if(tpaeConfig.validationOn) {setButtonEnabled(saveButton,true)};]]></deferredscript></server_response>