<?xml version="1.0" encoding="UTF-8" ?>
<server_response csrftoken="48l0rj1i5tuo54rq9mtv1osq99">
<!-- Begin of the DIALOG -->
<component vis="true" id="mx2159_holder" compid="mx2159" replacemethod="addDialog"><![CDATA[			<div id='mx2159_inner_dialogwait'  class='wait'>&nbsp;</div>
				<table id="mx2159_inner"  role="dialog" aria-labelledby="mx2148" positionAtTop="false" positionX="" positionY="" modal="true" width="200" height="50" class="dsc1 mc modal" border="0" defaultbutton="" control="true" onmousedown='hideAllMenus();'onkeypress="if(hasKeyCode(event,'KEYCODE_ESC')) {sendEvent('dialogcancel','mx2159', null, null); }"ondragstart='return false;' ondblclick="toggleMinimize('mx2159')"  style="visibility:hidden;" cellpadding="0px" cellspacing="0px">
			<tr id="mx2159_content0" aria-live="polite"   style="" valign="top">
				<td id="mx2159_inner_content"  valign="BOTTOM"  style="padding:0px; %>">
<img tabindex="0" alt="" id="lookup_VALUELIST_first" alt="" onfocus="moveable_onfocus(this);" src="../webclient/skins-20170809-1350/tivoli09/images/blank.gif" width="1" height="1" style="display:inline;margin:0px" firstbuttonid="first"/><table id="mx2153"  width="100%" style="margin:0px;" class="" role="presentation">
			<tr>
				<td id="mx2153_middle"  class="dh mh dhb  " valign="middle" align="left" width="*">
					<table role="presentation" class="" width="100%">
						<tr>
							<td valign="center" align="left" style="padding:0px;white-space:nowrap;" class="dh mh">
								<table role="presentation"  width="100%">
									<tr>
					<td id="mx2153_header_0"  align="left" class="dhbsh" valign="middle" style="padding:0px;white-space:nowrap;" width:100%;></td>
					<td id="mx2153_header_1"  align="left" class="dhbsh" valign="middle" style="padding:0px;white-space:nowrap;" width:100%;><div aria-live="polite" id="mx2148_holder" class="bc"><h1 labelledby="mx2148" style="display:inline" title="Select Value"><label ctype="label"  id="mx2148"    noclick="1"   targetid="mx2148"    class="text dh mh  " style="display:block;padding-left:2px;padding-top:2px;;;;;" title="Select Value">Select Value</label></h1></div></td>
					<td id="mx2153_header_2"   class="dhbsh" valign="middle" style="padding:0px;white-space:nowrap;" width="100%"><div aria-live="polite" id="mx2149_holder" class="bc">	<div id="mx2149" name="mx2149" class="ts dh mh  "  >&nbsp;</div>
</div></td>
					<td id="mx2153_header_3"  align="right" class="dhbsh" valign="middle" style="padding:0px;white-space:nowrap;" width="100%"></td>
					<td id="mx2153_header_4"  align="right" class="dhbsh" valign="middle" style="padding:0px;white-space:nowrap;" width="100%"></td>
					<td id="mx2153_header_5"  align="right" class="dhbsh" valign="middle" style="padding:0px;white-space:nowrap;" width="100%"></td>
								</tr>
								</table>
							</td>
						</tr>
					</table>
				</td>
			</tr>
		</table></td>
			</tr>
			<tr id="mx2159_content1" aria-live="polite"   style="" valign="top">
				<td id="mx2159_inner_content"  valign="BOTTOM"  style="padding:0px; %>">
<table role="presentation" id="mx2158"  class="dialogb" width="100%" style="position:relative;top:0px;margin:0px;" height="100%" ondblclick="cancelEvent(event);">
	<tr>
		<td class="  " style=";padding:0px;" align="">

		<table role="presentation" width="100%"  height="*" ondblclick="cancelEvent(event);">
	<tr>
		<td class="    dss" align="center">
	<div aria-live="polite" id="dialogmessage_holder" class="bc"><label ctype="label"  id="dialogmessage"    noclick="1"   targetid="dialogmessage"  role='alert'    class="text label  label  text  dum" style="display:block;padding-left:2px;padding-top:2px;;;;;" title="">&nbsp;</label></div>
		</td>
	</tr>
</table>
<table role="presentation" width="100%"  height="*" ondblclick="cancelEvent(event);">
	<tr>
		<td class="db    dss" align="">
	
			<div id="lookup_VALUELIST_bodydiv" class="dbDiv"  onscroll='hideAllMenusNF()'>
	
			<table role="presentation" cellspacing="2" width="100%">
							<tr   control="true" id="mx2202_0"    style="vertical-align:top;">
				<td    nowrap="nowrap"  id="mx2201_0"     valign="top" style="vertical-align:top;">
	<!-- BEGIN Tableouter -->
	<div nowrap id="mx2200_holder" class="tableouter"  style="display:inline;background-color: inherit !important">
	
		<table role="presentation" id="mx2200"  valign="top" summary="" class="  " style="width:100%;border-collapse: collapse;">
				<tr   control="true" id="mx2199_0"    style="vertical-align:top;">
		<td id="mx2183" class="hbouter"  style="padding:0px;;white-space:nowrap;" onkeydown="tableHotkey(event, this);" role="presentation">
			<table cellspacing="0" cellpadding="0" style="width:100%;" class="" role="presentation">
				<tr>
						<td class="h_l"></td>
					<td id="mx2183_header_0"  align="left" class="hb thb   hbsh" valign="middle" style="padding:0px;white-space:nowrap;" width:100%;><div aria-live="polite" id="mx2161_holder" class="bc"></div></td>
					<td id="mx2183_header_1"   class="hb thb   hbsh" valign="middle" style="padding:0px;white-space:nowrap;" width:100%;><div aria-live="polite" id="mx2162_holder" class="bc"><img sf="1" aria-hidden="true" active="0" ctype="image" alt=""  src="../webclient/skins-20170809-1350/tivoli09/images/tablebtn_divider.gif" source="tablebtn_divider.gif" imgtype="" style="display:block;margin:0px" border="0"           id="mx2162" title=""/></div></td>
					<td id="mx2183_header_2"   class="hb thb   hbsh" valign="middle" style="padding:0px;white-space:nowrap;" width:100%;><div aria-live="polite" id="mx2163_holder" class="bc"><a  href="javascript: void(0);" ctype="toggleimage" ev="true" tabindex="0"  compid="mx2163"  title="Close Filter CTRL+Z"><img id="mx2163"  aria-disabled="true" aria-hidden="true"  tabindex="-1" border="0" class="ti   " src="../webclient/skins-20170809-1350/tivoli09/images/tablebtn_filter_on.gif" source="tablebtn_filter_on.gif" imgtype="" ev="true" align="top" style="display:block;margin:0px;"  alt="Close Filter CTRL+Z"  /></a>
</div></td>
					<td id="mx2183_header_3"  align="left" class="hb thb   hbsh" valign="middle" style="padding:0px;white-space:nowrap;" width:100%;><div aria-live="polite" id="mx2164_holder" class="bc"><span ctype="label"  id="mx2164"   tabindex="0"      targetid="mx2164"  mxevent="click"  class="text tht   anchor" style="display:block;padding-left:2px;padding-top:2px;;cursor:pointer;;;;" title="Filter">Filter</span></div></td>
					<td id="mx2183_header_4"   class="hb thb   hbsh" valign="middle" style="padding:0px;white-space:nowrap;" width:100%;><div aria-live="polite" id="mx2165_holder" class="bc"><img sf="1" aria-hidden="true" active="0" ctype="image" alt=""  src="../webclient/skins-20170809-1350/tivoli09/images/img_arrow_quickfilter.gif" source="img_arrow_quickfilter.gif" imgtype="" style="display:block;margin:0px" border="0"           id="mx2165" title=""/></div></td>
					<td id="mx2183_header_5"   class="hb thb   hbsh" valign="middle" style="padding:0px;white-space:nowrap;" width:100%;><div aria-live="polite" id="mx2166_holder" class="bc"><a  href="javascript: void(0);" ctype="toggleimage" ev="true" tabindex="0"  compid="mx2166"  title="Filter Table"><img id="mx2166"  aria-disabled="true" aria-hidden="true"  tabindex="-1" border="0" class="ti   " src="../webclient/skins-20170809-1350/tivoli09/images/qf_find.gif" source="qf_find.gif" imgtype="" ev="true" align="top" style="display:block;margin:0px;"  alt="Filter Table"  /></a>
</div></td>
					<td id="mx2183_header_6"   class="hb thb   hbsh" valign="middle" style="padding:0px;white-space:nowrap;" width:100%;><div aria-live="polite" id="mx2167_holder" class="bc"><img sf="1" aria-hidden="true" active="0" ctype="image" alt=""  src="../webclient/skins-20170809-1350/tivoli09/images/tablebtn_divider.gif" source="tablebtn_divider.gif" imgtype="" style="display:block;margin:0px" border="0"           id="mx2167" title=""/></div></td>
					<td id="mx2183_header_7"   class="hb thb   hbsh" valign="middle" style="padding:0px;white-space:nowrap;" width:100%;><div aria-live="polite" id="mx2168_holder" class="bc"><a ctype="toggleimage" ev="false" tabindex="-1" active="0" compid="mx2168"  title="" disabled="disabled"><img id="mx2168"  aria-disabled="true" aria-hidden="true"  tabindex="-1" border="0" class="ti   opacity_30" src="../webclient/skins-20170809-1350/tivoli09/images/qf_clear_disabled.gif" source="qf_clear_disabled.gif" imgtype="" ev="false" align="top" style="display:block;margin:0px;"  alt=""  /></a>
</div></td>
					<td id="mx2183_header_8"   class="hb thb   hbsh" valign="middle" style="padding:0px;white-space:nowrap;" width:100%;></td>
					<td id="mx2183_header_9"   class="hb thb   hbsh" valign="middle" style="padding:0px;white-space:nowrap;" width:100%;></td>
					<td id="mx2183_header_10"   class="hb thb   hbsh" valign="middle" style="padding:0px;white-space:nowrap;" width:100%;><div aria-live="polite" id="mx2171_holder" class="bc"><img sf="1" aria-hidden="true" active="0" ctype="image" alt=""  src="../webclient/skins-20170809-1350/tivoli09/images/tablebtn_divider.gif" source="tablebtn_divider.gif" imgtype="" style="display:block;margin:0px" border="0"           id="mx2171" title=""/></div></td>
					<td id="mx2183_header_11"   class="hb thb   hbsh" valign="middle" style="padding:0px;white-space:nowrap;" width:100%;><div aria-live="polite" id="mx2172_holder" class="bc"><a ctype="toggleimage" ev="false" tabindex="-1" active="0" compid="mx2172"  title="" disabled="disabled"><img id="mx2172"  aria-disabled="true" aria-hidden="true"  tabindex="-1" border="0" class="ti   opacity_30" src="../webclient/skins-20170809-1350/tivoli09/images/tablebtn_nextup_off.gif" source="tablebtn_nextup_off.gif" imgtype="" ev="false" align="top" style="display:block;margin:0px;"  alt=""  /></a>
</div></td>
					<td id="mx2183_header_12"   class="hb thb   hbsh" valign="middle" style="padding:0px;white-space:nowrap;" width:100%;><div aria-live="polite" id="mx2173_holder" class="bc"><img sf="1" aria-hidden="true" active="0" ctype="image" alt=""  src="../webclient/skins-20170809-1350/tivoli09/images/blank.gif" source="blank.gif" imgtype="" style="display:block;margin:0px" border="0"       width="7px" height="7px"   id="mx2173" title=""/></div></td>
					<td id="mx2183_header_13"   class="hb thb   hbsh" valign="middle" style="padding:0px;white-space:nowrap;" width:100%;><div aria-live="polite" id="mx2174_holder" class="bc"><a  href="javascript: void(0);" ctype="toggleimage" ev="true" tabindex="0"  compid="mx2174"  title="Next Row     [CTRL+Down Arrow]"><img id="mx2174"  aria-disabled="true" aria-hidden="true"  tabindex="-1" border="0" class="ti   " src="../webclient/skins-20170809-1350/tivoli09/images/tablebtn_nextdown_on.gif" source="tablebtn_nextdown_on.gif" imgtype="" ev="true" align="top" style="display:block;margin:0px;"  alt="Next Row     [CTRL+Down Arrow]"  /></a>
</div></td>
					<td id="mx2183_header_14"   class="hb thb   hbsh" valign="middle" style="padding:0px;white-space:nowrap;" width:100%;><div aria-live="polite" id="mx2175_holder" class="bc"><img sf="1" aria-hidden="true" active="0" ctype="image" alt=""  src="../webclient/skins-20170809-1350/tivoli09/images/tablebtn_divider.gif" source="tablebtn_divider.gif" imgtype="" style="display:block;margin:0px" border="0"           id="mx2175" title=""/></div></td>
					<td id="mx2183_header_15"   class="hb thb   hbsh" valign="middle" style="padding:0px;white-space:nowrap;" width:100%;><div aria-live="polite" id="mx2176_holder" class="bc"><a ctype="toggleimage" ev="false" tabindex="-1" active="0" compid="mx2176"  title="" disabled="disabled"><img id="mx2176"  aria-disabled="true" aria-hidden="true"  tabindex="-1" border="0" class="ti   opacity_30" src="../webclient/skins-20170809-1350/tivoli09/images/tablebtn_previous_off.gif" source="tablebtn_previous_off.gif" imgtype="" ev="false" align="top" style="display:block;margin:0px;"  alt=""  /></a>
</div></td>
					<td id="mx2183_header_16"  align="left" class="hb thb   hbsh" valign="middle" style="padding:0px;white-space:nowrap;" width:100%;><div aria-live="polite" id="mx2177_holder" class="bc"><label ctype="label"  id="mx2177"    noclick="1"   targetid="mx2177"    class="text tht  " style="display:block;padding-left:2px;padding-top:2px;;;;;" title="1 - 3 of 3">1 - 3 of 3</label></div></td>
					<td id="mx2183_header_17"   class="hb thb   hbsh" valign="middle" style="padding:0px;white-space:nowrap;" width:100%;><div aria-live="polite" id="mx2178_holder" class="bc"><a ctype="toggleimage" ev="false" tabindex="-1" active="0" compid="mx2178"  title="" disabled="disabled"><img id="mx2178"  aria-disabled="true" aria-hidden="true"  tabindex="-1" border="0" class="ti   opacity_30" src="../webclient/skins-20170809-1350/tivoli09/images/tablebtn_next_off.gif" source="tablebtn_next_off.gif" imgtype="" ev="false" align="top" style="display:block;margin:0px;"  alt=""  /></a>
</div></td>
					<td id="mx2183_header_18"   class="hb thb   hbsh" valign="middle" style="padding:0px;white-space:nowrap;" width="100%"><div aria-live="polite" id="mx2179_holder" class="bc">	<div id="mx2179" name="mx2179" class="text ts  ts  "  >&nbsp;</div>
</div></td>
					<td id="mx2183_header_19"  align="left" class="hb thb   hbsh" valign="middle" style="padding:0px;white-space:nowrap;" width="100%"><div aria-live="polite" id="mx2180_holder" class="bc"><a ctype="label"  id="mx2180"  href="http://porud755/maximo/ui/1526735219967?_tbldnld=valuelist&amp;uisessionid=162&amp;csrftoken=48l0rj1i5tuo54rq9mtv1osq99" onmouseover="return noStatus();" target="_blank"  noclick="1"   targetid="mx2180"    class="text tht  " style="display:block;;;;;" title="Download"><img id='mx2180_image' src='../webclient/skins-20170809-1350/tivoli09/images/tablebtn_download.gif'  border='0' alt="Download" style='vertical-align:top;margin:0px;margin-left:3px;margin-right:3px;'/><span>Download</span></a></div></td>
					<td id="mx2183_header_20"   class="hb thb   hbsh" valign="middle" style="padding:0px;white-space:nowrap;" width="100%"><div aria-live="polite" id="mx2181_holder" class="bc"><img sf="1" aria-hidden="true" active="0" ctype="image" alt=""  src="../webclient/skins-20170809-1350/tivoli09/images/tablebtn_divider.gif" source="tablebtn_divider.gif" imgtype="" style="display:block;margin:0px" border="0"           id="mx2181" title=""/></div></td>
					<td id="mx2183_header_21"   class="hb thb   hbsh" valign="middle" style="padding:0px;white-space:nowrap;" width="100%"><div aria-live="polite" id="mx2182_holder" class="bc"><a  href="javascript: void(0);" ctype="toggleimage" ev="true" tabindex="0"  compid="mx2182"  title="Hide Table: {0}"><img id="mx2182"  aria-disabled="true" aria-hidden="true"  tabindex="-1" border="0" class="ti   " src="../webclient/skins-20170809-1350/tivoli09/images/minimize.gif" source="minimize.gif" imgtype="" ev="true" align="top" style="display:block;margin:0px;"  alt="Hide Table: {0}"  /></a>
</div></td>
					<td class="h_r"></td>
				</tr>
			</table>
		</td>
				</tr>
				<tr   control="true" id="mx2199_1"    style="vertical-align:top;">
				</tr>
				<tr   control="true" id="mx2199_2"    style="vertical-align:top;">
				<td    nowrap="nowrap"  id="mx2193_0"     valign="top" style="vertical-align:top;"><table role="presentation" control="true" id="mx2192"   width="100%"  class="table  " summary="" onkeydown="tableHotkey(event, this);" style="width:100%;;;vertical-align:top">				<tr   control="true" id="mx2208_0"    style="vertical-align:top;">
				<td    nowrap="nowrap"  id="mx2207_0"   class="tbod " valign="top" style="vertical-align:top;"><div id="mx2206_bodyholder" >
				<div id="mx2206_bodyholder1"  style="width:100%;">
					<table role="grid" id="mx2206" rownum="0" aria-labelledby="mx2161" rowsperpage="20" displayrows="3"  valign="top" summary=""  style="" class="tbod  ">
						<tr>
							<th id="valuelist_lookup_tablebody_rowholder" colspan="200" style='display:none'></th>
						</tr>
	<tr aria-invalid="true" role="row" id="mx2222"    class="ttitr   treven" style="display:;">
	<th id="errtitle"></th>	<th role="columnheader" control="true" id="mx2241"    onclick="" style="; " currentrow="false" class="tc    cursor_hand"   ><table role="presentation" id="mx2241_inner" style="display:inline; " >
			<tr>
					<td    nowrap="nowrap"  id="mx2240_0"     valign="top" style="vertical-align:top;"><table role="presentation" control="true" id="mx2239"   width="100%"  class="  " summary=""  style="width:100%;;;vertical-align:top">				<tr   control="true" id="mx2248_0"    style="vertical-align:top;">
				<td    nowrap="nowrap"  id="mx2247_0"     valign="top" style="vertical-align:top;"><div aria-live="polite" id="mx2243_holder" class="bc"><span ctype="sortlabel"  id="mx2243"   tabindex="0"    ev="0"  targetid="mx2243"  mxevent="click"  class="text hcns   anchor" style="padding:0px;padding-left:1px;margin:0px;;cursor:pointer;;;;" title="Value">Value</span></div><div aria-live="polite" id="mx2244_holder" class="bc"><img id="mx2244"  tabindex="-1" border="0" src="../webclient/skins-20170809-1350/tivoli09/images/col_sort_asc.gif" aria-live="polite" alt="Sort Ascending" width="11" height="11" align="absmiddle" style="margin:0px;"  />
</div></td>
				</tr>
</table>
</td>
		
				</tr>
			</table></th>
		<th role="columnheader" control="true" id="mx2252"    onclick="" style="; " currentrow="false" class="tc    cursor_hand"   ><table role="presentation" id="mx2252_inner" style="display:inline; " >
			<tr>
					<td    nowrap="nowrap"  id="mx2251_0"     valign="top" style="vertical-align:top;"><table role="presentation" control="true" id="mx2250"   width="100%"  class="  " summary=""  style="width:100%;;;vertical-align:top">				<tr   control="true" id="mx2259_0"    style="vertical-align:top;">
				<td    nowrap="nowrap"  id="mx2258_0"     valign="top" style="vertical-align:top;"><div aria-live="polite" id="mx2254_holder" class="bc"><span ctype="sortlabel"  id="mx2254"   tabindex="0"    ev="1"  targetid="mx2254"  mxevent="click"  class="text hcns   anchor" style="padding:0px;padding-left:1px;margin:0px;;cursor:pointer;;;;" title="Description">Description</span></div><div aria-live="polite" id="mx2255_holder" class="bc"><img id="mx2255"  tabindex="-1" border="0" src="../webclient/skins-20170809-1350/tivoli09/images/blank.gif" aria-live="polite" alt="Default Sort" width="0" height="11" align="absmiddle" style="margin:0px;"  />
</div></td>
				</tr>
</table>
</td>
		
				</tr>
			</table></th>
	
	</tr>

	<tr aria-invalid="true" role="row" id="mx2225"  onkeyup="if(tableRowEnterKeyFlag==1 && event.keyCode==KEYCODE_ENTER){sendEvent('filterrows','mx2225','');cancelEvent(event);}" onkeydown="if(event.keyCode == KEYCODE_ENTER) tableRowEnterKeyFlag=1; else tableRowEnterKeyFlag=0;" class="tfr   trodd" style="display:;">
	<td headers="errtitle"></td>	<td role="gridcell" control="true" id="mx2263"    onclick="" style="; " currentrow="false" class="tc    cursor_hand" headers="mx2241"  ><table role="presentation" id="mx2263_inner" style="display:inline; " >
			<tr>
					<td    nowrap="nowrap"  id="mx2262_0"     valign="top" style="vertical-align:top;"><table role="presentation" control="true" id="mx2261"   width="100%"  class="  " summary=""  style="width:100%;;;vertical-align:top">				<tr   control="true" id="mx2271_0"    style="vertical-align:top;">
				<td    nowrap="nowrap"  id="mx2270_0"  align="right"   valign="middle" style="vertical-align:middle;"></td>
				<td    nowrap="nowrap"  id="mx2270_1"     valign="middle" style="vertical-align:middle;"><div aria-live="polite" id="mx2267_holder" class="bc"><input   role="textbox"  id="mx2267" class="fld text tablefilterfield  tt queryField"     ctype="textbox"   li="mx2268"      style=";width:300.0px;"  ontr='true' async='1'  ae="setvalue"    type="text" title="Value filter" value="" ov="" fldInfo='{&quot;query&quot;:true,&quot;eventpriority&quot;:1}'/></div><div aria-live="polite" id="mx2268_holder" class="bc"><img sf="1" aria-hidden="true" active="0" ctype="image" alt=""  src="../webclient/skins-20170809-1350/tivoli09/images/blank.gif" source="blank" imgtype=".gif" style="display:inline;margin:0px;" border="0"  lc="mx2267"    align="absmiddle" width='0px' height='26px'   id="mx2268" title=""/></div></td>
				</tr>
</table>
</td>
		
				</tr>
			</table></td>
		<td role="gridcell" control="true" id="mx2275"    onclick="" style="; " currentrow="false" class="tc    cursor_hand" headers="mx2252"  ><table role="presentation" id="mx2275_inner" style="display:inline; " >
			<tr>
					<td    nowrap="nowrap"  id="mx2274_0"     valign="top" style="vertical-align:top;"><table role="presentation" control="true" id="mx2273"   width="100%"  class="  " summary=""  style="width:100%;;;vertical-align:top">				<tr   control="true" id="mx2283_0"    style="vertical-align:top;">
				<td    nowrap="nowrap"  id="mx2282_0"  align="right"   valign="middle" style="vertical-align:middle;"></td>
				<td    nowrap="nowrap"  id="mx2282_1"     valign="middle" style="vertical-align:middle;"><div aria-live="polite" id="mx2279_holder" class="bc"><input   role="textbox"  id="mx2279" class="fld text tablefilterfield  tt queryField"     ctype="textbox"   li="mx2280"      style=";width:300.0px;"  ontr='true' async='1'  ae="setvalue"    type="text" title="Description filter" value="" ov="" fldInfo='{&quot;query&quot;:true}'/></div><div aria-live="polite" id="mx2280_holder" class="bc"><img sf="1" aria-hidden="true" active="0" ctype="image" alt=""  src="../webclient/skins-20170809-1350/tivoli09/images/blank.gif" source="blank" imgtype=".gif" style="display:inline;margin:0px;" border="0"  lc="mx2279"    align="absmiddle" width='0px' height='26px'   id="mx2280" title=""/></div></td>
				</tr>
</table>
</td>
		
				</tr>
			</table></td>
	
	</tr>

	<tr aria-invalid="true" role="row" id="mx2228"    class="nrm   treven" aria-hidden="true"  style="display:none;">
	<td headers="errtitle"></td>
	</tr>

	<tr aria-invalid="true" role="row" id="mx2231[R:0]"  current="true"   class="tablerow   tcr trodd" style="display:;">
	<td headers="errtitle"><img id='mx2231[R:0]_er_img' src='../webclient/skins-20170809-1350/tivoli09/images/blank.gif' style='display:none' class='tablerow_blank_icon' title="" alt=""/></td>	<td role="gridcell" control="true" id="mx2295[R:0]"    onmouseover="appendClass(this.parentNode,'trh')" onmouseout="removeClass(this.parentNode,'trh')" onclick="tcClick(event,'mx2295[R:0]')" style="; width:;" currentrow="true" class="tc hl   cursor_hand" headers="mx2241"  ><table role="presentation" id="mx2295[R:0]_inner" style="display:inline; " >
			<tr>
					<td    nowrap="nowrap"  id="mx2294[R:0]_0"     valign="top" style="vertical-align:top;"><table role="presentation" control="true" id="mx2293[R:0]"   width="100%"  class="  " summary=""  style="width:100%;;;vertical-align:top">				<tr   control="true" id="mx2299[R:0]_0"    style="vertical-align:top;">
				<td    nowrap="nowrap"  id="mx2298[R:0]_0"  align="left"   valign="top" style="vertical-align:top;"><div aria-live="polite" id="mx2297[R:0]_holder" class="bc"><span ctype="label"  id="mx2297[R:0]"   tabindex="0"      targetid="mx2297[R:0]"  mxevent="click"  class="text txtbold text label  label   anchor" style="padding:0px;padding-left:1px;margin:0px;;cursor:pointer;;;;" title="PC">PC</span></div></td>
				</tr>
</table>
</td>
		
				</tr>
			</table></td>
		<td role="gridcell" control="true" id="mx2303[R:0]"    onmouseover="appendClass(this.parentNode,'trh')" onmouseout="removeClass(this.parentNode,'trh')" onclick="tcClick(event,'mx2303[R:0]')" style="; width:;" currentrow="true" class="tc hl   cursor_hand" headers="mx2252"  ><table role="presentation" id="mx2303[R:0]_inner" style="display:inline; " >
			<tr>
					<td    nowrap="nowrap"  id="mx2302[R:0]_0"     valign="top" style="vertical-align:top;"><table role="presentation" control="true" id="mx2301[R:0]"   width="100%"  class="  " summary=""  style="width:100%;;;vertical-align:top">				<tr   control="true" id="mx2307[R:0]_0"    style="vertical-align:top;">
				<td    nowrap="nowrap"  id="mx2306[R:0]_0"  align="left"   valign="top" style="vertical-align:top;"><div aria-live="polite" id="mx2305[R:0]_holder" class="bc"><span ctype="label"  id="mx2305[R:0]"   tabindex="0"      targetid="mx2305[R:0]"  mxevent="click"  class="text txtbold text label  label   anchor" style="padding:0px;padding-left:1px;margin:0px;;cursor:pointer;;;;" title="Physical constraints">Physical constraints</span></div></td>
				</tr>
</table>
</td>
		
				</tr>
			</table></td>
	
	</tr>

	<tr aria-invalid="true" role="row" id="mx2231[R:1]"    class="tablerow   treven" style="display:;">
	<td headers="errtitle"><img id='mx2231[R:1]_er_img' src='../webclient/skins-20170809-1350/tivoli09/images/blank.gif' style='display:none' class='tablerow_blank_icon' title="" alt=""/></td>	<td role="gridcell" control="true" id="mx2295[R:1]"    onmouseover="appendClass(this.parentNode,'trh')" onmouseout="removeClass(this.parentNode,'trh')" onclick="tcClick(event,'mx2295[R:1]')" style="; width:;" currentrow="false" class="tc hl   cursor_hand" headers="mx2241"  ><table role="presentation" id="mx2295[R:1]_inner" style="display:inline; " >
			<tr>
					<td    nowrap="nowrap"  id="mx2294[R:1]_0"     valign="top" style="vertical-align:top;"><table role="presentation" control="true" id="mx2293[R:1]"   width="100%"  class="  " summary=""  style="width:100%;;;vertical-align:top">				<tr   control="true" id="mx2299[R:1]_0"    style="vertical-align:top;">
				<td    nowrap="nowrap"  id="mx2298[R:1]_0"  align="left"   valign="top" style="vertical-align:top;"><div aria-live="polite" id="mx2297[R:1]_holder" class="bc"><span ctype="label"  id="mx2297[R:1]"   tabindex="0"      targetid="mx2297[R:1]"  mxevent="click"  class="text label  label   anchor" style="padding:0px;padding-left:1px;margin:0px;;cursor:pointer;;;;" title="RC">RC</span></div></td>
				</tr>
</table>
</td>
		
				</tr>
			</table></td>
		<td role="gridcell" control="true" id="mx2303[R:1]"    onmouseover="appendClass(this.parentNode,'trh')" onmouseout="removeClass(this.parentNode,'trh')" onclick="tcClick(event,'mx2303[R:1]')" style="; width:;" currentrow="false" class="tc hl   cursor_hand" headers="mx2252"  ><table role="presentation" id="mx2303[R:1]_inner" style="display:inline; " >
			<tr>
					<td    nowrap="nowrap"  id="mx2302[R:1]_0"     valign="top" style="vertical-align:top;"><table role="presentation" control="true" id="mx2301[R:1]"   width="100%"  class="  " summary=""  style="width:100%;;;vertical-align:top">				<tr   control="true" id="mx2307[R:1]_0"    style="vertical-align:top;">
				<td    nowrap="nowrap"  id="mx2306[R:1]_0"  align="left"   valign="top" style="vertical-align:top;"><div aria-live="polite" id="mx2305[R:1]_holder" class="bc"><span ctype="label"  id="mx2305[R:1]"   tabindex="0"      targetid="mx2305[R:1]"  mxevent="click"  class="text label  label   anchor" style="padding:0px;padding-left:1px;margin:0px;;cursor:pointer;;;;" title="Resource constraints">Resource constraints</span></div></td>
				</tr>
</table>
</td>
		
				</tr>
			</table></td>
	
	</tr>

	<tr aria-invalid="true" role="row" id="mx2231[R:2]"    class="tablerow   trodd" style="display:;">
	<td headers="errtitle"><img id='mx2231[R:2]_er_img' src='../webclient/skins-20170809-1350/tivoli09/images/blank.gif' style='display:none' class='tablerow_blank_icon' title="" alt=""/></td>	<td role="gridcell" control="true" id="mx2295[R:2]"    onmouseover="appendClass(this.parentNode,'trh')" onmouseout="removeClass(this.parentNode,'trh')" onclick="tcClick(event,'mx2295[R:2]')" style="; width:;" currentrow="false" class="tc hl   cursor_hand" headers="mx2241"  ><table role="presentation" id="mx2295[R:2]_inner" style="display:inline; " >
			<tr>
					<td    nowrap="nowrap"  id="mx2294[R:2]_0"     valign="top" style="vertical-align:top;"><table role="presentation" control="true" id="mx2293[R:2]"   width="100%"  class="  " summary=""  style="width:100%;;;vertical-align:top">				<tr   control="true" id="mx2299[R:2]_0"    style="vertical-align:top;">
				<td    nowrap="nowrap"  id="mx2298[R:2]_0"  align="left"   valign="top" style="vertical-align:top;"><div aria-live="polite" id="mx2297[R:2]_holder" class="bc"><span ctype="label"  id="mx2297[R:2]"   tabindex="0"      targetid="mx2297[R:2]"  mxevent="click"  class="text label  label   anchor" style="padding:0px;padding-left:1px;margin:0px;;cursor:pointer;;;;" title="SEC">SEC</span></div></td>
				</tr>
</table>
</td>
		
				</tr>
			</table></td>
		<td role="gridcell" control="true" id="mx2303[R:2]"    onmouseover="appendClass(this.parentNode,'trh')" onmouseout="removeClass(this.parentNode,'trh')" onclick="tcClick(event,'mx2303[R:2]')" style="; width:;" currentrow="false" class="tc hl   cursor_hand" headers="mx2252"  ><table role="presentation" id="mx2303[R:2]_inner" style="display:inline; " >
			<tr>
					<td    nowrap="nowrap"  id="mx2302[R:2]_0"     valign="top" style="vertical-align:top;"><table role="presentation" control="true" id="mx2301[R:2]"   width="100%"  class="  " summary=""  style="width:100%;;;vertical-align:top">				<tr   control="true" id="mx2307[R:2]_0"    style="vertical-align:top;">
				<td    nowrap="nowrap"  id="mx2306[R:2]_0"  align="left"   valign="top" style="vertical-align:top;"><div aria-live="polite" id="mx2305[R:2]_holder" class="bc"><span ctype="label"  id="mx2305[R:2]"   tabindex="0"      targetid="mx2305[R:2]"  mxevent="click"  class="text label  label   anchor" style="padding:0px;padding-left:1px;margin:0px;;cursor:pointer;;;;" title="Social and Environmental constraints">Social and Environmental constraints</span></div></td>
				</tr>
</table>
</td>
		
				</tr>
			</table></td>
	
	</tr>

	<tr aria-invalid="true" role="row" id="mx2237"    class="tablerow   troddtsr" aria-hidden="true"  style="display:none;">
					<td role='gridcell'    colspan='100' nowrap="nowrap"  id="mx2236_0"  align="left" class="tsrs " valign="middle" style="vertical-align:middle;"><div aria-live="polite" id="mx2235_holder" class="bc"><a  href="javascript: void(0);" ctype="toggleimage" ev="false" tabindex="0"  compid="mx2235"  title="Select Specific Records"><img id="mx2235"  aria-disabled="true" aria-hidden="true"  tabindex="-1" border="0" class="ti toggleselectcheckbox  " src="../webclient/skins-20170809-1350/tivoli09/images/table_cb_unchecked.gif" source="table_cb_unchecked" imgtype=".gif" ev="false" align="top" style="display:inline;margin:0px;"  alt="Select Specific Records"  /></a>
		&nbsp;<span id="mx2235_label"  class="text">Select Records</span>
</div></td>

	</tr>

						</table>
					</div>
				</div></td>
				</tr>
</table>
</td>
				</tr>
				<tr   control="true" id="mx2199_3"    style="vertical-align:top;">
				</tr>
		</table>
	
	</div>
<!-- END Tableouter -->
</td>
				</tr>

			</table>
			
			</div>
	
		</td>
	</tr>
</table>
<table role="presentation" width="100%" class="dbottom" height="*" ondblclick="cancelEvent(event);">
	<tr>
		<td class="    dss" align="right">
	
			<table role="presentation" cellspacing="2" width="100%">
							<tr   control="true" id="mx2217_0"    style="vertical-align:top;">

<td colspan="7" height="0" align="right" id="mx2216"  style=";white-space: nowrap;" class="invisbuttongroup">
	<div style="width:100%;;">
		<table id="mx2216_table"  summary="" role="group">
			<tr>
			<td align="right" style="white-space: nowrap;">
<div aria-live="polite" id="mx2219_holder" class="bc">
		<button ctype="pushbutton"      control="true" id="mx2219"  class="text pb default"  style="">Cancel</button></div>			</td>
			</tr>
		</table>
	</div>
</td>
				</tr>

			</table>
			
		</td>
	</tr>
</table>

		</td>
	</tr>
</table>

<img tabindex="0" labelid="mx2148" alt="" id="lookup_VALUELIST_last" onfocus="moveable_onfocus(this);" src="../webclient/skins-20170809-1350/tivoli09/images/blank.gif" width="1" height="1" lastbuttonid="mx2219"></td>
			</tr>
		</table>
		<script>
			window.setTimeout("_initDialog('mx2159','lookup_VALUELIST',-1,true)", 50);
		</script>
]]></component>

<deferredscript><![CDATA[scrollScreen('0','0');focusItem('mx2267',true);resetLogoutTimer(true);if(tpaeConfig.validationOn) {setButtonEnabled(saveButton,true)};]]></deferredscript></server_response>