<?xml version="1.0" encoding="UTF-8" ?>
<server_response csrftoken="48l0rj1i5tuo54rq9mtv1osq99">
<!-- Begin of the DIALOG -->
<component vis="true" id="mx2340_holder" compid="mx2340" replacemethod="addDialog"><![CDATA[			<div id='mx2340_inner_dialogwait'  class='wait'>&nbsp;</div>
				<table id="mx2340_inner"  role="dialog" aria-labelledby="mx2329" positionAtTop="false" positionX="" positionY="" modal="true" width="200" height="50" class="dsc1 mc modal" border="0" defaultbutton="" control="true" onmousedown='hideAllMenus();'onkeypress="if(hasKeyCode(event,'KEYCODE_ESC')) {sendEvent('dialogcancel','mx2340', null, null); }"ondragstart='return false;' ondblclick="toggleMinimize('mx2340')"  style="visibility:hidden;" cellpadding="0px" cellspacing="0px">
			<tr id="mx2340_content0" aria-live="polite"   style="" valign="top">
				<td id="mx2340_inner_content"  valign="BOTTOM"  style="padding:0px; %>">
<img tabindex="0" alt="" id="lookup_valuelist_first" alt="" onfocus="moveable_onfocus(this);" src="../webclient/skins-20170809-1350/tivoli09/images/blank.gif" width="1" height="1" style="display:inline;margin:0px" firstbuttonid="first"/><table id="mx2334"  width="100%" style="margin:0px;" class="" role="presentation">
			<tr>
				<td id="mx2334_middle"  class="dh mh dhb  " valign="middle" align="left" width="*">
					<table role="presentation" class="" width="100%">
						<tr>
							<td valign="center" align="left" style="padding:0px;white-space:nowrap;" class="dh mh">
								<table role="presentation"  width="100%">
									<tr>
					<td id="mx2334_header_0"  align="left" class="dhbsh" valign="middle" style="padding:0px;white-space:nowrap;" width:100%;></td>
					<td id="mx2334_header_1"  align="left" class="dhbsh" valign="middle" style="padding:0px;white-space:nowrap;" width:100%;><div aria-live="polite" id="mx2329_holder" class="bc"><h1 labelledby="mx2329" style="display:inline" title="Select Value"><label ctype="label"  id="mx2329"    noclick="1"   targetid="mx2329"    class="text dh mh  " style="display:block;padding-left:2px;padding-top:2px;;;;;" title="Select Value">Select Value</label></h1></div></td>
					<td id="mx2334_header_2"   class="dhbsh" valign="middle" style="padding:0px;white-space:nowrap;" width="100%"><div aria-live="polite" id="mx2330_holder" class="bc">	<div id="mx2330" name="mx2330" class="ts dh mh  "  >&nbsp;</div>
</div></td>
					<td id="mx2334_header_3"  align="right" class="dhbsh" valign="middle" style="padding:0px;white-space:nowrap;" width="100%"></td>
					<td id="mx2334_header_4"  align="right" class="dhbsh" valign="middle" style="padding:0px;white-space:nowrap;" width="100%"></td>
					<td id="mx2334_header_5"  align="right" class="dhbsh" valign="middle" style="padding:0px;white-space:nowrap;" width="100%"></td>
								</tr>
								</table>
							</td>
						</tr>
					</table>
				</td>
			</tr>
		</table></td>
			</tr>
			<tr id="mx2340_content1" aria-live="polite"   style="" valign="top">
				<td id="mx2340_inner_content"  valign="BOTTOM"  style="padding:0px; %>">
<table role="presentation" id="mx2339"  class="dialogb" width="100%" style="position:relative;top:0px;margin:0px;" height="100%" ondblclick="cancelEvent(event);">
	<tr>
		<td class="  " style=";padding:0px;" align="">

		<table role="presentation" width="100%"  height="*" ondblclick="cancelEvent(event);">
	<tr>
		<td class="    dss" align="center">
	<div aria-live="polite" id="dialogmessage_holder" class="bc"><label ctype="label"  id="dialogmessage"    noclick="1"   targetid="dialogmessage"  role='alert'    class="text label  label  text  dum" style="display:block;padding-left:2px;padding-top:2px;;;;;" title="">&nbsp;</label></div>
		</td>
	</tr>
</table>
<table role="presentation" width="100%"  height="*" ondblclick="cancelEvent(event);">
	<tr>
		<td class="db    dss" align="">
	
			<div id="lookup_valuelist_bodydiv" class="dbDiv"  onscroll='hideAllMenusNF()'>
	
			<table role="presentation" cellspacing="2" width="100%">
							<tr   control="true" id="mx2383_0"    style="vertical-align:top;">
				<td    nowrap="nowrap"  id="mx2382_0"     valign="top" style="vertical-align:top;">
	<!-- BEGIN Tableouter -->
	<div nowrap id="mx2381_holder" class="tableouter"  style="display:inline;background-color: inherit !important">
	
		<table role="presentation" id="mx2381"  valign="top" summary="" class="  " style="width:100%;border-collapse: collapse;">
				<tr   control="true" id="mx2380_0"    style="vertical-align:top;">
		<td id="mx2364" class="hbouter"  style="padding:0px;;white-space:nowrap;" onkeydown="tableHotkey(event, this);" role="presentation">
			<table cellspacing="0" cellpadding="0" style="width:100%;" class="" role="presentation">
				<tr>
						<td class="h_l"></td>
					<td id="mx2364_header_0"  align="left" class="hb thb   hbsh" valign="middle" style="padding:0px;white-space:nowrap;" width:100%;><div aria-live="polite" id="mx2342_holder" class="bc"></div></td>
					<td id="mx2364_header_1"   class="hb thb   hbsh" valign="middle" style="padding:0px;white-space:nowrap;" width:100%;><div aria-live="polite" id="mx2343_holder" class="bc"><img sf="1" aria-hidden="true" active="0" ctype="image" alt=""  src="../webclient/skins-20170809-1350/tivoli09/images/tablebtn_divider.gif" source="tablebtn_divider.gif" imgtype="" style="display:block;margin:0px" border="0"           id="mx2343" title=""/></div></td>
					<td id="mx2364_header_2"   class="hb thb   hbsh" valign="middle" style="padding:0px;white-space:nowrap;" width:100%;><div aria-live="polite" id="mx2344_holder" class="bc"><a  href="javascript: void(0);" ctype="toggleimage" ev="true" tabindex="0"  compid="mx2344"  title="Close Filter CTRL+Z"><img id="mx2344"  aria-disabled="true" aria-hidden="true"  tabindex="-1" border="0" class="ti   " src="../webclient/skins-20170809-1350/tivoli09/images/tablebtn_filter_on.gif" source="tablebtn_filter_on.gif" imgtype="" ev="true" align="top" style="display:block;margin:0px;"  alt="Close Filter CTRL+Z"  /></a>
</div></td>
					<td id="mx2364_header_3"  align="left" class="hb thb   hbsh" valign="middle" style="padding:0px;white-space:nowrap;" width:100%;><div aria-live="polite" id="mx2345_holder" class="bc"><span ctype="label"  id="mx2345"   tabindex="0"      targetid="mx2345"  mxevent="click"  class="text tht   anchor" style="display:block;padding-left:2px;padding-top:2px;;cursor:pointer;;;;" title="Filter">Filter</span></div></td>
					<td id="mx2364_header_4"   class="hb thb   hbsh" valign="middle" style="padding:0px;white-space:nowrap;" width:100%;><div aria-live="polite" id="mx2346_holder" class="bc"><img sf="1" aria-hidden="true" active="0" ctype="image" alt=""  src="../webclient/skins-20170809-1350/tivoli09/images/img_arrow_quickfilter.gif" source="img_arrow_quickfilter.gif" imgtype="" style="display:block;margin:0px" border="0"           id="mx2346" title=""/></div></td>
					<td id="mx2364_header_5"   class="hb thb   hbsh" valign="middle" style="padding:0px;white-space:nowrap;" width:100%;><div aria-live="polite" id="mx2347_holder" class="bc"><a  href="javascript: void(0);" ctype="toggleimage" ev="true" tabindex="0"  compid="mx2347"  title="Filter Table"><img id="mx2347"  aria-disabled="true" aria-hidden="true"  tabindex="-1" border="0" class="ti   " src="../webclient/skins-20170809-1350/tivoli09/images/qf_find.gif" source="qf_find.gif" imgtype="" ev="true" align="top" style="display:block;margin:0px;"  alt="Filter Table"  /></a>
</div></td>
					<td id="mx2364_header_6"   class="hb thb   hbsh" valign="middle" style="padding:0px;white-space:nowrap;" width:100%;><div aria-live="polite" id="mx2348_holder" class="bc"><img sf="1" aria-hidden="true" active="0" ctype="image" alt=""  src="../webclient/skins-20170809-1350/tivoli09/images/tablebtn_divider.gif" source="tablebtn_divider.gif" imgtype="" style="display:block;margin:0px" border="0"           id="mx2348" title=""/></div></td>
					<td id="mx2364_header_7"   class="hb thb   hbsh" valign="middle" style="padding:0px;white-space:nowrap;" width:100%;><div aria-live="polite" id="mx2349_holder" class="bc"><a ctype="toggleimage" ev="false" tabindex="-1" active="0" compid="mx2349"  title="" disabled="disabled"><img id="mx2349"  aria-disabled="true" aria-hidden="true"  tabindex="-1" border="0" class="ti   opacity_30" src="../webclient/skins-20170809-1350/tivoli09/images/qf_clear_disabled.gif" source="qf_clear_disabled.gif" imgtype="" ev="false" align="top" style="display:block;margin:0px;"  alt=""  /></a>
</div></td>
					<td id="mx2364_header_8"   class="hb thb   hbsh" valign="middle" style="padding:0px;white-space:nowrap;" width:100%;></td>
					<td id="mx2364_header_9"   class="hb thb   hbsh" valign="middle" style="padding:0px;white-space:nowrap;" width:100%;></td>
					<td id="mx2364_header_10"   class="hb thb   hbsh" valign="middle" style="padding:0px;white-space:nowrap;" width:100%;><div aria-live="polite" id="mx2352_holder" class="bc"><img sf="1" aria-hidden="true" active="0" ctype="image" alt=""  src="../webclient/skins-20170809-1350/tivoli09/images/tablebtn_divider.gif" source="tablebtn_divider.gif" imgtype="" style="display:block;margin:0px" border="0"           id="mx2352" title=""/></div></td>
					<td id="mx2364_header_11"   class="hb thb   hbsh" valign="middle" style="padding:0px;white-space:nowrap;" width:100%;><div aria-live="polite" id="mx2353_holder" class="bc"><a ctype="toggleimage" ev="false" tabindex="-1" active="0" compid="mx2353"  title="" disabled="disabled"><img id="mx2353"  aria-disabled="true" aria-hidden="true"  tabindex="-1" border="0" class="ti   opacity_30" src="../webclient/skins-20170809-1350/tivoli09/images/tablebtn_nextup_off.gif" source="tablebtn_nextup_off.gif" imgtype="" ev="false" align="top" style="display:block;margin:0px;"  alt=""  /></a>
</div></td>
					<td id="mx2364_header_12"   class="hb thb   hbsh" valign="middle" style="padding:0px;white-space:nowrap;" width:100%;><div aria-live="polite" id="mx2354_holder" class="bc"><img sf="1" aria-hidden="true" active="0" ctype="image" alt=""  src="../webclient/skins-20170809-1350/tivoli09/images/blank.gif" source="blank.gif" imgtype="" style="display:block;margin:0px" border="0"       width="7px" height="7px"   id="mx2354" title=""/></div></td>
					<td id="mx2364_header_13"   class="hb thb   hbsh" valign="middle" style="padding:0px;white-space:nowrap;" width:100%;><div aria-live="polite" id="mx2355_holder" class="bc"><a  href="javascript: void(0);" ctype="toggleimage" ev="true" tabindex="0"  compid="mx2355"  title="Next Row     [CTRL+Down Arrow]"><img id="mx2355"  aria-disabled="true" aria-hidden="true"  tabindex="-1" border="0" class="ti   " src="../webclient/skins-20170809-1350/tivoli09/images/tablebtn_nextdown_on.gif" source="tablebtn_nextdown_on.gif" imgtype="" ev="true" align="top" style="display:block;margin:0px;"  alt="Next Row     [CTRL+Down Arrow]"  /></a>
</div></td>
					<td id="mx2364_header_14"   class="hb thb   hbsh" valign="middle" style="padding:0px;white-space:nowrap;" width:100%;><div aria-live="polite" id="mx2356_holder" class="bc"><img sf="1" aria-hidden="true" active="0" ctype="image" alt=""  src="../webclient/skins-20170809-1350/tivoli09/images/tablebtn_divider.gif" source="tablebtn_divider.gif" imgtype="" style="display:block;margin:0px" border="0"           id="mx2356" title=""/></div></td>
					<td id="mx2364_header_15"   class="hb thb   hbsh" valign="middle" style="padding:0px;white-space:nowrap;" width:100%;><div aria-live="polite" id="mx2357_holder" class="bc"><a ctype="toggleimage" ev="false" tabindex="-1" active="0" compid="mx2357"  title="" disabled="disabled"><img id="mx2357"  aria-disabled="true" aria-hidden="true"  tabindex="-1" border="0" class="ti   opacity_30" src="../webclient/skins-20170809-1350/tivoli09/images/tablebtn_previous_off.gif" source="tablebtn_previous_off.gif" imgtype="" ev="false" align="top" style="display:block;margin:0px;"  alt=""  /></a>
</div></td>
					<td id="mx2364_header_16"  align="left" class="hb thb   hbsh" valign="middle" style="padding:0px;white-space:nowrap;" width:100%;><div aria-live="polite" id="mx2358_holder" class="bc"><label ctype="label"  id="mx2358"    noclick="1"   targetid="mx2358"    class="text tht  " style="display:block;padding-left:2px;padding-top:2px;;;;;" title="1 - 3 of 3">1 - 3 of 3</label></div></td>
					<td id="mx2364_header_17"   class="hb thb   hbsh" valign="middle" style="padding:0px;white-space:nowrap;" width:100%;><div aria-live="polite" id="mx2359_holder" class="bc"><a ctype="toggleimage" ev="false" tabindex="-1" active="0" compid="mx2359"  title="" disabled="disabled"><img id="mx2359"  aria-disabled="true" aria-hidden="true"  tabindex="-1" border="0" class="ti   opacity_30" src="../webclient/skins-20170809-1350/tivoli09/images/tablebtn_next_off.gif" source="tablebtn_next_off.gif" imgtype="" ev="false" align="top" style="display:block;margin:0px;"  alt=""  /></a>
</div></td>
					<td id="mx2364_header_18"   class="hb thb   hbsh" valign="middle" style="padding:0px;white-space:nowrap;" width="100%"><div aria-live="polite" id="mx2360_holder" class="bc">	<div id="mx2360" name="mx2360" class="text ts  ts  "  >&nbsp;</div>
</div></td>
					<td id="mx2364_header_19"  align="left" class="hb thb   hbsh" valign="middle" style="padding:0px;white-space:nowrap;" width="100%"><div aria-live="polite" id="mx2361_holder" class="bc"><a ctype="label"  id="mx2361"  href="http://porud755/maximo/ui/1526735225566?_tbldnld=valuelist&amp;uisessionid=162&amp;csrftoken=48l0rj1i5tuo54rq9mtv1osq99" onmouseover="return noStatus();" target="_blank"  noclick="1"   targetid="mx2361"    class="text tht  " style="display:block;;;;;" title="Download"><img id='mx2361_image' src='../webclient/skins-20170809-1350/tivoli09/images/tablebtn_download.gif'  border='0' alt="Download" style='vertical-align:top;margin:0px;margin-left:3px;margin-right:3px;'/><span>Download</span></a></div></td>
					<td id="mx2364_header_20"   class="hb thb   hbsh" valign="middle" style="padding:0px;white-space:nowrap;" width="100%"><div aria-live="polite" id="mx2362_holder" class="bc"><img sf="1" aria-hidden="true" active="0" ctype="image" alt=""  src="../webclient/skins-20170809-1350/tivoli09/images/tablebtn_divider.gif" source="tablebtn_divider.gif" imgtype="" style="display:block;margin:0px" border="0"           id="mx2362" title=""/></div></td>
					<td id="mx2364_header_21"   class="hb thb   hbsh" valign="middle" style="padding:0px;white-space:nowrap;" width="100%"><div aria-live="polite" id="mx2363_holder" class="bc"><a  href="javascript: void(0);" ctype="toggleimage" ev="true" tabindex="0"  compid="mx2363"  title="Hide Table: {0}"><img id="mx2363"  aria-disabled="true" aria-hidden="true"  tabindex="-1" border="0" class="ti   " src="../webclient/skins-20170809-1350/tivoli09/images/minimize.gif" source="minimize.gif" imgtype="" ev="true" align="top" style="display:block;margin:0px;"  alt="Hide Table: {0}"  /></a>
</div></td>
					<td class="h_r"></td>
				</tr>
			</table>
		</td>
				</tr>
				<tr   control="true" id="mx2380_1"    style="vertical-align:top;">
				</tr>
				<tr   control="true" id="mx2380_2"    style="vertical-align:top;">
				<td    nowrap="nowrap"  id="mx2374_0"     valign="top" style="vertical-align:top;"><table role="presentation" control="true" id="mx2373"   width="100%"  class="table  " summary="" onkeydown="tableHotkey(event, this);" style="width:100%;;;vertical-align:top">				<tr   control="true" id="mx2389_0"    style="vertical-align:top;">
				<td    nowrap="nowrap"  id="mx2388_0"   class="tbod " valign="top" style="vertical-align:top;"><div id="mx2387_bodyholder" >
				<div id="mx2387_bodyholder1"  style="width:100%;">
					<table role="grid" id="mx2387" rownum="0" aria-labelledby="mx2342" rowsperpage="20" displayrows="3"  valign="top" summary=""  style="" class="tbod  ">
						<tr>
							<th id="valuelist_lookup_tablebody_rowholder" colspan="200" style='display:none'></th>
						</tr>
	<tr aria-invalid="true" role="row" id="mx2403"    class="ttitr   treven" style="display:;">
	<th id="errtitle"></th>	<th role="columnheader" control="true" id="mx2422"    onclick="" style="; " currentrow="false" class="tc    cursor_hand"   ><table role="presentation" id="mx2422_inner" style="display:inline; " >
			<tr>
					<td    nowrap="nowrap"  id="mx2421_0"     valign="top" style="vertical-align:top;"><table role="presentation" control="true" id="mx2420"   width="100%"  class="  " summary=""  style="width:100%;;;vertical-align:top">				<tr   control="true" id="mx2429_0"    style="vertical-align:top;">
				<td    nowrap="nowrap"  id="mx2428_0"     valign="top" style="vertical-align:top;"><div aria-live="polite" id="mx2424_holder" class="bc"><span ctype="sortlabel"  id="mx2424"   tabindex="0"    ev="0"  targetid="mx2424"  mxevent="click"  class="text hcns   anchor" style="padding:0px;padding-left:1px;margin:0px;;cursor:pointer;;;;" title="Value">Value</span></div><div aria-live="polite" id="mx2425_holder" class="bc"><img id="mx2425"  tabindex="-1" border="0" src="../webclient/skins-20170809-1350/tivoli09/images/col_sort_asc.gif" aria-live="polite" alt="Sort Ascending" width="11" height="11" align="absmiddle" style="margin:0px;"  />
</div></td>
				</tr>
</table>
</td>
		
				</tr>
			</table></th>
		<th role="columnheader" control="true" id="mx2433"    onclick="" style="; " currentrow="false" class="tc    cursor_hand"   ><table role="presentation" id="mx2433_inner" style="display:inline; " >
			<tr>
					<td    nowrap="nowrap"  id="mx2432_0"     valign="top" style="vertical-align:top;"><table role="presentation" control="true" id="mx2431"   width="100%"  class="  " summary=""  style="width:100%;;;vertical-align:top">				<tr   control="true" id="mx2440_0"    style="vertical-align:top;">
				<td    nowrap="nowrap"  id="mx2439_0"     valign="top" style="vertical-align:top;"><div aria-live="polite" id="mx2435_holder" class="bc"><span ctype="sortlabel"  id="mx2435"   tabindex="0"    ev="1"  targetid="mx2435"  mxevent="click"  class="text hcns   anchor" style="padding:0px;padding-left:1px;margin:0px;;cursor:pointer;;;;" title="Description">Description</span></div><div aria-live="polite" id="mx2436_holder" class="bc"><img id="mx2436"  tabindex="-1" border="0" src="../webclient/skins-20170809-1350/tivoli09/images/blank.gif" aria-live="polite" alt="Default Sort" width="0" height="11" align="absmiddle" style="margin:0px;"  />
</div></td>
				</tr>
</table>
</td>
		
				</tr>
			</table></th>
	
	</tr>

	<tr aria-invalid="true" role="row" id="mx2406"  onkeyup="if(tableRowEnterKeyFlag==1 && event.keyCode==KEYCODE_ENTER){sendEvent('filterrows','mx2406','');cancelEvent(event);}" onkeydown="if(event.keyCode == KEYCODE_ENTER) tableRowEnterKeyFlag=1; else tableRowEnterKeyFlag=0;" class="tfr   trodd" style="display:;">
	<td headers="errtitle"></td>	<td role="gridcell" control="true" id="mx2444"    onclick="" style="; " currentrow="false" class="tc    cursor_hand" headers="mx2422"  ><table role="presentation" id="mx2444_inner" style="display:inline; " >
			<tr>
					<td    nowrap="nowrap"  id="mx2443_0"     valign="top" style="vertical-align:top;"><table role="presentation" control="true" id="mx2442"   width="100%"  class="  " summary=""  style="width:100%;;;vertical-align:top">				<tr   control="true" id="mx2452_0"    style="vertical-align:top;">
				<td    nowrap="nowrap"  id="mx2451_0"  align="right"   valign="middle" style="vertical-align:middle;"></td>
				<td    nowrap="nowrap"  id="mx2451_1"     valign="middle" style="vertical-align:middle;"><div aria-live="polite" id="mx2448_holder" class="bc"><input   role="textbox"  id="mx2448" class="fld text tablefilterfield  tt queryField"     ctype="textbox"   li="mx2449"      style=";width:300.0px;"  ontr='true' async='1'  ae="setvalue"    type="text" title="Value filter" value="" ov="" fldInfo='{&quot;query&quot;:true,&quot;eventpriority&quot;:1}'/></div><div aria-live="polite" id="mx2449_holder" class="bc"><img sf="1" aria-hidden="true" active="0" ctype="image" alt=""  src="../webclient/skins-20170809-1350/tivoli09/images/blank.gif" source="blank" imgtype=".gif" style="display:inline;margin:0px;" border="0"  lc="mx2448"    align="absmiddle" width='0px' height='26px'   id="mx2449" title=""/></div></td>
				</tr>
</table>
</td>
		
				</tr>
			</table></td>
		<td role="gridcell" control="true" id="mx2456"    onclick="" style="; " currentrow="false" class="tc    cursor_hand" headers="mx2433"  ><table role="presentation" id="mx2456_inner" style="display:inline; " >
			<tr>
					<td    nowrap="nowrap"  id="mx2455_0"     valign="top" style="vertical-align:top;"><table role="presentation" control="true" id="mx2454"   width="100%"  class="  " summary=""  style="width:100%;;;vertical-align:top">				<tr   control="true" id="mx2464_0"    style="vertical-align:top;">
				<td    nowrap="nowrap"  id="mx2463_0"  align="right"   valign="middle" style="vertical-align:middle;"></td>
				<td    nowrap="nowrap"  id="mx2463_1"     valign="middle" style="vertical-align:middle;"><div aria-live="polite" id="mx2460_holder" class="bc"><input   role="textbox"  id="mx2460" class="fld text tablefilterfield  tt queryField"     ctype="textbox"   li="mx2461"      style=";width:300.0px;"  ontr='true' async='1'  ae="setvalue"    type="text" title="Description filter" value="" ov="" fldInfo='{&quot;query&quot;:true}'/></div><div aria-live="polite" id="mx2461_holder" class="bc"><img sf="1" aria-hidden="true" active="0" ctype="image" alt=""  src="../webclient/skins-20170809-1350/tivoli09/images/blank.gif" source="blank" imgtype=".gif" style="display:inline;margin:0px;" border="0"  lc="mx2460"    align="absmiddle" width='0px' height='26px'   id="mx2461" title=""/></div></td>
				</tr>
</table>
</td>
		
				</tr>
			</table></td>
	
	</tr>

	<tr aria-invalid="true" role="row" id="mx2409"    class="nrm   treven" aria-hidden="true"  style="display:none;">
	<td headers="errtitle"></td>
	</tr>

	<tr aria-invalid="true" role="row" id="mx2412[R:0]"  current="true"   class="tablerow   tcr trodd" style="display:;">
	<td headers="errtitle"><img id='mx2412[R:0]_er_img' src='../webclient/skins-20170809-1350/tivoli09/images/blank.gif' style='display:none' class='tablerow_blank_icon' title="" alt=""/></td>	<td role="gridcell" control="true" id="mx2476[R:0]"    onmouseover="appendClass(this.parentNode,'trh')" onmouseout="removeClass(this.parentNode,'trh')" onclick="tcClick(event,'mx2476[R:0]')" style="; width:;" currentrow="true" class="tc hl   cursor_hand" headers="mx2422"  ><table role="presentation" id="mx2476[R:0]_inner" style="display:inline; " >
			<tr>
					<td    nowrap="nowrap"  id="mx2475[R:0]_0"     valign="top" style="vertical-align:top;"><table role="presentation" control="true" id="mx2474[R:0]"   width="100%"  class="  " summary=""  style="width:100%;;;vertical-align:top">				<tr   control="true" id="mx2480[R:0]_0"    style="vertical-align:top;">
				<td    nowrap="nowrap"  id="mx2479[R:0]_0"  align="left"   valign="top" style="vertical-align:top;"><div aria-live="polite" id="mx2478[R:0]_holder" class="bc"><span ctype="label"  id="mx2478[R:0]"   tabindex="0"      targetid="mx2478[R:0]"  mxevent="click"  class="text txtbold text label  label   anchor" style="padding:0px;padding-left:1px;margin:0px;;cursor:pointer;;;;" title="1">1</span></div></td>
				</tr>
</table>
</td>
		
				</tr>
			</table></td>
		<td role="gridcell" control="true" id="mx2484[R:0]"    onmouseover="appendClass(this.parentNode,'trh')" onmouseout="removeClass(this.parentNode,'trh')" onclick="tcClick(event,'mx2484[R:0]')" style="; width:;" currentrow="true" class="tc hl   cursor_hand" headers="mx2433"  ><table role="presentation" id="mx2484[R:0]_inner" style="display:inline; " >
			<tr>
					<td    nowrap="nowrap"  id="mx2483[R:0]_0"     valign="top" style="vertical-align:top;"><table role="presentation" control="true" id="mx2482[R:0]"   width="100%"  class="  " summary=""  style="width:100%;;;vertical-align:top">				<tr   control="true" id="mx2488[R:0]_0"    style="vertical-align:top;">
				<td    nowrap="nowrap"  id="mx2487[R:0]_0"  align="left"   valign="top" style="vertical-align:top;"><div aria-live="polite" id="mx2486[R:0]_holder" class="bc"><div ctype="label"  id="mx2486[R:0]"   tabindex="0"      targetid="mx2486[R:0]"  mxevent="click"  class="text txtbold text label  label   anchor" style="padding:0px;padding-left:1px;padding-top:5px;padding-bottom:5px;;cursor:pointer;;;;" title="All ELR teams already deployed on gas emergency work">All ELR teams already deployed on gas<br/>emergency work</div></div></td>
				</tr>
</table>
</td>
		
				</tr>
			</table></td>
	
	</tr>

	<tr aria-invalid="true" role="row" id="mx2412[R:1]"    class="tablerow   treven" style="display:;">
	<td headers="errtitle"><img id='mx2412[R:1]_er_img' src='../webclient/skins-20170809-1350/tivoli09/images/blank.gif' style='display:none' class='tablerow_blank_icon' title="" alt=""/></td>	<td role="gridcell" control="true" id="mx2476[R:1]"    onmouseover="appendClass(this.parentNode,'trh')" onmouseout="removeClass(this.parentNode,'trh')" onclick="tcClick(event,'mx2476[R:1]')" style="; width:;" currentrow="false" class="tc hl   cursor_hand" headers="mx2422"  ><table role="presentation" id="mx2476[R:1]_inner" style="display:inline; " >
			<tr>
					<td    nowrap="nowrap"  id="mx2475[R:1]_0"     valign="top" style="vertical-align:top;"><table role="presentation" control="true" id="mx2474[R:1]"   width="100%"  class="  " summary=""  style="width:100%;;;vertical-align:top">				<tr   control="true" id="mx2480[R:1]_0"    style="vertical-align:top;">
				<td    nowrap="nowrap"  id="mx2479[R:1]_0"  align="left"   valign="top" style="vertical-align:top;"><div aria-live="polite" id="mx2478[R:1]_holder" class="bc"><span ctype="label"  id="mx2478[R:1]"   tabindex="0"      targetid="mx2478[R:1]"  mxevent="click"  class="text label  label   anchor" style="padding:0px;padding-left:1px;margin:0px;;cursor:pointer;;;;" title="2">2</span></div></td>
				</tr>
</table>
</td>
		
				</tr>
			</table></td>
		<td role="gridcell" control="true" id="mx2484[R:1]"    onmouseover="appendClass(this.parentNode,'trh')" onmouseout="removeClass(this.parentNode,'trh')" onclick="tcClick(event,'mx2484[R:1]')" style="; width:;" currentrow="false" class="tc hl   cursor_hand" headers="mx2433"  ><table role="presentation" id="mx2484[R:1]_inner" style="display:inline; " >
			<tr>
					<td    nowrap="nowrap"  id="mx2483[R:1]_0"     valign="top" style="vertical-align:top;"><table role="presentation" control="true" id="mx2482[R:1]"   width="100%"  class="  " summary=""  style="width:100%;;;vertical-align:top">				<tr   control="true" id="mx2488[R:1]_0"    style="vertical-align:top;">
				<td    nowrap="nowrap"  id="mx2487[R:1]_0"  align="left"   valign="top" style="vertical-align:top;"><div aria-live="polite" id="mx2486[R:1]_holder" class="bc"><div ctype="label"  id="mx2486[R:1]"   tabindex="0"      targetid="mx2486[R:1]"  mxevent="click"  class="text label  label   anchor" style="padding:0px;padding-left:1px;padding-top:5px;padding-bottom:5px;;cursor:pointer;;;;" title="ELR team resources were diverted to more serious and immediate risks">ELR team resources were diverted to more<br/>serious and immediate risks</div></div></td>
				</tr>
</table>
</td>
		
				</tr>
			</table></td>
	
	</tr>

	<tr aria-invalid="true" role="row" id="mx2412[R:2]"    class="tablerow   trodd" style="display:;">
	<td headers="errtitle"><img id='mx2412[R:2]_er_img' src='../webclient/skins-20170809-1350/tivoli09/images/blank.gif' style='display:none' class='tablerow_blank_icon' title="" alt=""/></td>	<td role="gridcell" control="true" id="mx2476[R:2]"    onmouseover="appendClass(this.parentNode,'trh')" onmouseout="removeClass(this.parentNode,'trh')" onclick="tcClick(event,'mx2476[R:2]')" style="; width:;" currentrow="false" class="tc hl   cursor_hand" headers="mx2422"  ><table role="presentation" id="mx2476[R:2]_inner" style="display:inline; " >
			<tr>
					<td    nowrap="nowrap"  id="mx2475[R:2]_0"     valign="top" style="vertical-align:top;"><table role="presentation" control="true" id="mx2474[R:2]"   width="100%"  class="  " summary=""  style="width:100%;;;vertical-align:top">				<tr   control="true" id="mx2480[R:2]_0"    style="vertical-align:top;">
				<td    nowrap="nowrap"  id="mx2479[R:2]_0"  align="left"   valign="top" style="vertical-align:top;"><div aria-live="polite" id="mx2478[R:2]_holder" class="bc"><span ctype="label"  id="mx2478[R:2]"   tabindex="0"      targetid="mx2478[R:2]"  mxevent="click"  class="text label  label   anchor" style="padding:0px;padding-left:1px;margin:0px;;cursor:pointer;;;;" title="3">3</span></div></td>
				</tr>
</table>
</td>
		
				</tr>
			</table></td>
		<td role="gridcell" control="true" id="mx2484[R:2]"    onmouseover="appendClass(this.parentNode,'trh')" onmouseout="removeClass(this.parentNode,'trh')" onclick="tcClick(event,'mx2484[R:2]')" style="; width:;" currentrow="false" class="tc hl   cursor_hand" headers="mx2433"  ><table role="presentation" id="mx2484[R:2]_inner" style="display:inline; " >
			<tr>
					<td    nowrap="nowrap"  id="mx2483[R:2]_0"     valign="top" style="vertical-align:top;"><table role="presentation" control="true" id="mx2482[R:2]"   width="100%"  class="  " summary=""  style="width:100%;;;vertical-align:top">				<tr   control="true" id="mx2488[R:2]_0"    style="vertical-align:top;">
				<td    nowrap="nowrap"  id="mx2487[R:2]_0"  align="left"   valign="top" style="vertical-align:top;"><div aria-live="polite" id="mx2486[R:2]_holder" class="bc"><span ctype="label"  id="mx2486[R:2]"   tabindex="0"      targetid="mx2486[R:2]"  mxevent="click"  class="text label  label   anchor" style="padding:0px;padding-left:1px;margin:0px;;cursor:pointer;;;;" title="Specialist resources were required">Specialist resources were required</span></div></td>
				</tr>
</table>
</td>
		
				</tr>
			</table></td>
	
	</tr>

	<tr aria-invalid="true" role="row" id="mx2418"    class="tablerow   troddtsr" aria-hidden="true"  style="display:none;">
					<td role='gridcell'    colspan='100' nowrap="nowrap"  id="mx2417_0"  align="left" class="tsrs " valign="middle" style="vertical-align:middle;"><div aria-live="polite" id="mx2416_holder" class="bc"><a  href="javascript: void(0);" ctype="toggleimage" ev="false" tabindex="0"  compid="mx2416"  title="Select Specific Records"><img id="mx2416"  aria-disabled="true" aria-hidden="true"  tabindex="-1" border="0" class="ti toggleselectcheckbox  " src="../webclient/skins-20170809-1350/tivoli09/images/table_cb_unchecked.gif" source="table_cb_unchecked" imgtype=".gif" ev="false" align="top" style="display:inline;margin:0px;"  alt="Select Specific Records"  /></a>
		&nbsp;<span id="mx2416_label"  class="text">Select Records</span>
</div></td>

	</tr>

						</table>
					</div>
				</div></td>
				</tr>
</table>
</td>
				</tr>
				<tr   control="true" id="mx2380_3"    style="vertical-align:top;">
				</tr>
		</table>
	
	</div>
<!-- END Tableouter -->
</td>
				</tr>

			</table>
			
			</div>
	
		</td>
	</tr>
</table>
<table role="presentation" width="100%" class="dbottom" height="*" ondblclick="cancelEvent(event);">
	<tr>
		<td class="    dss" align="right">
	
			<table role="presentation" cellspacing="2" width="100%">
							<tr   control="true" id="mx2398_0"    style="vertical-align:top;">

<td colspan="7" height="0" align="right" id="mx2397"  style=";white-space: nowrap;" class="invisbuttongroup">
	<div style="width:100%;;">
		<table id="mx2397_table"  summary="" role="group">
			<tr>
			<td align="right" style="white-space: nowrap;">
<div aria-live="polite" id="mx2400_holder" class="bc">
		<button ctype="pushbutton"      control="true" id="mx2400"  class="text pb default"  style="">Cancel</button></div>			</td>
			</tr>
		</table>
	</div>
</td>
				</tr>

			</table>
			
		</td>
	</tr>
</table>

		</td>
	</tr>
</table>

<img tabindex="0" labelid="mx2329" alt="" id="lookup_valuelist_last" onfocus="moveable_onfocus(this);" src="../webclient/skins-20170809-1350/tivoli09/images/blank.gif" width="1" height="1" lastbuttonid="mx2400"></td>
			</tr>
		</table>
		<script>
			window.setTimeout("_initDialog('mx2340','lookup_valuelist',-1,true)", 50);
		</script>
]]></component>

<deferredscript><![CDATA[scrollScreen('0','0');focusItem('mx2448',true);resetLogoutTimer(true);if(tpaeConfig.validationOn) {setButtonEnabled(saveButton,true)};]]></deferredscript></server_response>