<?xml version="1.0" encoding="UTF-8" ?>
<server_response csrftoken="48l0rj1i5tuo54rq9mtv1osq99">
<!-- Begin of the DIALOG -->
<component vis="true" id="mx6773_holder" compid="mx6773" replacemethod="addDialog"><![CDATA[			<div id='mx6773_inner_dialogwait'  class='wait'>&nbsp;</div>
				<table id="mx6773_inner"  role="dialog" aria-labelledby="mx6762" positionAtTop="false" positionX="" positionY="" modal="true" width="200" height="50" class="dsc1 mc modal" border="0" defaultbutton="" control="true" onmousedown='hideAllMenus();'onkeypress="if(hasKeyCode(event,'KEYCODE_ESC')) {sendEvent('dialogcancel','mx6773', null, null); }"ondragstart='return false;' ondblclick="toggleMinimize('mx6773')"  style="visibility:hidden;" cellpadding="0px" cellspacing="0px">
			<tr id="mx6773_content0" aria-live="polite"   style="" valign="top">
				<td id="mx6773_inner_content"  valign="BOTTOM"  style="padding:0px; %>">
<img tabindex="0" alt="" id="lookup_VALUELIST_first" alt="" onfocus="moveable_onfocus(this);" src="../webclient/skins-20170809-1350/tivoli09/images/blank.gif" width="1" height="1" style="display:inline;margin:0px" firstbuttonid="first"/><table id="mx6767"  width="100%" style="margin:0px;" class="" role="presentation">
			<tr>
				<td id="mx6767_middle"  class="dh mh dhb  " valign="middle" align="left" width="*">
					<table role="presentation" class="" width="100%">
						<tr>
							<td valign="center" align="left" style="padding:0px;white-space:nowrap;" class="dh mh">
								<table role="presentation"  width="100%">
									<tr>
					<td id="mx6767_header_0"  align="left" class="dhbsh" valign="middle" style="padding:0px;white-space:nowrap;" width:100%;></td>
					<td id="mx6767_header_1"  align="left" class="dhbsh" valign="middle" style="padding:0px;white-space:nowrap;" width:100%;><div aria-live="polite" id="mx6762_holder" class="bc"><h1 labelledby="mx6762" style="display:inline" title="Select Value"><label ctype="label"  id="mx6762"    noclick="1"   targetid="mx6762"    class="text dh mh  " style="display:block;padding-left:2px;padding-top:2px;;;;;" title="Select Value">Select Value</label></h1></div></td>
					<td id="mx6767_header_2"   class="dhbsh" valign="middle" style="padding:0px;white-space:nowrap;" width="100%"><div aria-live="polite" id="mx6763_holder" class="bc">	<div id="mx6763" name="mx6763" class="ts dh mh  "  >&nbsp;</div>
</div></td>
					<td id="mx6767_header_3"  align="right" class="dhbsh" valign="middle" style="padding:0px;white-space:nowrap;" width="100%"></td>
					<td id="mx6767_header_4"  align="right" class="dhbsh" valign="middle" style="padding:0px;white-space:nowrap;" width="100%"></td>
					<td id="mx6767_header_5"  align="right" class="dhbsh" valign="middle" style="padding:0px;white-space:nowrap;" width="100%"></td>
								</tr>
								</table>
							</td>
						</tr>
					</table>
				</td>
			</tr>
		</table></td>
			</tr>
			<tr id="mx6773_content1" aria-live="polite"   style="" valign="top">
				<td id="mx6773_inner_content"  valign="BOTTOM"  style="padding:0px; %>">
<table role="presentation" id="mx6772"  class="dialogb" width="100%" style="position:relative;top:0px;margin:0px;" height="100%" ondblclick="cancelEvent(event);">
	<tr>
		<td class="  " style=";padding:0px;" align="">

		<table role="presentation" width="100%"  height="*" ondblclick="cancelEvent(event);">
	<tr>
		<td class="    dss" align="center">
	<div aria-live="polite" id="dialogmessage_holder" class="bc"><label ctype="label"  id="dialogmessage"    noclick="1"   targetid="dialogmessage"  role='alert'    class="text label  label  text  dum" style="display:block;padding-left:2px;padding-top:2px;;;;;" title="">&nbsp;</label></div>
		</td>
	</tr>
</table>
<table role="presentation" width="100%"  height="*" ondblclick="cancelEvent(event);">
	<tr>
		<td class="db    dss" align="">
	
			<div id="lookup_VALUELIST_bodydiv" class="dbDiv"  onscroll='hideAllMenusNF()'>
	
			<table role="presentation" cellspacing="2" width="100%">
							<tr   control="true" id="mx6816_0"    style="vertical-align:top;">
				<td    nowrap="nowrap"  id="mx6815_0"     valign="top" style="vertical-align:top;">
	<!-- BEGIN Tableouter -->
	<div nowrap id="mx6814_holder" class="tableouter"  style="display:inline;background-color: inherit !important">
	
		<table role="presentation" id="mx6814"  valign="top" summary="" class="  " style="width:100%;border-collapse: collapse;">
				<tr   control="true" id="mx6813_0"    style="vertical-align:top;">
		<td id="mx6797" class="hbouter"  style="padding:0px;;white-space:nowrap;" onkeydown="tableHotkey(event, this);" role="presentation">
			<table cellspacing="0" cellpadding="0" style="width:100%;" class="" role="presentation">
				<tr>
						<td class="h_l"></td>
					<td id="mx6797_header_0"  align="left" class="hb thb   hbsh" valign="middle" style="padding:0px;white-space:nowrap;" width:100%;><div aria-live="polite" id="mx6775_holder" class="bc"></div></td>
					<td id="mx6797_header_1"   class="hb thb   hbsh" valign="middle" style="padding:0px;white-space:nowrap;" width:100%;><div aria-live="polite" id="mx6776_holder" class="bc"><img sf="1" aria-hidden="true" active="0" ctype="image" alt=""  src="../webclient/skins-20170809-1350/tivoli09/images/tablebtn_divider.gif" source="tablebtn_divider.gif" imgtype="" style="display:block;margin:0px" border="0"           id="mx6776" title=""/></div></td>
					<td id="mx6797_header_2"   class="hb thb   hbsh" valign="middle" style="padding:0px;white-space:nowrap;" width:100%;><div aria-live="polite" id="mx6777_holder" class="bc"><a  href="javascript: void(0);" ctype="toggleimage" ev="true" tabindex="0"  compid="mx6777"  title="Close Filter CTRL+Z"><img id="mx6777"  aria-disabled="true" aria-hidden="true"  tabindex="-1" border="0" class="ti   " src="../webclient/skins-20170809-1350/tivoli09/images/tablebtn_filter_on.gif" source="tablebtn_filter_on.gif" imgtype="" ev="true" align="top" style="display:block;margin:0px;"  alt="Close Filter CTRL+Z"  /></a>
</div></td>
					<td id="mx6797_header_3"  align="left" class="hb thb   hbsh" valign="middle" style="padding:0px;white-space:nowrap;" width:100%;><div aria-live="polite" id="mx6778_holder" class="bc"><span ctype="label"  id="mx6778"   tabindex="0"      targetid="mx6778"  mxevent="click"  class="text tht   anchor" style="display:block;padding-left:2px;padding-top:2px;;cursor:pointer;;;;" title="Filter">Filter</span></div></td>
					<td id="mx6797_header_4"   class="hb thb   hbsh" valign="middle" style="padding:0px;white-space:nowrap;" width:100%;><div aria-live="polite" id="mx6779_holder" class="bc"><img sf="1" aria-hidden="true" active="0" ctype="image" alt=""  src="../webclient/skins-20170809-1350/tivoli09/images/img_arrow_quickfilter.gif" source="img_arrow_quickfilter.gif" imgtype="" style="display:block;margin:0px" border="0"           id="mx6779" title=""/></div></td>
					<td id="mx6797_header_5"   class="hb thb   hbsh" valign="middle" style="padding:0px;white-space:nowrap;" width:100%;><div aria-live="polite" id="mx6780_holder" class="bc"><a  href="javascript: void(0);" ctype="toggleimage" ev="true" tabindex="0"  compid="mx6780"  title="Filter Table"><img id="mx6780"  aria-disabled="true" aria-hidden="true"  tabindex="-1" border="0" class="ti   " src="../webclient/skins-20170809-1350/tivoli09/images/qf_find.gif" source="qf_find.gif" imgtype="" ev="true" align="top" style="display:block;margin:0px;"  alt="Filter Table"  /></a>
</div></td>
					<td id="mx6797_header_6"   class="hb thb   hbsh" valign="middle" style="padding:0px;white-space:nowrap;" width:100%;><div aria-live="polite" id="mx6781_holder" class="bc"><img sf="1" aria-hidden="true" active="0" ctype="image" alt=""  src="../webclient/skins-20170809-1350/tivoli09/images/tablebtn_divider.gif" source="tablebtn_divider.gif" imgtype="" style="display:block;margin:0px" border="0"           id="mx6781" title=""/></div></td>
					<td id="mx6797_header_7"   class="hb thb   hbsh" valign="middle" style="padding:0px;white-space:nowrap;" width:100%;><div aria-live="polite" id="mx6782_holder" class="bc"><a ctype="toggleimage" ev="false" tabindex="-1" active="0" compid="mx6782"  title="" disabled="disabled"><img id="mx6782"  aria-disabled="true" aria-hidden="true"  tabindex="-1" border="0" class="ti   opacity_30" src="../webclient/skins-20170809-1350/tivoli09/images/qf_clear_disabled.gif" source="qf_clear_disabled.gif" imgtype="" ev="false" align="top" style="display:block;margin:0px;"  alt=""  /></a>
</div></td>
					<td id="mx6797_header_8"   class="hb thb   hbsh" valign="middle" style="padding:0px;white-space:nowrap;" width:100%;></td>
					<td id="mx6797_header_9"   class="hb thb   hbsh" valign="middle" style="padding:0px;white-space:nowrap;" width:100%;></td>
					<td id="mx6797_header_10"   class="hb thb   hbsh" valign="middle" style="padding:0px;white-space:nowrap;" width:100%;><div aria-live="polite" id="mx6785_holder" class="bc"><img sf="1" aria-hidden="true" active="0" ctype="image" alt=""  src="../webclient/skins-20170809-1350/tivoli09/images/tablebtn_divider.gif" source="tablebtn_divider.gif" imgtype="" style="display:block;margin:0px" border="0"           id="mx6785" title=""/></div></td>
					<td id="mx6797_header_11"   class="hb thb   hbsh" valign="middle" style="padding:0px;white-space:nowrap;" width:100%;><div aria-live="polite" id="mx6786_holder" class="bc"><a ctype="toggleimage" ev="false" tabindex="-1" active="0" compid="mx6786"  title="" disabled="disabled"><img id="mx6786"  aria-disabled="true" aria-hidden="true"  tabindex="-1" border="0" class="ti   opacity_30" src="../webclient/skins-20170809-1350/tivoli09/images/tablebtn_nextup_off.gif" source="tablebtn_nextup_off.gif" imgtype="" ev="false" align="top" style="display:block;margin:0px;"  alt=""  /></a>
</div></td>
					<td id="mx6797_header_12"   class="hb thb   hbsh" valign="middle" style="padding:0px;white-space:nowrap;" width:100%;><div aria-live="polite" id="mx6787_holder" class="bc"><img sf="1" aria-hidden="true" active="0" ctype="image" alt=""  src="../webclient/skins-20170809-1350/tivoli09/images/blank.gif" source="blank.gif" imgtype="" style="display:block;margin:0px" border="0"       width="7px" height="7px"   id="mx6787" title=""/></div></td>
					<td id="mx6797_header_13"   class="hb thb   hbsh" valign="middle" style="padding:0px;white-space:nowrap;" width:100%;><div aria-live="polite" id="mx6788_holder" class="bc"><a  href="javascript: void(0);" ctype="toggleimage" ev="true" tabindex="0"  compid="mx6788"  title="Next Row     [CTRL+Down Arrow]"><img id="mx6788"  aria-disabled="true" aria-hidden="true"  tabindex="-1" border="0" class="ti   " src="../webclient/skins-20170809-1350/tivoli09/images/tablebtn_nextdown_on.gif" source="tablebtn_nextdown_on.gif" imgtype="" ev="true" align="top" style="display:block;margin:0px;"  alt="Next Row     [CTRL+Down Arrow]"  /></a>
</div></td>
					<td id="mx6797_header_14"   class="hb thb   hbsh" valign="middle" style="padding:0px;white-space:nowrap;" width:100%;><div aria-live="polite" id="mx6789_holder" class="bc"><img sf="1" aria-hidden="true" active="0" ctype="image" alt=""  src="../webclient/skins-20170809-1350/tivoli09/images/tablebtn_divider.gif" source="tablebtn_divider.gif" imgtype="" style="display:block;margin:0px" border="0"           id="mx6789" title=""/></div></td>
					<td id="mx6797_header_15"   class="hb thb   hbsh" valign="middle" style="padding:0px;white-space:nowrap;" width:100%;><div aria-live="polite" id="mx6790_holder" class="bc"><a ctype="toggleimage" ev="false" tabindex="-1" active="0" compid="mx6790"  title="" disabled="disabled"><img id="mx6790"  aria-disabled="true" aria-hidden="true"  tabindex="-1" border="0" class="ti   opacity_30" src="../webclient/skins-20170809-1350/tivoli09/images/tablebtn_previous_off.gif" source="tablebtn_previous_off.gif" imgtype="" ev="false" align="top" style="display:block;margin:0px;"  alt=""  /></a>
</div></td>
					<td id="mx6797_header_16"  align="left" class="hb thb   hbsh" valign="middle" style="padding:0px;white-space:nowrap;" width:100%;><div aria-live="polite" id="mx6791_holder" class="bc"><label ctype="label"  id="mx6791"    noclick="1"   targetid="mx6791"    class="text tht  " style="display:block;padding-left:2px;padding-top:2px;;;;;" title="1 - 2 of 2">1 - 2 of 2</label></div></td>
					<td id="mx6797_header_17"   class="hb thb   hbsh" valign="middle" style="padding:0px;white-space:nowrap;" width:100%;><div aria-live="polite" id="mx6792_holder" class="bc"><a ctype="toggleimage" ev="false" tabindex="-1" active="0" compid="mx6792"  title="" disabled="disabled"><img id="mx6792"  aria-disabled="true" aria-hidden="true"  tabindex="-1" border="0" class="ti   opacity_30" src="../webclient/skins-20170809-1350/tivoli09/images/tablebtn_next_off.gif" source="tablebtn_next_off.gif" imgtype="" ev="false" align="top" style="display:block;margin:0px;"  alt=""  /></a>
</div></td>
					<td id="mx6797_header_18"   class="hb thb   hbsh" valign="middle" style="padding:0px;white-space:nowrap;" width="100%"><div aria-live="polite" id="mx6793_holder" class="bc">	<div id="mx6793" name="mx6793" class="text ts  ts  "  >&nbsp;</div>
</div></td>
					<td id="mx6797_header_19"  align="left" class="hb thb   hbsh" valign="middle" style="padding:0px;white-space:nowrap;" width="100%"><div aria-live="polite" id="mx6794_holder" class="bc"><a ctype="label"  id="mx6794"  href="http://porud755/maximo/ui/1526735269598?_tbldnld=valuelist&amp;uisessionid=162&amp;csrftoken=48l0rj1i5tuo54rq9mtv1osq99" onmouseover="return noStatus();" target="_blank"  noclick="1"   targetid="mx6794"    class="text tht  " style="display:block;;;;;" title="Download"><img id='mx6794_image' src='../webclient/skins-20170809-1350/tivoli09/images/tablebtn_download.gif'  border='0' alt="Download" style='vertical-align:top;margin:0px;margin-left:3px;margin-right:3px;'/><span>Download</span></a></div></td>
					<td id="mx6797_header_20"   class="hb thb   hbsh" valign="middle" style="padding:0px;white-space:nowrap;" width="100%"><div aria-live="polite" id="mx6795_holder" class="bc"><img sf="1" aria-hidden="true" active="0" ctype="image" alt=""  src="../webclient/skins-20170809-1350/tivoli09/images/tablebtn_divider.gif" source="tablebtn_divider.gif" imgtype="" style="display:block;margin:0px" border="0"           id="mx6795" title=""/></div></td>
					<td id="mx6797_header_21"   class="hb thb   hbsh" valign="middle" style="padding:0px;white-space:nowrap;" width="100%"><div aria-live="polite" id="mx6796_holder" class="bc"><a  href="javascript: void(0);" ctype="toggleimage" ev="true" tabindex="0"  compid="mx6796"  title="Hide Table: {0}"><img id="mx6796"  aria-disabled="true" aria-hidden="true"  tabindex="-1" border="0" class="ti   " src="../webclient/skins-20170809-1350/tivoli09/images/minimize.gif" source="minimize.gif" imgtype="" ev="true" align="top" style="display:block;margin:0px;"  alt="Hide Table: {0}"  /></a>
</div></td>
					<td class="h_r"></td>
				</tr>
			</table>
		</td>
				</tr>
				<tr   control="true" id="mx6813_1"    style="vertical-align:top;">
				</tr>
				<tr   control="true" id="mx6813_2"    style="vertical-align:top;">
				<td    nowrap="nowrap"  id="mx6807_0"     valign="top" style="vertical-align:top;"><table role="presentation" control="true" id="mx6806"   width="100%"  class="table  " summary="" onkeydown="tableHotkey(event, this);" style="width:100%;;;vertical-align:top">				<tr   control="true" id="mx6822_0"    style="vertical-align:top;">
				<td    nowrap="nowrap"  id="mx6821_0"   class="tbod " valign="top" style="vertical-align:top;"><div id="mx6820_bodyholder" >
				<div id="mx6820_bodyholder1"  style="width:100%;">
					<table role="grid" id="mx6820" rownum="0" aria-labelledby="mx6775" rowsperpage="20" displayrows="2"  valign="top" summary=""  style="" class="tbod  ">
						<tr>
							<th id="valuelist_lookup_tablebody_rowholder" colspan="200" style='display:none'></th>
						</tr>
	<tr aria-invalid="true" role="row" id="mx6836"    class="ttitr   treven" style="display:;">
	<th id="errtitle"></th>	<th role="columnheader" control="true" id="mx6855"    onclick="" style="; " currentrow="false" class="tc    cursor_hand"   ><table role="presentation" id="mx6855_inner" style="display:inline; " >
			<tr>
					<td    nowrap="nowrap"  id="mx6854_0"     valign="top" style="vertical-align:top;"><table role="presentation" control="true" id="mx6853"   width="100%"  class="  " summary=""  style="width:100%;;;vertical-align:top">				<tr   control="true" id="mx6862_0"    style="vertical-align:top;">
				<td    nowrap="nowrap"  id="mx6861_0"     valign="top" style="vertical-align:top;"><div aria-live="polite" id="mx6857_holder" class="bc"><span ctype="sortlabel"  id="mx6857"   tabindex="0"    ev="0"  targetid="mx6857"  mxevent="click"  class="text hcns   anchor" style="padding:0px;padding-left:1px;margin:0px;;cursor:pointer;;;;" title="Value">Value</span></div><div aria-live="polite" id="mx6858_holder" class="bc"><img id="mx6858"  tabindex="-1" border="0" src="../webclient/skins-20170809-1350/tivoli09/images/col_sort_asc.gif" aria-live="polite" alt="Sort Ascending" width="11" height="11" align="absmiddle" style="margin:0px;"  />
</div></td>
				</tr>
</table>
</td>
		
				</tr>
			</table></th>
		<th role="columnheader" control="true" id="mx6866"    onclick="" style="; " currentrow="false" class="tc    cursor_hand"   ><table role="presentation" id="mx6866_inner" style="display:inline; " >
			<tr>
					<td    nowrap="nowrap"  id="mx6865_0"     valign="top" style="vertical-align:top;"><table role="presentation" control="true" id="mx6864"   width="100%"  class="  " summary=""  style="width:100%;;;vertical-align:top">				<tr   control="true" id="mx6873_0"    style="vertical-align:top;">
				<td    nowrap="nowrap"  id="mx6872_0"     valign="top" style="vertical-align:top;"><div aria-live="polite" id="mx6868_holder" class="bc"><span ctype="sortlabel"  id="mx6868"   tabindex="0"    ev="1"  targetid="mx6868"  mxevent="click"  class="text hcns   anchor" style="padding:0px;padding-left:1px;margin:0px;;cursor:pointer;;;;" title="Description">Description</span></div><div aria-live="polite" id="mx6869_holder" class="bc"><img id="mx6869"  tabindex="-1" border="0" src="../webclient/skins-20170809-1350/tivoli09/images/blank.gif" aria-live="polite" alt="Default Sort" width="0" height="11" align="absmiddle" style="margin:0px;"  />
</div></td>
				</tr>
</table>
</td>
		
				</tr>
			</table></th>
	
	</tr>

	<tr aria-invalid="true" role="row" id="mx6839"  onkeyup="if(tableRowEnterKeyFlag==1 && event.keyCode==KEYCODE_ENTER){sendEvent('filterrows','mx6839','');cancelEvent(event);}" onkeydown="if(event.keyCode == KEYCODE_ENTER) tableRowEnterKeyFlag=1; else tableRowEnterKeyFlag=0;" class="tfr   trodd" style="display:;">
	<td headers="errtitle"></td>	<td role="gridcell" control="true" id="mx6877"    onclick="" style="; " currentrow="false" class="tc    cursor_hand" headers="mx6855"  ><table role="presentation" id="mx6877_inner" style="display:inline; " >
			<tr>
					<td    nowrap="nowrap"  id="mx6876_0"     valign="top" style="vertical-align:top;"><table role="presentation" control="true" id="mx6875"   width="100%"  class="  " summary=""  style="width:100%;;;vertical-align:top">				<tr   control="true" id="mx6885_0"    style="vertical-align:top;">
				<td    nowrap="nowrap"  id="mx6884_0"  align="right"   valign="middle" style="vertical-align:middle;"></td>
				<td    nowrap="nowrap"  id="mx6884_1"     valign="middle" style="vertical-align:middle;"><div aria-live="polite" id="mx6881_holder" class="bc"><input   role="textbox"  id="mx6881" class="fld text tablefilterfield  tt queryField"     ctype="textbox"   li="mx6882"      style=";width:300.0px;"  ontr='true' async='1'  ae="setvalue"    type="text" title="Value filter" value="" ov="" fldInfo='{&quot;query&quot;:true,&quot;eventpriority&quot;:1}'/></div><div aria-live="polite" id="mx6882_holder" class="bc"><img sf="1" aria-hidden="true" active="0" ctype="image" alt=""  src="../webclient/skins-20170809-1350/tivoli09/images/blank.gif" source="blank" imgtype=".gif" style="display:inline;margin:0px;" border="0"  lc="mx6881"    align="absmiddle" width='0px' height='26px'   id="mx6882" title=""/></div></td>
				</tr>
</table>
</td>
		
				</tr>
			</table></td>
		<td role="gridcell" control="true" id="mx6889"    onclick="" style="; " currentrow="false" class="tc    cursor_hand" headers="mx6866"  ><table role="presentation" id="mx6889_inner" style="display:inline; " >
			<tr>
					<td    nowrap="nowrap"  id="mx6888_0"     valign="top" style="vertical-align:top;"><table role="presentation" control="true" id="mx6887"   width="100%"  class="  " summary=""  style="width:100%;;;vertical-align:top">				<tr   control="true" id="mx6897_0"    style="vertical-align:top;">
				<td    nowrap="nowrap"  id="mx6896_0"  align="right"   valign="middle" style="vertical-align:middle;"></td>
				<td    nowrap="nowrap"  id="mx6896_1"     valign="middle" style="vertical-align:middle;"><div aria-live="polite" id="mx6893_holder" class="bc"><input   role="textbox"  id="mx6893" class="fld text tablefilterfield  tt queryField"     ctype="textbox"   li="mx6894"      style=";width:300.0px;"  ontr='true' async='1'  ae="setvalue"    type="text" title="Description filter" value="" ov="" fldInfo='{&quot;query&quot;:true}'/></div><div aria-live="polite" id="mx6894_holder" class="bc"><img sf="1" aria-hidden="true" active="0" ctype="image" alt=""  src="../webclient/skins-20170809-1350/tivoli09/images/blank.gif" source="blank" imgtype=".gif" style="display:inline;margin:0px;" border="0"  lc="mx6893"    align="absmiddle" width='0px' height='26px'   id="mx6894" title=""/></div></td>
				</tr>
</table>
</td>
		
				</tr>
			</table></td>
	
	</tr>

	<tr aria-invalid="true" role="row" id="mx6842"    class="nrm   treven" aria-hidden="true"  style="display:none;">
	<td headers="errtitle"></td>
	</tr>

	<tr aria-invalid="true" role="row" id="mx6845[R:0]"  current="true"   class="tablerow   tcr trodd" style="display:;">
	<td headers="errtitle"><img id='mx6845[R:0]_er_img' src='../webclient/skins-20170809-1350/tivoli09/images/blank.gif' style='display:none' class='tablerow_blank_icon' title="" alt=""/></td>	<td role="gridcell" control="true" id="mx6909[R:0]"    onmouseover="appendClass(this.parentNode,'trh')" onmouseout="removeClass(this.parentNode,'trh')" onclick="tcClick(event,'mx6909[R:0]')" style="; width:;" currentrow="true" class="tc hl   cursor_hand" headers="mx6855"  ><table role="presentation" id="mx6909[R:0]_inner" style="display:inline; " >
			<tr>
					<td    nowrap="nowrap"  id="mx6908[R:0]_0"     valign="top" style="vertical-align:top;"><table role="presentation" control="true" id="mx6907[R:0]"   width="100%"  class="  " summary=""  style="width:100%;;;vertical-align:top">				<tr   control="true" id="mx6913[R:0]_0"    style="vertical-align:top;">
				<td    nowrap="nowrap"  id="mx6912[R:0]_0"  align="left"   valign="top" style="vertical-align:top;"><div aria-live="polite" id="mx6911[R:0]_holder" class="bc"><span ctype="label"  id="mx6911[R:0]"   tabindex="0"      targetid="mx6911[R:0]"  mxevent="click"  class="text txtbold text label  label   anchor" style="padding:0px;padding-left:1px;margin:0px;;cursor:pointer;;;;" title="NO">NO</span></div></td>
				</tr>
</table>
</td>
		
				</tr>
			</table></td>
		<td role="gridcell" control="true" id="mx6917[R:0]"    onmouseover="appendClass(this.parentNode,'trh')" onmouseout="removeClass(this.parentNode,'trh')" onclick="tcClick(event,'mx6917[R:0]')" style="; width:;" currentrow="true" class="tc hl   cursor_hand" headers="mx6866"  ><table role="presentation" id="mx6917[R:0]_inner" style="display:inline; " >
			<tr>
					<td    nowrap="nowrap"  id="mx6916[R:0]_0"     valign="top" style="vertical-align:top;"><table role="presentation" control="true" id="mx6915[R:0]"   width="100%"  class="  " summary=""  style="width:100%;;;vertical-align:top">				<tr   control="true" id="mx6921[R:0]_0"    style="vertical-align:top;">
				<td    nowrap="nowrap"  id="mx6920[R:0]_0"  align="left"   valign="top" style="vertical-align:top;"><div aria-live="polite" id="mx6919[R:0]_holder" class="bc"><span ctype="label"  id="mx6919[R:0]"   tabindex="0"      targetid="mx6919[R:0]"  mxevent="click"  class="text txtbold text label  label   anchor" style="padding:0px;padding-left:1px;margin:0px;;cursor:pointer;;;;" title="NO">NO</span></div></td>
				</tr>
</table>
</td>
		
				</tr>
			</table></td>
	
	</tr>

	<tr aria-invalid="true" role="row" id="mx6845[R:1]"    class="tablerow   treven" style="display:;">
	<td headers="errtitle"><img id='mx6845[R:1]_er_img' src='../webclient/skins-20170809-1350/tivoli09/images/blank.gif' style='display:none' class='tablerow_blank_icon' title="" alt=""/></td>	<td role="gridcell" control="true" id="mx6909[R:1]"    onmouseover="appendClass(this.parentNode,'trh')" onmouseout="removeClass(this.parentNode,'trh')" onclick="tcClick(event,'mx6909[R:1]')" style="; width:;" currentrow="false" class="tc hl   cursor_hand" headers="mx6855"  ><table role="presentation" id="mx6909[R:1]_inner" style="display:inline; " >
			<tr>
					<td    nowrap="nowrap"  id="mx6908[R:1]_0"     valign="top" style="vertical-align:top;"><table role="presentation" control="true" id="mx6907[R:1]"   width="100%"  class="  " summary=""  style="width:100%;;;vertical-align:top">				<tr   control="true" id="mx6913[R:1]_0"    style="vertical-align:top;">
				<td    nowrap="nowrap"  id="mx6912[R:1]_0"  align="left"   valign="top" style="vertical-align:top;"><div aria-live="polite" id="mx6911[R:1]_holder" class="bc"><span ctype="label"  id="mx6911[R:1]"   tabindex="0"      targetid="mx6911[R:1]"  mxevent="click"  class="text label  label   anchor" style="padding:0px;padding-left:1px;margin:0px;;cursor:pointer;;;;" title="YES">YES</span></div></td>
				</tr>
</table>
</td>
		
				</tr>
			</table></td>
		<td role="gridcell" control="true" id="mx6917[R:1]"    onmouseover="appendClass(this.parentNode,'trh')" onmouseout="removeClass(this.parentNode,'trh')" onclick="tcClick(event,'mx6917[R:1]')" style="; width:;" currentrow="false" class="tc hl   cursor_hand" headers="mx6866"  ><table role="presentation" id="mx6917[R:1]_inner" style="display:inline; " >
			<tr>
					<td    nowrap="nowrap"  id="mx6916[R:1]_0"     valign="top" style="vertical-align:top;"><table role="presentation" control="true" id="mx6915[R:1]"   width="100%"  class="  " summary=""  style="width:100%;;;vertical-align:top">				<tr   control="true" id="mx6921[R:1]_0"    style="vertical-align:top;">
				<td    nowrap="nowrap"  id="mx6920[R:1]_0"  align="left"   valign="top" style="vertical-align:top;"><div aria-live="polite" id="mx6919[R:1]_holder" class="bc"><span ctype="label"  id="mx6919[R:1]"   tabindex="0"      targetid="mx6919[R:1]"  mxevent="click"  class="text label  label   anchor" style="padding:0px;padding-left:1px;margin:0px;;cursor:pointer;;;;" title="YES">YES</span></div></td>
				</tr>
</table>
</td>
		
				</tr>
			</table></td>
	
	</tr>

	<tr aria-invalid="true" role="row" id="mx6851"    class="tablerow   troddtsr" aria-hidden="true"  style="display:none;">
					<td role='gridcell'    colspan='100' nowrap="nowrap"  id="mx6850_0"  align="left" class="tsrs " valign="middle" style="vertical-align:middle;"><div aria-live="polite" id="mx6849_holder" class="bc"><a  href="javascript: void(0);" ctype="toggleimage" ev="false" tabindex="0"  compid="mx6849"  title="Select Specific Records"><img id="mx6849"  aria-disabled="true" aria-hidden="true"  tabindex="-1" border="0" class="ti toggleselectcheckbox  " src="../webclient/skins-20170809-1350/tivoli09/images/table_cb_unchecked.gif" source="table_cb_unchecked" imgtype=".gif" ev="false" align="top" style="display:inline;margin:0px;"  alt="Select Specific Records"  /></a>
		&nbsp;<span id="mx6849_label"  class="text">Select Records</span>
</div></td>

	</tr>

						</table>
					</div>
				</div></td>
				</tr>
</table>
</td>
				</tr>
				<tr   control="true" id="mx6813_3"    style="vertical-align:top;">
				</tr>
		</table>
	
	</div>
<!-- END Tableouter -->
</td>
				</tr>

			</table>
			
			</div>
	
		</td>
	</tr>
</table>
<table role="presentation" width="100%" class="dbottom" height="*" ondblclick="cancelEvent(event);">
	<tr>
		<td class="    dss" align="right">
	
			<table role="presentation" cellspacing="2" width="100%">
							<tr   control="true" id="mx6831_0"    style="vertical-align:top;">

<td colspan="7" height="0" align="right" id="mx6830"  style=";white-space: nowrap;" class="invisbuttongroup">
	<div style="width:100%;;">
		<table id="mx6830_table"  summary="" role="group">
			<tr>
			<td align="right" style="white-space: nowrap;">
<div aria-live="polite" id="mx6833_holder" class="bc">
		<button ctype="pushbutton"      control="true" id="mx6833"  class="text pb default"  style="">Cancel</button></div>			</td>
			</tr>
		</table>
	</div>
</td>
				</tr>

			</table>
			
		</td>
	</tr>
</table>

		</td>
	</tr>
</table>

<img tabindex="0" labelid="mx6762" alt="" id="lookup_VALUELIST_last" onfocus="moveable_onfocus(this);" src="../webclient/skins-20170809-1350/tivoli09/images/blank.gif" width="1" height="1" lastbuttonid="mx6833"></td>
			</tr>
		</table>
		<script>
			window.setTimeout("_initDialog('mx6773','lookup_VALUELIST',-1,true)", 50);
		</script>
]]></component>

<deferredscript><![CDATA[scrollScreen('0','0');focusItem('mx6881',true);resetLogoutTimer(true);if(tpaeConfig.validationOn) {setButtonEnabled(saveButton,true)};]]></deferredscript></server_response>