<?xml version="1.0" encoding="UTF-8" ?>
<server_response csrftoken="48l0rj1i5tuo54rq9mtv1osq99">
	<component id="mx2514_holder"><![CDATA[<script>
		var el = document.getElementById("mx2514");
		if(el)
		{
			el.style.display="";
		}
	</script>]]></component>
<component vis="true" id="mx2513_holder" compid="mx2513"><![CDATA[<a  href="javascript: void(0);" ctype="toggleimage" ev="true" tabindex="0"  compid="mx2513"  title="Minimize Section"><img id="mx2513"  aria-disabled="true" aria-hidden="true"  tabindex="-1" border="0" class="ti   " src="../webclient/skins-20170809-1350/tivoli09/images/minimize.gif" source="minimize.gif" imgtype="" ev="true" align="top" style="display:block;margin:0px;"  alt="Minimize Section"  /></a>
]]></component>
<component vis="true" id="mx2576_holder" compid="mx2576"><![CDATA[<input   role="textbox"  id="mx2576" class="fld text  "     ctype="textbox"   li="mx2577"     maxlength="3" style=";width:75.0px;"   async='1'  ae="setvalue"    type="text" title="Was SGN attendance on site as a result of a Smart Meter?: NO" value="NO" ov="NO" work="1" fldInfo='{&quot;length&quot;:&quot;3&quot;,&quot;inttype&quot;:&quot;1&quot;,&quot;lookup&quot;:&quot;VALUELIST&quot;,&quot;eventpriority&quot;:2}'/>]]></component>
	<compvalue id="mx2576"><![CDATA[NO]]></compvalue>
	<component id="mx3333_holder"><![CDATA[<script>
		var el = document.getElementById("mx3333");
		if(el)
		{
			el.style.display="";
		}
	</script>]]></component>
<component vis="true" id="mx3314_holder" compid="mx3314"><![CDATA[<span ctype="label"  id="mx3314"   tabindex="0"      targetid="mx3314"  mxevent="click"  class="text tht   anchor" style="display:block;padding-left:2px;padding-top:2px;;cursor:pointer;;;;" title="Filter">Filter</span>]]></component>
<component vis="true" id="mx3327_holder" compid="mx3327"><![CDATA[<label ctype="label"  id="mx3327"    noclick="1"   targetid="mx3327"    class="text tht  " style="display:block;padding-left:2px;padding-top:2px;;;;;" title="0 - 0 of 0">0 - 0 of 0</label>]]></component>
<component vis="true" id="mx3329_holder" compid="mx3329"><![CDATA[	<div id="mx3329" name="mx3329" class="text ts  ts  "  >&nbsp;</div>
]]></component>
<component vis="true" id="mx3330_holder" compid="mx3330"><![CDATA[<a ctype="label" disabled='disabled' id="mx3330"  href="Javascript: void(0);"  noclick="1"   targetid="mx3330"    class="text tht  " style="display:block;;;color:#C0C0C0;;" title="Download"><img id='mx3330_image' src='../webclient/skins-20170809-1350/tivoli09/images/tablebtn_download_off.gif'  border='0' alt="Download" style='vertical-align:top;margin:0px;margin-left:3px;margin-right:3px;'/><span>Download</span></a>]]></component>
		<component id="mx3356_holder"><![CDATA[<script>
		addLoadMethod("updateDisplay('mx3356','')");
		</script>]]></component>

	<component id="mx3363_holder"><![CDATA[<script>
        var tableBody = document.getElementById("mx3363");
        if(tableBody)
        {
			tableBody.setAttribute("rownum", "-1" );
		}
	</script>]]></component>
	
	<component id="mx3378_holder"><![CDATA[<script>
        el = document.getElementById("mx3378");
        if(el)
        {
            
			el.style.display="none";
			el.setAttribute("aria-hidden" , "true");
			el.setAttribute("rownum", "-1" );
		}
		el = document.getElementById("mx3378_inner");
		if(el)
		{
				el.style.display="none";
				el.setAttribute("aria-hidden" , "true");
		}
	</script>]]></component>
	<component id="mx3520_holder"><![CDATA[<script>
		var el = document.getElementById("mx3520");
		if(el)
		{
			el.style.display="";
		}
	</script>]]></component>
<component vis="true" id="mx3501_holder" compid="mx3501"><![CDATA[<span ctype="label"  id="mx3501"   tabindex="0"      targetid="mx3501"  mxevent="click"  class="text tht   anchor" style="display:block;padding-left:2px;padding-top:2px;;cursor:pointer;;;;" title="Filter">Filter</span>]]></component>
<component vis="true" id="mx3514_holder" compid="mx3514"><![CDATA[<label ctype="label"  id="mx3514"    noclick="1"   targetid="mx3514"    class="text tht  " style="display:block;padding-left:2px;padding-top:2px;;;;;" title="0 - 0 of 0">0 - 0 of 0</label>]]></component>
<component vis="true" id="mx3516_holder" compid="mx3516"><![CDATA[	<div id="mx3516" name="mx3516" class="text ts  ts  "  >&nbsp;</div>
]]></component>
<component vis="true" id="mx3517_holder" compid="mx3517"><![CDATA[<a ctype="label" disabled='disabled' id="mx3517"  href="Javascript: void(0);"  noclick="1"   targetid="mx3517"    class="text tht  " style="display:block;;;color:#C0C0C0;;" title="Download"><img id='mx3517_image' src='../webclient/skins-20170809-1350/tivoli09/images/tablebtn_download_off.gif'  border='0' alt="Download" style='vertical-align:top;margin:0px;margin-left:3px;margin-right:3px;'/><span>Download</span></a>]]></component>
		<component id="mx3543_holder"><![CDATA[<script>
		addLoadMethod("updateDisplay('mx3543','')");
		</script>]]></component>

	<component id="mx3550_holder"><![CDATA[<script>
        var tableBody = document.getElementById("mx3550");
        if(tableBody)
        {
			tableBody.setAttribute("rownum", "-1" );
		}
	</script>]]></component>
	
	<component id="mx3567_holder"><![CDATA[<script>
        el = document.getElementById("mx3567");
        if(el)
        {
            
			el.style.display="none";
			el.setAttribute("aria-hidden" , "true");
			el.setAttribute("rownum", "-1" );
		}
		el = document.getElementById("mx3567_inner");
		if(el)
		{
				el.style.display="none";
				el.setAttribute("aria-hidden" , "true");
		}
	</script>]]></component>
<component vis="true" id="mx6773_holder" compid="mx6773" replacemethod="NONE"><![CDATA[
			<script>
			cancelTimerCalls();
			cancelQueryTimeout();
			dialogCount--;
			showObjs();
			var dialogToRemove=getElement("mx6773_inner");
			if(dialogToRemove)
			{
				removePageAutoFill("1");
				dialogTD=dialogToRemove.parentNode;
				dialogRow=dialogTD.parentNode;
				dialogRow.deleteCell(dialogTD.cellIndex);
				removeModalWaitLayer();
			}
			</script>
		]]></component>


<deferredscript><![CDATA[focusItem('mx2576',true);resetLogoutTimer(true);if(tpaeConfig.validationOn) {setButtonEnabled(saveButton,true)};]]></deferredscript></server_response>