﻿<?xml version="1.0"?>
<!DOCTYPE Report
[
<!ELEMENT Report (General ,(Doc|BPT)) >
<!ATTLIST Report ver CDATA #REQUIRED tmZone CDATA #REQUIRED>

<!ELEMENT General ( DocLocation ) >
<!ATTLIST General productName CDATA #REQUIRED productVer CDATA #REQUIRED os CDATA #REQUIRED host CDATA #REQUIRED qcserver CDATA #IMPLIED qcproject CDATA #IMPLIED SolManSolutionId CDATA #IMPLIED SolManProjectId CDATA #IMPLIED SolManTestPlanId CDATA #IMPLIED SolManTestPackageId CDATA #IMPLIED SolManUserInfoData CDATA #IMPLIED  >

<!ELEMENT BPT (DName,Res,DVer?,TSet?,TInst?,NodeArgs,AdditionalInfo*,Doc*) >
<!ATTLIST BPT rID ID #REQUIRED >

<!ELEMENT Doc (DName,ConfName?,Res,DVer?,TSet?,TInst?,RunType?,DT?,AdditionalInfo*,Step*,DIter*,Step*,Action*,Doc*,Summary?,TestMaintenanceSummary*,NodeArgs?) >
<!ATTLIST Doc rID ID #REQUIRED type (Test|BC|BPTWrapperTest|Flow|Group|Action) "Test" productName CDATA #REQUIRED BCIter CDATA #IMPLIED >

<!ELEMENT RunType ( #PCDATA )>
<!ATTLIST RunType fmStep (False|True) "False" batch (False|True) "False" upDesc (False|True) "False" upChk (False|True) "False" upAS (False|True) "False">

<!ELEMENT DName ( #PCDATA ) >

<!ELEMENT ConfName ( #PCDATA ) >

<!ELEMENT Res ( #PCDATA ) >

<!ELEMENT AdditionalInfo (AdditionalDataName,AdditionalDataValue ) >

<!ELEMENT AdditionalDataName ( #PCDATA ) >

<!ELEMENT AdditionalDataValue ( #PCDATA ) >

<!ELEMENT DVer ( #PCDATA ) >

<!ELEMENT TSet ( #PCDATA ) >

<!ELEMENT TInst ( #PCDATA ) >

<!ELEMENT DIter (Step*,Action+,Summary?,NodeArgs)>
<!ATTLIST DIter rID ID #REQUIRED iterID CDATA #REQUIRED>

<!ELEMENT DocLocation ( #PCDATA )>

<!ELEMENT Action (AName,AIter*,(Step|HtmlStep|Action)*, Summary,ActionMaintenanceSummary*, NodeArgs ) >
<!ATTLIST Action rID ID #REQUIRED>

<!ELEMENT AIter ((Step|HtmlStep|Action)*,DataMapping?, Summary?,NodeArgs) >
<!ATTLIST AIter rID ID #REQUIRED iterID CDATA #REQUIRED isCountable (False|True) "False" >

<!ELEMENT AName ( #PCDATA ) >

<!ELEMENT TestMaintenanceSummary (ActionMaintenanceSummary*) >
<!ATTLIST TestMaintenanceSummary ObjectsAdded CDATA #REQUIRED ObjectsUpdated CDATA #REQUIRED StepsUpdated CDATA #REQUIRED StepsComments CDATA #REQUIRED><!ELEMENT ActionMaintenanceSummary (ObjectChange* ) >
<!ATTLIST ActionMaintenanceSummary Action CDATA #REQUIRED Objects CDATA #REQUIRED Updated CDATA #REQUIRED LinesTotal CDATA #REQUIRED Added CDATA #REQUIRED LinesUpdated CDATA #REQUIRED>

<!ELEMENT ObjectChange  (Hierarchy, PropertyChangeList* ) >
<!ATTLIST ObjectChange Operation CDATA #IMPLIED OriginalRepository CDATA #IMPLIED>

<!ELEMENT PropertyChangeList (PropertyDef*) >

<!ELEMENT PropertyDef (OriginalValue, NewValue) >
<!ATTLIST PropertyDef PropName CDATA #REQUIRED OriginRegularExpression (True|False) "False" NewRegularExpression (True|False) "False" AddedProperty (True|False) "False" >

<!ELEMENT OriginalValue ( #PCDATA )>

<!ELEMENT NewValue ( #PCDATA )>

<!ELEMENT Hierarchy  (ObjectName, Hierarchy*) >
<!ATTLIST Hierarchy MicClass CDATA #REQUIRED>

<!ELEMENT ObjectName  ( #PCDATA ) >

<!ELEMENT Step (Obj,Details,Time,TimeTick* ,(Step|HtmlStep|Doc)*, DataMapping?, NodeArgs) >
<!ATTLIST Step rID ID #REQUIRED retval CDATA #IMPLIED>

<!ELEMENT HtmlStep (HTML,TimeTick*,(Step|HtmlStep|Doc)*,NodeArgs) >
<!ATTLIST HtmlStep rID ID #REQUIRED >

<!ELEMENT Obj ( #PCDATA ) >
<!ATTLIST Obj plainTxt (False|True) "True">

<!ELEMENT Details ( #PCDATA ) >
<!ATTLIST Details plainTxt (False|True) "True">

<!ELEMENT Time ( #PCDATA ) >

<!ELEMENT HTML ( #PCDATA ) >

<!ELEMENT Disp ( #PCDATA ) >

<!ELEMENT TimeTick ( #PCDATA ) >

<!ELEMENT DataMapping ( DataMappedItem* )>
<!ELEMENT DataMappedItem EMPTY >
<!ATTLIST DataMappedItem dsName CDATA #REQUIRED >
<!ATTLIST DataMappedItem rowId CDATA #REQUIRED >

<!ELEMENT NodeArgs (Disp,TopPane?,BtmPane?,ExtendedInfo? )>
<!ATTLIST NodeArgs eType CDATA #REQUIRED icon CDATA #REQUIRED nRep CDATA #REQUIRED UserNote CDATA #IMPLIED filter (False|True) "True">
<!ATTLIST NodeArgs status (Passed|Failed|Done|Warning|Information) "Done">
<!ATTLIST NodeArgs iconSel CDATA #IMPLIED nType CDATA #IMPLIED MovieMarker CDATA "">
<!ATTLIST NodeArgs Source CDATA #IMPLIED SourceLine CDATA #IMPLIED StepFlowItemKey CDATA #IMPLIED >

<!ELEMENT TopPane (Path)>

<!ELEMENT BtmPane ( (Path|WR)?,ASHilite?)>
<!ATTLIST BtmPane vType CDATA "HTML">

<!ELEMENT Path ( #PCDATA ) >

<!ELEMENT ASHilite ( #PCDATA ) >

<!ELEMENT WR ( #PCDATA ) >

<!ELEMENT ExtendedInfo ( StepData ) >

<!ATTLIST ExtendedInfo StepType CDATA #REQUIRED>
<!ELEMENT DT (NodeArgs) >
<!ATTLIST DT rID ID #REQUIRED>

<!ELEMENT Summary (Param*)>
<!ATTLIST Summary sTime CDATA #IMPLIED eTime CDATA #IMPLIED passed CDATA #IMPLIED failed CDATA #IMPLIED warnings CDATA #IMPLIED retval CDATA #IMPLIED stopped (False|True) "False" >

<!ELEMENT Param (ParamName,ParamVal)+ >
<!ATTLIST Param paramInOut (In|Out) "In">

<!ELEMENT ParamName ( #PCDATA ) >

<!ELEMENT ParamVal ( #PCDATA ) >

]
>
<Report ver="2.0" tmZone="India Standard Time">
<General productName="Vugen" productVer="12" os="" host="DESKTOP-KIBHQB1"><DocLocation><![CDATA[D:\Users\ST55296\Documents\VuGen\Scripts\Project_UAT_Maximo_Raw_V4]]></DocLocation></General>
<Doc rID="T1"   productName= "Vugen"  >
<DName><![CDATA[Project_UAT_Maximo_Raw_V4]]></DName>
<Res><![CDATA[result1]]></Res>
<Action rID="T2">
<AName><![CDATA[vuser_init]]></AName>
<Summary sTime="27/04/2018 - 16:10:16" eTime="27/04/2018 - 16:10:16" passed="0" failed="0" warnings="0" ></Summary>
<NodeArgs eType="StartAction" icon="2" nRep="5" >
<Disp><![CDATA[vuser_init Summary]]></Disp>
</NodeArgs>
</Action>
<DIter rID="T3" iterID="1" >
<Action rID="T4">
<AName><![CDATA[Action]]></AName>
<Step rID="T5">
<Obj plainTxt="False" ><![CDATA[Service: Reg Find]]></Obj>
<Details plainTxt="False" ><![CDATA[<CENTER><STRONG><FONT COLOR=#00AF00>Text=Welcome to Maximo Project UAT</FONT></STRONG></CENTER>]]></Details>
<Time><![CDATA[27/04/2018 - 16:10:17]]></Time>
<TimeTick>1524825617</TimeTick>
<NodeArgs eType="General" icon="4" nRep="9" >
<Disp><![CDATA[Service: Reg Find]]></Disp>
</NodeArgs>
</Step>
<Step rID="T6">
<Obj plainTxt="False" ><![CDATA[Service: Reg Save Param Attrib]]></Obj>
<Details plainTxt="False" ><![CDATA[<CENTER>ParamName = <STRONG><FONT COLOR=#00AF00>loginstamp</FONT></STRONG><BR>TagName = <STRONG><FONT COLOR=#00AF00>input</FONT></STRONG><BR>Extract = <STRONG><FONT COLOR=#00AF00>value</FONT></STRONG></CENTER>]]></Details>
<Time><![CDATA[27/04/2018 - 16:10:17]]></Time>
<TimeTick>1524825617</TimeTick>
<NodeArgs eType="General" icon="5" nRep="10" >
<Disp><![CDATA[Service: Reg Save Param Attrib]]></Disp>
</NodeArgs>
</Step>
<Step rID="T7">
<Obj plainTxt="False" ><![CDATA[Url: login.jsp]]></Obj>
<Details plainTxt="False" ><![CDATA[<CENTER><STRONG><FONT COLOR=#009A63>Step completed successfully</FONT></STRONG></CENTER>]]></Details>
<Time><![CDATA[27/04/2018 - 16:10:18]]></Time>
<TimeTick>1524825618</TimeTick>
<NodeArgs eType="General" icon="6" nRep="11" status="Passed" >
<Disp><![CDATA[Url: login.jsp]]></Disp>
<BtmPane vType="HTMLSNSH" >
<Path><![CDATA[\Iteration1\t2.inf]]></Path>
</BtmPane>
</NodeArgs>
</Step>
<Step rID="T8">
<Obj plainTxt="False" ><![CDATA[Service: Reg Find]]></Obj>
<Details plainTxt="False" ><![CDATA[<CENTER><STRONG><FONT COLOR=#00AF00>Text=Start Center</FONT></STRONG></CENTER>]]></Details>
<Time><![CDATA[27/04/2018 - 16:10:18]]></Time>
<TimeTick>1524825618</TimeTick>
<NodeArgs eType="General" icon="4" nRep="12" >
<Disp><![CDATA[Service: Reg Find]]></Disp>
</NodeArgs>
</Step>
<Step rID="T9">
<Obj plainTxt="False" ><![CDATA[Service: Reg Save Param Ex]]></Obj>
<Details plainTxt="False" ><![CDATA[<CENTER>TargetParam = <STRONG><FONT COLOR=#00AF00>csrftoken</FONT></STRONG><BR>Left Boundary = <STRONG><FONT COLOR=#00AF00>LB=csrftoken=</FONT></STRONG><BR>Right Boundary = <STRONG><FONT COLOR=#00AF00>RB=";
			var XHRACTION </FONT></STRONG><BR>Instance = <STRONG><FONT COLOR=#00AF00>Argument omitted</FONT></STRONG></CENTER>]]></Details>
<Time><![CDATA[27/04/2018 - 16:10:18]]></Time>
<TimeTick>1524825618</TimeTick>
<NodeArgs eType="General" icon="5" nRep="13" >
<Disp><![CDATA[Service: Reg Save Param Ex]]></Disp>
</NodeArgs>
</Step>
<Step rID="T10">
<Obj plainTxt="False" ><![CDATA[Service: Reg Save Param]]></Obj>
<Details plainTxt="False" ><![CDATA[<CENTER>ParamName =<STRONG><FONT COLOR=#00AF00>uisessionid</FONT></STRONG><BR>Left Boundary = <STRONG><FONT COLOR=#00AF00>LB=maximo.jsp?uisessionid=</FONT></STRONG><BR>Right Boundary = <STRONG><FONT COLOR=#00AF00>RB=&</FONT></STRONG><BR>Instance = <STRONG><FONT COLOR=#00AF00></FONT></STRONG></CENTER>]]></Details>
<Time><![CDATA[27/04/2018 - 16:10:18]]></Time>
<TimeTick>1524825618</TimeTick>
<NodeArgs eType="General" icon="5" nRep="14" >
<Disp><![CDATA[Service: Reg Save Param]]></Disp>
</NodeArgs>
</Step>
<Step rID="T11">
<Obj plainTxt="False" ><![CDATA[Service: Reg Save Param Ex]]></Obj>
<Details plainTxt="False" ><![CDATA[<CENTER>TargetParam = <STRONG><FONT COLOR=#00AF00>currentfocus_4</FONT></STRONG><BR>Left Boundary = <STRONG><FONT COLOR=#00AF00>LB= id="</FONT></STRONG><BR>Right Boundary = <STRONG><FONT COLOR=#00AF00>RB=_holder</FONT></STRONG><BR>Instance = <STRONG><FONT COLOR=#00AF00>Ordinal=6</FONT></STRONG></CENTER>]]></Details>
<Time><![CDATA[27/04/2018 - 16:10:18]]></Time>
<TimeTick>1524825618</TimeTick>
<NodeArgs eType="General" icon="5" nRep="15" >
<Disp><![CDATA[Service: Reg Save Param Ex]]></Disp>
</NodeArgs>
</Step>
<Step rID="T12">
<Obj plainTxt="False" ><![CDATA[Submit Data: login]]></Obj>
<Details plainTxt="False" ><![CDATA[<CENTER><STRONG><FONT COLOR=#009A63>Step completed successfully</FONT></STRONG></CENTER>]]></Details>
<Time><![CDATA[27/04/2018 - 16:10:20]]></Time>
<TimeTick>1524825620</TimeTick>
<NodeArgs eType="General" icon="7" nRep="16" status="Passed" >
<Disp><![CDATA[Submit Data: login]]></Disp>
<BtmPane vType="HTMLSNSH" >
<Path><![CDATA[\Iteration1\t5.inf]]></Path>
</BtmPane>
</NodeArgs>
</Step>
<Step rID="T13">
<Obj plainTxt="False" ><![CDATA[Service: Add Header]]></Obj>
<Details plainTxt="False" ><![CDATA[<CENTER>Add the following header to the next HTTP request :<BR><STRONG><FONT COLOR=#00AF00>X-Requested-With: XMLHttpRequest</FONT></STRONG></CENTER>]]></Details>
<Time><![CDATA[27/04/2018 - 16:10:20]]></Time>
<TimeTick>1524825620</TimeTick>
<NodeArgs eType="General" icon="8" nRep="17" >
<Disp><![CDATA[Service: Add Header]]></Disp>
</NodeArgs>
</Step>
<Step rID="T14">
<Obj plainTxt="False" ><![CDATA[Service: Add Header]]></Obj>
<Details plainTxt="False" ><![CDATA[<CENTER>Add the following header to the next HTTP request :<BR><STRONG><FONT COLOR=#00AF00>_QM_Try: 1</FONT></STRONG></CENTER>]]></Details>
<Time><![CDATA[27/04/2018 - 16:10:20]]></Time>
<TimeTick>1524825620</TimeTick>
<NodeArgs eType="General" icon="8" nRep="18" >
<Disp><![CDATA[Service: Add Header]]></Disp>
</NodeArgs>
</Step>
<Step rID="T15">
<Obj plainTxt="False" ><![CDATA[Service: Add Header]]></Obj>
<Details plainTxt="False" ><![CDATA[<CENTER>Add the following header to the next HTTP request :<BR><STRONG><FONT COLOR=#00AF00>pageseqnum: 1</FONT></STRONG></CENTER>]]></Details>
<Time><![CDATA[27/04/2018 - 16:10:20]]></Time>
<TimeTick>1524825620</TimeTick>
<NodeArgs eType="General" icon="8" nRep="19" >
<Disp><![CDATA[Service: Add Header]]></Disp>
</NodeArgs>
</Step>
<Step rID="T16">
<Obj plainTxt="False" ><![CDATA[Service: Add Header]]></Obj>
<Details plainTxt="False" ><![CDATA[<CENTER>Add the following header to the next HTTP request :<BR><STRONG><FONT COLOR=#00AF00>xhrseqnum: 1</FONT></STRONG></CENTER>]]></Details>
<Time><![CDATA[27/04/2018 - 16:10:20]]></Time>
<TimeTick>1524825620</TimeTick>
<NodeArgs eType="General" icon="8" nRep="20" >
<Disp><![CDATA[Service: Add Header]]></Disp>
</NodeArgs>
</Step>
<Step rID="T17">
<Obj plainTxt="False" ><![CDATA[Submit Data: maximo.jsp]]></Obj>
<Details plainTxt="False" ><![CDATA[<CENTER><STRONG><FONT COLOR=#009A63>Step completed successfully</FONT></STRONG></CENTER>]]></Details>
<Time><![CDATA[27/04/2018 - 16:10:20]]></Time>
<TimeTick>1524825620</TimeTick>
<NodeArgs eType="General" icon="7" nRep="21" status="Passed" >
<Disp><![CDATA[Submit Data: maximo.jsp]]></Disp>
<BtmPane vType="HTMLSNSH" >
<Path><![CDATA[\Iteration1\t6.inf]]></Path>
</BtmPane>
</NodeArgs>
</Step>
<Step rID="T18">
<Obj plainTxt="False" ><![CDATA[Service: Reg Find]]></Obj>
<Details plainTxt="False" ><![CDATA[<CENTER><STRONG><FONT COLOR=#00AF00>Text=Emergency Work Order Tracking</FONT></STRONG></CENTER>]]></Details>
<Time><![CDATA[27/04/2018 - 16:10:20]]></Time>
<TimeTick>1524825620</TimeTick>
<NodeArgs eType="General" icon="4" nRep="22" >
<Disp><![CDATA[Service: Reg Find]]></Disp>
</NodeArgs>
</Step>
<Step rID="T19">
<Obj plainTxt="False" ><![CDATA[Service: Reg Save Param Ex]]></Obj>
<Details plainTxt="False" ><![CDATA[<CENTER>TargetParam = <STRONG><FONT COLOR=#00AF00>currentfocus_5</FONT></STRONG><BR>Left Boundary = <STRONG><FONT COLOR=#00AF00>LB= id="</FONT></STRONG><BR>Right Boundary = <STRONG><FONT COLOR=#00AF00>RB=" ctype</FONT></STRONG><BR>Instance = <STRONG><FONT COLOR=#00AF00>Ordinal=15</FONT></STRONG></CENTER>]]></Details>
<Time><![CDATA[27/04/2018 - 16:10:20]]></Time>
<TimeTick>1524825620</TimeTick>
<NodeArgs eType="General" icon="5" nRep="23" >
<Disp><![CDATA[Service: Reg Save Param Ex]]></Disp>
</NodeArgs>
</Step>
<Step rID="T20">
<Obj plainTxt="False" ><![CDATA[Service: Reg Save Param Ex]]></Obj>
<Details plainTxt="False" ><![CDATA[<CENTER>TargetParam = <STRONG><FONT COLOR=#00AF00>currentfocus_6</FONT></STRONG><BR>Left Boundary = <STRONG><FONT COLOR=#00AF00>LB= id="</FONT></STRONG><BR>Right Boundary = <STRONG><FONT COLOR=#00AF00>RB="   width</FONT></STRONG><BR>Instance = <STRONG><FONT COLOR=#00AF00>Ordinal=12</FONT></STRONG></CENTER>]]></Details>
<Time><![CDATA[27/04/2018 - 16:10:20]]></Time>
<TimeTick>1524825620</TimeTick>
<NodeArgs eType="General" icon="5" nRep="24" >
<Disp><![CDATA[Service: Reg Save Param Ex]]></Disp>
</NodeArgs>
</Step>
<Step rID="T21">
<Obj plainTxt="False" ><![CDATA[Service: Reg Save Param Ex]]></Obj>
<Details plainTxt="False" ><![CDATA[<CENTER>TargetParam = <STRONG><FONT COLOR=#00AF00>currentfocus_7</FONT></STRONG><BR>Left Boundary = <STRONG><FONT COLOR=#00AF00>LB= id="</FONT></STRONG><BR>Right Boundary = <STRONG><FONT COLOR=#00AF00>RB=_holder</FONT></STRONG><BR>Instance = <STRONG><FONT COLOR=#00AF00>Ordinal=72</FONT></STRONG></CENTER>]]></Details>
<Time><![CDATA[27/04/2018 - 16:10:20]]></Time>
<TimeTick>1524825620</TimeTick>
<NodeArgs eType="General" icon="5" nRep="25" >
<Disp><![CDATA[Service: Reg Save Param Ex]]></Disp>
</NodeArgs>
</Step>
<Step rID="T22">
<Obj plainTxt="False" ><![CDATA[Url: ui]]></Obj>
<Details plainTxt="False" ><![CDATA[<CENTER><STRONG><FONT COLOR=#009A63>Step completed successfully</FONT></STRONG></CENTER>]]></Details>
<Time><![CDATA[27/04/2018 - 16:10:21]]></Time>
<TimeTick>1524825621</TimeTick>
<NodeArgs eType="General" icon="6" nRep="26" status="Passed" >
<Disp><![CDATA[Url: ui]]></Disp>
<BtmPane vType="HTMLSNSH" >
<Path><![CDATA[\Iteration1\t10.inf]]></Path>
</BtmPane>
</NodeArgs>
</Step>
<Step rID="T23">
<Obj plainTxt="False" ><![CDATA[Service: Add Header]]></Obj>
<Details plainTxt="False" ><![CDATA[<CENTER>Add the following header to the next HTTP request :<BR><STRONG><FONT COLOR=#00AF00>xhrseqnum: 1</FONT></STRONG></CENTER>]]></Details>
<Time><![CDATA[27/04/2018 - 16:10:22]]></Time>
<TimeTick>1524825622</TimeTick>
<NodeArgs eType="General" icon="8" nRep="27" >
<Disp><![CDATA[Service: Add Header]]></Disp>
</NodeArgs>
</Step>
<Step rID="T24">
<Obj plainTxt="False" ><![CDATA[Service: Add Auto Header]]></Obj>
<Details plainTxt="False" ><![CDATA[<CENTER>Add the following header to all subsequent HTTP requests :<BR><STRONG><FONT COLOR=#00AF00>X-Requested-With: XMLHttpRequest</FONT></STRONG></CENTER>]]></Details>
<Time><![CDATA[27/04/2018 - 16:10:22]]></Time>
<TimeTick>1524825622</TimeTick>
<NodeArgs eType="General" icon="9" nRep="28" >
<Disp><![CDATA[Service: Add Auto Header]]></Disp>
</NodeArgs>
</Step>
<Step rID="T25">
<Obj plainTxt="False" ><![CDATA[Service: Add Auto Header]]></Obj>
<Details plainTxt="False" ><![CDATA[<CENTER>Add the following header to all subsequent HTTP requests :<BR><STRONG><FONT COLOR=#00AF00>_QM_Try: 1</FONT></STRONG></CENTER>]]></Details>
<Time><![CDATA[27/04/2018 - 16:10:22]]></Time>
<TimeTick>1524825622</TimeTick>
<NodeArgs eType="General" icon="9" nRep="29" >
<Disp><![CDATA[Service: Add Auto Header]]></Disp>
</NodeArgs>
</Step>
<Step rID="T26">
<Obj plainTxt="False" ><![CDATA[Service: Add Auto Header]]></Obj>
<Details plainTxt="False" ><![CDATA[<CENTER>Add the following header to all subsequent HTTP requests :<BR><STRONG><FONT COLOR=#00AF00>pageseqnum: 2</FONT></STRONG></CENTER>]]></Details>
<Time><![CDATA[27/04/2018 - 16:10:22]]></Time>
<TimeTick>1524825622</TimeTick>
<NodeArgs eType="General" icon="9" nRep="30" >
<Disp><![CDATA[Service: Add Auto Header]]></Disp>
</NodeArgs>
</Step>
<Step rID="T27">
<Obj plainTxt="False" ><![CDATA[Service: Reg Save Param]]></Obj>
<Details plainTxt="False" ><![CDATA[<CENTER>ParamName =<STRONG><FONT COLOR=#00AF00>WorkOrder</FONT></STRONG><BR>Left Boundary = <STRONG><FONT COLOR=#00AF00>LB=title="Work Order: </FONT></STRONG><BR>Right Boundary = <STRONG><FONT COLOR=#00AF00>RB=" value="</FONT></STRONG><BR>Instance = <STRONG><FONT COLOR=#00AF00></FONT></STRONG></CENTER>]]></Details>
<Time><![CDATA[27/04/2018 - 16:10:22]]></Time>
<TimeTick>1524825622</TimeTick>
<NodeArgs eType="General" icon="5" nRep="31" >
<Disp><![CDATA[Service: Reg Save Param]]></Disp>
</NodeArgs>
</Step>
<Step rID="T28">
<Obj plainTxt="False" ><![CDATA[Submit Data: maximo.jsp_2]]></Obj>
<Details plainTxt="False" ><![CDATA[<CENTER><STRONG><FONT COLOR=#009A63>Step completed successfully</FONT></STRONG></CENTER>]]></Details>
<Time><![CDATA[27/04/2018 - 16:10:23]]></Time>
<TimeTick>1524825623</TimeTick>
<NodeArgs eType="General" icon="7" nRep="32" status="Passed" >
<Disp><![CDATA[Submit Data: maximo.jsp_2]]></Disp>
<BtmPane vType="HTMLSNSH" >
<Path><![CDATA[\Iteration1\t11.inf]]></Path>
</BtmPane>
</NodeArgs>
</Step>
<Step rID="T29">
<Obj plainTxt="False" ><![CDATA[Service: Add Header]]></Obj>
<Details plainTxt="False" ><![CDATA[<CENTER>Add the following header to the next HTTP request :<BR><STRONG><FONT COLOR=#00AF00>xhrseqnum: 2</FONT></STRONG></CENTER>]]></Details>
<Time><![CDATA[27/04/2018 - 16:10:23]]></Time>
<TimeTick>1524825623</TimeTick>
<NodeArgs eType="General" icon="8" nRep="33" >
<Disp><![CDATA[Service: Add Header]]></Disp>
</NodeArgs>
</Step>
<Step rID="T30">
<Obj plainTxt="False" ><![CDATA[Submit Data: maximo.jsp_3]]></Obj>
<Details plainTxt="False" ><![CDATA[<CENTER><STRONG><FONT COLOR=#009A63>Step completed successfully</FONT></STRONG></CENTER>]]></Details>
<Time><![CDATA[27/04/2018 - 16:10:24]]></Time>
<TimeTick>1524825624</TimeTick>
<NodeArgs eType="General" icon="7" nRep="34" status="Passed" >
<Disp><![CDATA[Submit Data: maximo.jsp_3]]></Disp>
<BtmPane vType="HTMLSNSH" >
<Path><![CDATA[\Iteration1\t12.inf]]></Path>
</BtmPane>
</NodeArgs>
</Step>
<Step rID="T31">
<Obj plainTxt="False" ><![CDATA[Service: Add Header]]></Obj>
<Details plainTxt="False" ><![CDATA[<CENTER>Add the following header to the next HTTP request :<BR><STRONG><FONT COLOR=#00AF00>xhrseqnum: 3</FONT></STRONG></CENTER>]]></Details>
<Time><![CDATA[27/04/2018 - 16:10:24]]></Time>
<TimeTick>1524825624</TimeTick>
<NodeArgs eType="General" icon="8" nRep="35" >
<Disp><![CDATA[Service: Add Header]]></Disp>
</NodeArgs>
</Step>
<Step rID="T32">
<Obj plainTxt="False" ><![CDATA[Submit Data: maximo.jsp_4]]></Obj>
<Details plainTxt="False" ><![CDATA[<CENTER><STRONG><FONT COLOR=#009A63>Step completed successfully</FONT></STRONG></CENTER>]]></Details>
<Time><![CDATA[27/04/2018 - 16:10:24]]></Time>
<TimeTick>1524825624</TimeTick>
<NodeArgs eType="General" icon="7" nRep="36" status="Passed" >
<Disp><![CDATA[Submit Data: maximo.jsp_4]]></Disp>
<BtmPane vType="HTMLSNSH" >
<Path><![CDATA[\Iteration1\t13.inf]]></Path>
</BtmPane>
</NodeArgs>
</Step>
<Step rID="T33">
<Obj plainTxt="False" ><![CDATA[Service: Add Header]]></Obj>
<Details plainTxt="False" ><![CDATA[<CENTER>Add the following header to the next HTTP request :<BR><STRONG><FONT COLOR=#00AF00>xhrseqnum: 4</FONT></STRONG></CENTER>]]></Details>
<Time><![CDATA[27/04/2018 - 16:10:24]]></Time>
<TimeTick>1524825624</TimeTick>
<NodeArgs eType="General" icon="8" nRep="37" >
<Disp><![CDATA[Service: Add Header]]></Disp>
</NodeArgs>
</Step>
<Step rID="T34">
<Obj plainTxt="False" ><![CDATA[Service: Reg Save Param XPath]]></Obj>
<Details plainTxt="False" ><![CDATA[<CENTER>ParamName = <STRONG><FONT COLOR=#00AF00>currentfocus_3</FONT></STRONG><BR>QueryString = <STRONG><FONT COLOR=#00AF00>/server_response/compvalue[2]/@id</FONT></STRONG></CENTER>]]></Details>
<Time><![CDATA[27/04/2018 - 16:10:24]]></Time>
<TimeTick>1524825624</TimeTick>
<NodeArgs eType="General" icon="5" nRep="38" >
<Disp><![CDATA[Service: Reg Save Param XPath]]></Disp>
</NodeArgs>
</Step>
<Step rID="T35">
<Obj plainTxt="False" ><![CDATA[Submit Data: maximo.jsp_5]]></Obj>
<Details plainTxt="False" ><![CDATA[<CENTER><STRONG><FONT COLOR=#009A63>Step completed successfully</FONT></STRONG></CENTER>]]></Details>
<Time><![CDATA[27/04/2018 - 16:10:25]]></Time>
<TimeTick>1524825625</TimeTick>
<NodeArgs eType="General" icon="7" nRep="39" status="Passed" >
<Disp><![CDATA[Submit Data: maximo.jsp_5]]></Disp>
<BtmPane vType="HTMLSNSH" >
<Path><![CDATA[\Iteration1\t15.inf]]></Path>
</BtmPane>
</NodeArgs>
</Step>
<Step rID="T36">
<Obj plainTxt="False" ><![CDATA[Service: Add Header]]></Obj>
<Details plainTxt="False" ><![CDATA[<CENTER>Add the following header to the next HTTP request :<BR><STRONG><FONT COLOR=#00AF00>xhrseqnum: 5</FONT></STRONG></CENTER>]]></Details>
<Time><![CDATA[27/04/2018 - 16:10:25]]></Time>
<TimeTick>1524825625</TimeTick>
<NodeArgs eType="General" icon="8" nRep="40" >
<Disp><![CDATA[Service: Add Header]]></Disp>
</NodeArgs>
</Step>
<Step rID="T37">
<Obj plainTxt="False" ><![CDATA[Submit Data: maximo.jsp_6]]></Obj>
<Details plainTxt="False" ><![CDATA[<CENTER><STRONG><FONT COLOR=#009A63>Step completed successfully</FONT></STRONG></CENTER>]]></Details>
<Time><![CDATA[27/04/2018 - 16:10:25]]></Time>
<TimeTick>1524825625</TimeTick>
<NodeArgs eType="General" icon="7" nRep="41" status="Passed" >
<Disp><![CDATA[Submit Data: maximo.jsp_6]]></Disp>
<BtmPane vType="HTMLSNSH" >
<Path><![CDATA[\Iteration1\t16.inf]]></Path>
</BtmPane>
</NodeArgs>
</Step>
<Step rID="T38">
<Obj plainTxt="False" ><![CDATA[Service: Add Header]]></Obj>
<Details plainTxt="False" ><![CDATA[<CENTER>Add the following header to the next HTTP request :<BR><STRONG><FONT COLOR=#00AF00>xhrseqnum: 6</FONT></STRONG></CENTER>]]></Details>
<Time><![CDATA[27/04/2018 - 16:10:25]]></Time>
<TimeTick>1524825625</TimeTick>
<NodeArgs eType="General" icon="8" nRep="42" >
<Disp><![CDATA[Service: Add Header]]></Disp>
</NodeArgs>
</Step>
<Step rID="T39">
<Obj plainTxt="False" ><![CDATA[Submit Data: maximo.jsp_7]]></Obj>
<Details plainTxt="False" ><![CDATA[<CENTER><STRONG><FONT COLOR=#009A63>Step completed successfully</FONT></STRONG></CENTER>]]></Details>
<Time><![CDATA[27/04/2018 - 16:10:26]]></Time>
<TimeTick>1524825626</TimeTick>
<NodeArgs eType="General" icon="7" nRep="43" status="Passed" >
<Disp><![CDATA[Submit Data: maximo.jsp_7]]></Disp>
<BtmPane vType="HTMLSNSH" >
<Path><![CDATA[\Iteration1\t17.inf]]></Path>
</BtmPane>
</NodeArgs>
</Step>
<Step rID="T40">
<Obj plainTxt="False" ><![CDATA[Service: Add Header]]></Obj>
<Details plainTxt="False" ><![CDATA[<CENTER>Add the following header to the next HTTP request :<BR><STRONG><FONT COLOR=#00AF00>xhrseqnum: 7</FONT></STRONG></CENTER>]]></Details>
<Time><![CDATA[27/04/2018 - 16:10:26]]></Time>
<TimeTick>1524825626</TimeTick>
<NodeArgs eType="General" icon="8" nRep="44" >
<Disp><![CDATA[Service: Add Header]]></Disp>
</NodeArgs>
</Step>
<Step rID="T41">
<Obj plainTxt="False" ><![CDATA[Service: Reg Save Param XPath]]></Obj>
<Details plainTxt="False" ><![CDATA[<CENTER>ParamName = <STRONG><FONT COLOR=#00AF00>currentfocus_2</FONT></STRONG><BR>QueryString = <STRONG><FONT COLOR=#00AF00>/server_response/compvalue[6]/@id</FONT></STRONG></CENTER>]]></Details>
<Time><![CDATA[27/04/2018 - 16:10:26]]></Time>
<TimeTick>1524825626</TimeTick>
<NodeArgs eType="General" icon="5" nRep="45" >
<Disp><![CDATA[Service: Reg Save Param XPath]]></Disp>
</NodeArgs>
</Step>
<Step rID="T42">
<Obj plainTxt="False" ><![CDATA[Submit Data: maximo.jsp_8]]></Obj>
<Details plainTxt="False" ><![CDATA[<CENTER><STRONG><FONT COLOR=#009A63>Step completed successfully</FONT></STRONG></CENTER>]]></Details>
<Time><![CDATA[27/04/2018 - 16:10:26]]></Time>
<TimeTick>1524825626</TimeTick>
<NodeArgs eType="General" icon="7" nRep="46" status="Passed" >
<Disp><![CDATA[Submit Data: maximo.jsp_8]]></Disp>
<BtmPane vType="HTMLSNSH" >
<Path><![CDATA[\Iteration1\t19.inf]]></Path>
</BtmPane>
</NodeArgs>
</Step>
<Step rID="T43">
<Obj plainTxt="False" ><![CDATA[Service: Remove/Revert Auto Header]]></Obj>
<Details plainTxt="False" ><![CDATA[<CENTER>Remove/revert <BR><STRONG><FONT COLOR=#00AF00>X-Requested-With</FONT></STRONG> header, implicit generation: <STRONG>Yes</STRONG></CENTER>]]></Details>
<Time><![CDATA[27/04/2018 - 16:10:26]]></Time>
<TimeTick>1524825626</TimeTick>
<NodeArgs eType="General" icon="10" nRep="47" >
<Disp><![CDATA[Service: Remove/Revert Auto Header]]></Disp>
</NodeArgs>
</Step>
<Step rID="T44">
<Obj plainTxt="False" ><![CDATA[Service: Remove/Revert Auto Header]]></Obj>
<Details plainTxt="False" ><![CDATA[<CENTER>Remove/revert <BR><STRONG><FONT COLOR=#00AF00>_QM_Try</FONT></STRONG> header, implicit generation: <STRONG>Yes</STRONG></CENTER>]]></Details>
<Time><![CDATA[27/04/2018 - 16:10:26]]></Time>
<TimeTick>1524825626</TimeTick>
<NodeArgs eType="General" icon="10" nRep="48" >
<Disp><![CDATA[Service: Remove/Revert Auto Header]]></Disp>
</NodeArgs>
</Step>
<Step rID="T45">
<Obj plainTxt="False" ><![CDATA[Service: Remove/Revert Auto Header]]></Obj>
<Details plainTxt="False" ><![CDATA[<CENTER>Remove/revert <BR><STRONG><FONT COLOR=#00AF00>pageseqnum</FONT></STRONG> header, implicit generation: <STRONG>Yes</STRONG></CENTER>]]></Details>
<Time><![CDATA[27/04/2018 - 16:10:26]]></Time>
<TimeTick>1524825626</TimeTick>
<NodeArgs eType="General" icon="10" nRep="49" >
<Disp><![CDATA[Service: Remove/Revert Auto Header]]></Disp>
</NodeArgs>
</Step>
<Step rID="T46">
<Obj plainTxt="False" ><![CDATA[Service: Add Header]]></Obj>
<Details plainTxt="False" ><![CDATA[<CENTER>Add the following header to the next HTTP request :<BR><STRONG><FONT COLOR=#00AF00>xhrseqnum: 8</FONT></STRONG></CENTER>]]></Details>
<Time><![CDATA[27/04/2018 - 16:10:26]]></Time>
<TimeTick>1524825626</TimeTick>
<NodeArgs eType="General" icon="8" nRep="50" >
<Disp><![CDATA[Service: Add Header]]></Disp>
</NodeArgs>
</Step>
<Step rID="T47">
<Obj plainTxt="False" ><![CDATA[Service: Add Auto Header]]></Obj>
<Details plainTxt="False" ><![CDATA[<CENTER>Add the following header to all subsequent HTTP requests :<BR><STRONG><FONT COLOR=#00AF00>X-Requested-With: XMLHttpRequest</FONT></STRONG></CENTER>]]></Details>
<Time><![CDATA[27/04/2018 - 16:10:26]]></Time>
<TimeTick>1524825626</TimeTick>
<NodeArgs eType="General" icon="9" nRep="51" >
<Disp><![CDATA[Service: Add Auto Header]]></Disp>
</NodeArgs>
</Step>
<Step rID="T48">
<Obj plainTxt="False" ><![CDATA[Service: Add Auto Header]]></Obj>
<Details plainTxt="False" ><![CDATA[<CENTER>Add the following header to all subsequent HTTP requests :<BR><STRONG><FONT COLOR=#00AF00>_QM_Try: 1</FONT></STRONG></CENTER>]]></Details>
<Time><![CDATA[27/04/2018 - 16:10:26]]></Time>
<TimeTick>1524825626</TimeTick>
<NodeArgs eType="General" icon="9" nRep="52" >
<Disp><![CDATA[Service: Add Auto Header]]></Disp>
</NodeArgs>
</Step>
<Step rID="T49">
<Obj plainTxt="False" ><![CDATA[Service: Add Auto Header]]></Obj>
<Details plainTxt="False" ><![CDATA[<CENTER>Add the following header to all subsequent HTTP requests :<BR><STRONG><FONT COLOR=#00AF00>pageseqnum: 2</FONT></STRONG></CENTER>]]></Details>
<Time><![CDATA[27/04/2018 - 16:10:26]]></Time>
<TimeTick>1524825626</TimeTick>
<NodeArgs eType="General" icon="9" nRep="53" >
<Disp><![CDATA[Service: Add Auto Header]]></Disp>
</NodeArgs>
</Step>
<Step rID="T50">
<Obj plainTxt="False" ><![CDATA[Custom Request: maximo.jsp_9]]></Obj>
<Details plainTxt="False" ><![CDATA[<CENTER><STRONG><FONT COLOR=#009A63>Step completed successfully</FONT></STRONG></CENTER>]]></Details>
<Time><![CDATA[27/04/2018 - 16:10:27]]></Time>
<TimeTick>1524825627</TimeTick>
<NodeArgs eType="General" icon="11" nRep="54" status="Passed" >
<Disp><![CDATA[Custom Request: maximo.jsp_9]]></Disp>
<BtmPane vType="HTMLSNSH" >
<Path><![CDATA[\Iteration1\t20.inf]]></Path>
</BtmPane>
</NodeArgs>
</Step>
<Step rID="T51">
<Obj plainTxt="False" ><![CDATA[Service: Add Header]]></Obj>
<Details plainTxt="False" ><![CDATA[<CENTER>Add the following header to the next HTTP request :<BR><STRONG><FONT COLOR=#00AF00>xhrseqnum: 9</FONT></STRONG></CENTER>]]></Details>
<Time><![CDATA[27/04/2018 - 16:10:33]]></Time>
<TimeTick>1524825633</TimeTick>
<NodeArgs eType="General" icon="8" nRep="55" >
<Disp><![CDATA[Service: Add Header]]></Disp>
</NodeArgs>
</Step>
<Step rID="T52">
<Obj plainTxt="False" ><![CDATA[Custom Request: maximo.jsp_10]]></Obj>
<Details plainTxt="False" ><![CDATA[<CENTER><STRONG><FONT COLOR=#009A63>Step completed successfully</FONT></STRONG></CENTER>]]></Details>
<Time><![CDATA[27/04/2018 - 16:10:33]]></Time>
<TimeTick>1524825633</TimeTick>
<NodeArgs eType="General" icon="11" nRep="56" status="Passed" >
<Disp><![CDATA[Custom Request: maximo.jsp_10]]></Disp>
<BtmPane vType="HTMLSNSH" >
<Path><![CDATA[\Iteration1\t21.inf]]></Path>
</BtmPane>
</NodeArgs>
</Step>
<Step rID="T53">
<Obj plainTxt="False" ><![CDATA[Service: Add Header]]></Obj>
<Details plainTxt="False" ><![CDATA[<CENTER>Add the following header to the next HTTP request :<BR><STRONG><FONT COLOR=#00AF00>xhrseqnum: 10</FONT></STRONG></CENTER>]]></Details>
<Time><![CDATA[27/04/2018 - 16:10:36]]></Time>
<TimeTick>1524825636</TimeTick>
<NodeArgs eType="General" icon="8" nRep="57" >
<Disp><![CDATA[Service: Add Header]]></Disp>
</NodeArgs>
</Step>
<Step rID="T54">
<Obj plainTxt="False" ><![CDATA[Submit Data: maximo.jsp_11]]></Obj>
<Details plainTxt="False" ><![CDATA[<CENTER><STRONG><FONT COLOR=#009A63>Step completed successfully</FONT></STRONG></CENTER>]]></Details>
<Time><![CDATA[27/04/2018 - 16:10:37]]></Time>
<TimeTick>1524825637</TimeTick>
<NodeArgs eType="General" icon="7" nRep="58" status="Passed" >
<Disp><![CDATA[Submit Data: maximo.jsp_11]]></Disp>
<BtmPane vType="HTMLSNSH" >
<Path><![CDATA[\Iteration1\t22.inf]]></Path>
</BtmPane>
</NodeArgs>
</Step>
<Step rID="T55">
<Obj plainTxt="False" ><![CDATA[Service: Add Header]]></Obj>
<Details plainTxt="False" ><![CDATA[<CENTER>Add the following header to the next HTTP request :<BR><STRONG><FONT COLOR=#00AF00>xhrseqnum: 11</FONT></STRONG></CENTER>]]></Details>
<Time><![CDATA[27/04/2018 - 16:10:37]]></Time>
<TimeTick>1524825637</TimeTick>
<NodeArgs eType="General" icon="8" nRep="59" >
<Disp><![CDATA[Service: Add Header]]></Disp>
</NodeArgs>
</Step>
<Step rID="T56">
<Obj plainTxt="False" ><![CDATA[Submit Data: maximo.jsp_12]]></Obj>
<Details plainTxt="False" ><![CDATA[<CENTER><STRONG><FONT COLOR=#009A63>Step completed successfully</FONT></STRONG></CENTER>]]></Details>
<Time><![CDATA[27/04/2018 - 16:10:37]]></Time>
<TimeTick>1524825637</TimeTick>
<NodeArgs eType="General" icon="7" nRep="60" status="Passed" >
<Disp><![CDATA[Submit Data: maximo.jsp_12]]></Disp>
<BtmPane vType="HTMLSNSH" >
<Path><![CDATA[\Iteration1\t23.inf]]></Path>
</BtmPane>
</NodeArgs>
</Step>
<Step rID="T57">
<Obj plainTxt="False" ><![CDATA[Service: Add Header]]></Obj>
<Details plainTxt="False" ><![CDATA[<CENTER>Add the following header to the next HTTP request :<BR><STRONG><FONT COLOR=#00AF00>xhrseqnum: 12</FONT></STRONG></CENTER>]]></Details>
<Time><![CDATA[27/04/2018 - 16:10:38]]></Time>
<TimeTick>1524825638</TimeTick>
<NodeArgs eType="General" icon="8" nRep="61" >
<Disp><![CDATA[Service: Add Header]]></Disp>
</NodeArgs>
</Step>
<Step rID="T58">
<Obj plainTxt="False" ><![CDATA[Submit Data: maximo.jsp_13]]></Obj>
<Details plainTxt="False" ><![CDATA[<CENTER><STRONG><FONT COLOR=#009A63>Step completed successfully</FONT></STRONG></CENTER>]]></Details>
<Time><![CDATA[27/04/2018 - 16:10:38]]></Time>
<TimeTick>1524825638</TimeTick>
<NodeArgs eType="General" icon="7" nRep="62" status="Passed" >
<Disp><![CDATA[Submit Data: maximo.jsp_13]]></Disp>
<BtmPane vType="HTMLSNSH" >
<Path><![CDATA[\Iteration1\t24.inf]]></Path>
</BtmPane>
</NodeArgs>
</Step>
<Step rID="T59">
<Obj plainTxt="False" ><![CDATA[Service: Add Header]]></Obj>
<Details plainTxt="False" ><![CDATA[<CENTER>Add the following header to the next HTTP request :<BR><STRONG><FONT COLOR=#00AF00>xhrseqnum: 13</FONT></STRONG></CENTER>]]></Details>
<Time><![CDATA[27/04/2018 - 16:10:38]]></Time>
<TimeTick>1524825638</TimeTick>
<NodeArgs eType="General" icon="8" nRep="63" >
<Disp><![CDATA[Service: Add Header]]></Disp>
</NodeArgs>
</Step>
<Step rID="T60">
<Obj plainTxt="False" ><![CDATA[Submit Data: maximo.jsp_14]]></Obj>
<Details plainTxt="False" ><![CDATA[<CENTER><STRONG><FONT COLOR=#009A63>Step completed successfully</FONT></STRONG></CENTER>]]></Details>
<Time><![CDATA[27/04/2018 - 16:10:38]]></Time>
<TimeTick>1524825638</TimeTick>
<NodeArgs eType="General" icon="7" nRep="64" status="Passed" >
<Disp><![CDATA[Submit Data: maximo.jsp_14]]></Disp>
<BtmPane vType="HTMLSNSH" >
<Path><![CDATA[\Iteration1\t25.inf]]></Path>
</BtmPane>
</NodeArgs>
</Step>
<Step rID="T61">
<Obj plainTxt="False" ><![CDATA[Service: Remove/Revert Auto Header]]></Obj>
<Details plainTxt="False" ><![CDATA[<CENTER>Remove/revert <BR><STRONG><FONT COLOR=#00AF00>X-Requested-With</FONT></STRONG> header, implicit generation: <STRONG>Yes</STRONG></CENTER>]]></Details>
<Time><![CDATA[27/04/2018 - 16:10:38]]></Time>
<TimeTick>1524825638</TimeTick>
<NodeArgs eType="General" icon="10" nRep="65" >
<Disp><![CDATA[Service: Remove/Revert Auto Header]]></Disp>
</NodeArgs>
</Step>
<Step rID="T62">
<Obj plainTxt="False" ><![CDATA[Service: Remove/Revert Auto Header]]></Obj>
<Details plainTxt="False" ><![CDATA[<CENTER>Remove/revert <BR><STRONG><FONT COLOR=#00AF00>_QM_Try</FONT></STRONG> header, implicit generation: <STRONG>Yes</STRONG></CENTER>]]></Details>
<Time><![CDATA[27/04/2018 - 16:10:38]]></Time>
<TimeTick>1524825638</TimeTick>
<NodeArgs eType="General" icon="10" nRep="66" >
<Disp><![CDATA[Service: Remove/Revert Auto Header]]></Disp>
</NodeArgs>
</Step>
<Step rID="T63">
<Obj plainTxt="False" ><![CDATA[Service: Remove/Revert Auto Header]]></Obj>
<Details plainTxt="False" ><![CDATA[<CENTER>Remove/revert <BR><STRONG><FONT COLOR=#00AF00>pageseqnum</FONT></STRONG> header, implicit generation: <STRONG>Yes</STRONG></CENTER>]]></Details>
<Time><![CDATA[27/04/2018 - 16:10:38]]></Time>
<TimeTick>1524825638</TimeTick>
<NodeArgs eType="General" icon="10" nRep="67" >
<Disp><![CDATA[Service: Remove/Revert Auto Header]]></Disp>
</NodeArgs>
</Step>
<Step rID="T64">
<Obj plainTxt="False" ><![CDATA[Service: Reg Find]]></Obj>
<Details plainTxt="False" ><![CDATA[<CENTER><STRONG><FONT COLOR=#00AF00>Text=Meter Point</FONT></STRONG></CENTER>]]></Details>
<Time><![CDATA[27/04/2018 - 16:10:38]]></Time>
<TimeTick>1524825638</TimeTick>
<NodeArgs eType="General" icon="4" nRep="68" >
<Disp><![CDATA[Service: Reg Find]]></Disp>
</NodeArgs>
</Step>
<Step rID="T65">
<Obj plainTxt="False" ><![CDATA[Service: Reg Save Param Ex]]></Obj>
<Details plainTxt="False" ><![CDATA[<CENTER>TargetParam = <STRONG><FONT COLOR=#00AF00>currentfocus_8</FONT></STRONG><BR>Left Boundary = <STRONG><FONT COLOR=#00AF00>LB= id="</FONT></STRONG><BR>Right Boundary = <STRONG><FONT COLOR=#00AF00>RB=_holder</FONT></STRONG><BR>Instance = <STRONG><FONT COLOR=#00AF00>Ordinal=75</FONT></STRONG></CENTER>]]></Details>
<Time><![CDATA[27/04/2018 - 16:10:38]]></Time>
<TimeTick>1524825638</TimeTick>
<NodeArgs eType="General" icon="5" nRep="69" >
<Disp><![CDATA[Service: Reg Save Param Ex]]></Disp>
</NodeArgs>
</Step>
<Step rID="T66">
<Obj plainTxt="False" ><![CDATA[Url: maximo.jsp_15]]></Obj>
<Details plainTxt="False" ><![CDATA[<CENTER><STRONG><FONT COLOR=#009A63>Step completed successfully</FONT></STRONG></CENTER>]]></Details>
<Time><![CDATA[27/04/2018 - 16:10:39]]></Time>
<TimeTick>1524825639</TimeTick>
<NodeArgs eType="General" icon="6" nRep="70" status="Passed" >
<Disp><![CDATA[Url: maximo.jsp_15]]></Disp>
<BtmPane vType="HTMLSNSH" >
<Path><![CDATA[\Iteration1\t27.inf]]></Path>
</BtmPane>
</NodeArgs>
</Step>
<Step rID="T67">
<Obj plainTxt="False" ><![CDATA[Service: Add Header]]></Obj>
<Details plainTxt="False" ><![CDATA[<CENTER>Add the following header to the next HTTP request :<BR><STRONG><FONT COLOR=#00AF00>xhrseqnum: 1</FONT></STRONG></CENTER>]]></Details>
<Time><![CDATA[27/04/2018 - 16:10:39]]></Time>
<TimeTick>1524825639</TimeTick>
<NodeArgs eType="General" icon="8" nRep="71" >
<Disp><![CDATA[Service: Add Header]]></Disp>
</NodeArgs>
</Step>
<Step rID="T68">
<Obj plainTxt="False" ><![CDATA[Service: Add Auto Header]]></Obj>
<Details plainTxt="False" ><![CDATA[<CENTER>Add the following header to all subsequent HTTP requests :<BR><STRONG><FONT COLOR=#00AF00>X-Requested-With: XMLHttpRequest</FONT></STRONG></CENTER>]]></Details>
<Time><![CDATA[27/04/2018 - 16:10:39]]></Time>
<TimeTick>1524825639</TimeTick>
<NodeArgs eType="General" icon="9" nRep="72" >
<Disp><![CDATA[Service: Add Auto Header]]></Disp>
</NodeArgs>
</Step>
<Step rID="T69">
<Obj plainTxt="False" ><![CDATA[Service: Add Auto Header]]></Obj>
<Details plainTxt="False" ><![CDATA[<CENTER>Add the following header to all subsequent HTTP requests :<BR><STRONG><FONT COLOR=#00AF00>_QM_Try: 1</FONT></STRONG></CENTER>]]></Details>
<Time><![CDATA[27/04/2018 - 16:10:39]]></Time>
<TimeTick>1524825639</TimeTick>
<NodeArgs eType="General" icon="9" nRep="73" >
<Disp><![CDATA[Service: Add Auto Header]]></Disp>
</NodeArgs>
</Step>
<Step rID="T70">
<Obj plainTxt="False" ><![CDATA[Service: Add Auto Header]]></Obj>
<Details plainTxt="False" ><![CDATA[<CENTER>Add the following header to all subsequent HTTP requests :<BR><STRONG><FONT COLOR=#00AF00>pageseqnum: 3</FONT></STRONG></CENTER>]]></Details>
<Time><![CDATA[27/04/2018 - 16:10:39]]></Time>
<TimeTick>1524825639</TimeTick>
<NodeArgs eType="General" icon="9" nRep="74" >
<Disp><![CDATA[Service: Add Auto Header]]></Disp>
</NodeArgs>
</Step>
<Step rID="T71">
<Obj plainTxt="False" ><![CDATA[Service: Reg Save Param]]></Obj>
<Details plainTxt="False" ><![CDATA[<CENTER>ParamName =<STRONG><FONT COLOR=#00AF00>Address</FONT></STRONG><BR>Left Boundary = <STRONG><FONT COLOR=#00AF00>LB=5px;;cursor:pointer;;;;" title="</FONT></STRONG><BR>Right Boundary = <STRONG><FONT COLOR=#00AF00>RB="></FONT></STRONG><BR>Instance = <STRONG><FONT COLOR=#00AF00>ORD=All</FONT></STRONG></CENTER>]]></Details>
<Time><![CDATA[27/04/2018 - 16:10:39]]></Time>
<TimeTick>1524825639</TimeTick>
<NodeArgs eType="General" icon="5" nRep="75" >
<Disp><![CDATA[Service: Reg Save Param]]></Disp>
</NodeArgs>
</Step>
<Step rID="T72">
<Obj plainTxt="False" ><![CDATA[Submit Data: maximo.jsp_16]]></Obj>
<Details plainTxt="False" ><![CDATA[<CENTER><STRONG><FONT COLOR=#009A63>Step completed successfully</FONT></STRONG></CENTER>]]></Details>
<Time><![CDATA[27/04/2018 - 16:10:40]]></Time>
<TimeTick>1524825640</TimeTick>
<NodeArgs eType="General" icon="7" nRep="76" status="Passed" >
<Disp><![CDATA[Submit Data: maximo.jsp_16]]></Disp>
<BtmPane vType="HTMLSNSH" >
<Path><![CDATA[\Iteration1\t28.inf]]></Path>
</BtmPane>
</NodeArgs>
</Step>
<Step rID="T73">
<Obj plainTxt="False" ><![CDATA[Service: Add Header]]></Obj>
<Details plainTxt="False" ><![CDATA[<CENTER>Add the following header to the next HTTP request :<BR><STRONG><FONT COLOR=#00AF00>xhrseqnum: 2</FONT></STRONG></CENTER>]]></Details>
<Time><![CDATA[27/04/2018 - 16:10:45]]></Time>
<TimeTick>1524825645</TimeTick>
<NodeArgs eType="General" icon="8" nRep="77" >
<Disp><![CDATA[Service: Add Header]]></Disp>
</NodeArgs>
</Step>
<Step rID="T74">
<Obj plainTxt="False" ><![CDATA[Submit Data: maximo.jsp_17]]></Obj>
<Details plainTxt="False" ><![CDATA[<CENTER><STRONG><FONT COLOR=#009A63>Step completed successfully</FONT></STRONG></CENTER>]]></Details>
<Time><![CDATA[27/04/2018 - 16:10:45]]></Time>
<TimeTick>1524825645</TimeTick>
<NodeArgs eType="General" icon="7" nRep="78" status="Passed" >
<Disp><![CDATA[Submit Data: maximo.jsp_17]]></Disp>
<BtmPane vType="HTMLSNSH" >
<Path><![CDATA[\Iteration1\t29.inf]]></Path>
</BtmPane>
</NodeArgs>
</Step>
<Step rID="T75">
<Obj plainTxt="False" ><![CDATA[Script Aborted!]]></Obj>
<Details plainTxt="False" ><![CDATA[<CENTER><STRONG><FONT COLOR=#009A63>Pass</FONT></STRONG></CENTER>]]></Details>
<Time><![CDATA[27/04/2018 - 16:11:08]]></Time>
<TimeTick>1524825668</TimeTick>
<NodeArgs eType="General" icon="1" nRep="79" >
<Disp><![CDATA[Script Aborted!]]></Disp>
</NodeArgs>
</Step>
<Summary sTime="27/04/2018 - 16:10:17" eTime="27/04/2018 - 16:11:08" passed="20" failed="0" warnings="0" ></Summary>
<NodeArgs eType="StartAction" icon="2" nRep="8" status="Passed" >
<Disp><![CDATA[Action Summary]]></Disp>
</NodeArgs>
</Action>
<Action rID="T76">
<AName><![CDATA[vuser_end]]></AName>
<Summary sTime="27/04/2018 - 16:11:08" eTime="27/04/2018 - 16:11:08" passed="0" failed="0" warnings="0" ></Summary>
<NodeArgs eType="StartAction" icon="2" nRep="81" >
<Disp><![CDATA[vuser_end Summary]]></Disp>
</NodeArgs>
</Action>
<NodeArgs eType="StartIteration" icon="3" nRep="7" status="Passed" >
<Disp><![CDATA[Project_UAT_Maximo_Raw_V4 Iteration 1 (Row 1)]]></Disp>
</NodeArgs>
</DIter>
<Summary sTime="27/04/2018 - 16:10:14" eTime="27/04/2018 - 16:11:10" passed="20" failed="0" warnings="0" ></Summary>
<NodeArgs eType="StartTest" icon="1" nRep="4" status="Passed" >
<Disp><![CDATA[Test Project_UAT_Maximo_Raw_V4 Summary]]></Disp>
</NodeArgs>
</Doc>
</Report>