{
  "FilterHeaders": [
    {
      "Header": "user-agent",
      "IncludeInScript": false
    },
    {
      "Header": "cache-control",
      "IncludeInScript": false
    },
    {
      "Header": "accept-language",
      "IncludeInScript": false
    },
    {
      "Header": "accept-encoding",
      "IncludeInScript": false
    },
    {
      "Header": "accept",
      "IncludeInScript": false
    }
  ],
  "FilterResources": [
    {
      "IsNonResource": false,
      "type": "text/plain"
    },
    {
      "IsNonResource": true,
      "type": "text/html"
    },
    {
      "IsNonResource": false,
      "type": "text/css"
    },
    {
      "IsNonResource": false,
      "type": "image/png"
    },
    {
      "IsNonResource": false,
      "type": "image/gif"
    },
    {
      "IsNonResource": false,
      "type": "application/xml"
    },
    {
      "IsNonResource": false,
      "type": "application/javascript"
    }
  ],
  "GeneralInfo": {
    "BrowserVersion": "",
    "MaxUsedConnections": 30,
    "RecordedBrowser": "Internet Explorer",
    "RecordingDate": "Apr-13-2018",
    "RecordingDuration": 331156,
    "RecordingTimeStamp": 1523616955,
    "TotalBytesReceived": 1990047,
    "TotalBytesSent": 349919,
    "TotalRequests": 141
  },
  "HostInfo": [
    {
      "DomainName": "10.70.39.5",
      "Domains": [
        {
          "HTTPVersion": "HTTP/1.1",
          "IP": "10.70.39.5",
          "IncludeInScript": true,
          "Name": "10.70.39.5",
          "Port": 80,
          "Requests": [
            {
              "CompressionType": "",
              "DataType": "image/png",
              "DownloadTime": 63,
              "EventId": 607,
              "HttpStatus": 200,
              "Size": 24927,
              "URL": "http://10.70.39.5/ibmcognos/images/SGN_logo_Cognos.png"
            }
          ],
          "SSLCipher": "None",
          "SSLVersion": "None"
        }
      ],
      "IncludeInScript": true
    },
    {
      "DomainName": "10.184.11.70",
      "Domains": [
        {
          "HTTPVersion": "HTTP/1.1",
          "IP": "10.184.11.70",
          "IncludeInScript": true,
          "Name": "10.184.11.70",
          "Port": 80,
          "Requests": [
            {
              "CompressionType": "",
              "DataType": "text/html",
              "DownloadTime": 94,
              "EventId": 631,
              "HttpStatus": 200,
              "Size": 4030,
              "URL": "http://10.184.11.70/ibmcognos/cgi-bin/cognos.cgi?b_action=xts.run&m=portal/logoff.xts&h_CAM_action=logoff"
            },
            {
              "CompressionType": "gzip",
              "DataType": "application/xml",
              "DownloadTime": 125,
              "EventId": 626,
              "HttpStatus": 200,
              "Size": 50,
              "URL": "http://10.184.11.70/ibmcognos/cgi-bin/cognos.cgi"
            },
            {
              "CompressionType": "",
              "DataType": "image/gif",
              "DownloadTime": 32,
              "EventId": 617,
              "HttpStatus": 200,
              "Size": 51,
              "URL": "http://10.184.11.70/ibmcognos/skins/corporate/viewer/images/tool_sep_dot_line.gif"
            },
            {
              "CompressionType": "",
              "DataType": "image/gif",
              "DownloadTime": 47,
              "EventId": 615,
              "HttpStatus": 200,
              "Size": 64,
              "URL": "http://10.184.11.70/ibmcognos/skins/corporate/viewer/images/bottom.gif"
            },
            {
              "CompressionType": "",
              "DataType": "image/gif",
              "DownloadTime": 46,
              "EventId": 611,
              "HttpStatus": 200,
              "Size": 64,
              "URL": "http://10.184.11.70/ibmcognos/skins/corporate/viewer/images/pagedown.gif"
            },
            {
              "CompressionType": "",
              "DataType": "image/gif",
              "DownloadTime": 47,
              "EventId": 605,
              "HttpStatus": 200,
              "Size": 67,
              "URL": "http://10.184.11.70/ibmcognos/skins/corporate/viewer/images/pageup_dis.gif"
            },
            {
              "CompressionType": "",
              "DataType": "image/gif",
              "DownloadTime": 46,
              "EventId": 599,
              "HttpStatus": 200,
              "Size": 65,
              "URL": "http://10.184.11.70/ibmcognos/skins/corporate/viewer/images/top_dis.gif"
            },
            {
              "CompressionType": "gzip",
              "DataType": "text/plain",
              "DownloadTime": 8250,
              "EventId": 591,
              "HttpStatus": 200,
              "Size": 6484,
              "URL": "http://10.184.11.70/ibmcognos/cgi-bin/cognos.cgi"
            },
            {
              "CompressionType": "",
              "DataType": "text/plain",
              "DownloadTime": 30063,
              "EventId": 589,
              "HttpStatus": 200,
              "Size": 5789,
              "URL": "http://10.184.11.70/ibmcognos/cgi-bin/cognos.cgi"
            },
            {
              "CompressionType": "gzip",
              "DataType": "text/plain",
              "DownloadTime": 30047,
              "EventId": 586,
              "HttpStatus": 200,
              "Size": 4089,
              "URL": "http://10.184.11.70/ibmcognos/cgi-bin/cognos.cgi"
            },
            {
              "CompressionType": "",
              "DataType": "image/gif",
              "DownloadTime": 47,
              "EventId": 583,
              "HttpStatus": 200,
              "Size": 577,
              "URL": "http://10.184.11.70/ibmcognos/rv/images/action_send_report.gif"
            },
            {
              "CompressionType": "",
              "DataType": "image/gif",
              "DownloadTime": 62,
              "EventId": 579,
              "HttpStatus": 200,
              "Size": 608,
              "URL": "http://10.184.11.70/ibmcognos/rv/images/action_save_report_view.gif"
            },
            {
              "CompressionType": "",
              "DataType": "text/plain",
              "DownloadTime": 3062,
              "EventId": 575,
              "HttpStatus": 200,
              "Size": 5776,
              "URL": "http://10.184.11.70/ibmcognos/cgi-bin/cognos.cgi"
            },
            {
              "CompressionType": "",
              "DataType": "image/gif",
              "DownloadTime": 62,
              "EventId": 573,
              "HttpStatus": 200,
              "Size": 2493,
              "URL": "http://10.184.11.70/ibmcognos/skins/corporate/branding/progress.gif"
            },
            {
              "CompressionType": "",
              "DataType": "image/png",
              "DownloadTime": 31,
              "EventId": 571,
              "HttpStatus": 200,
              "Size": 156,
              "URL": "http://10.184.11.70/ibmcognos/reportstyles/images/button_hover_bg.png"
            },
            {
              "CompressionType": "",
              "DataType": "image/png",
              "DownloadTime": 31,
              "EventId": 566,
              "HttpStatus": 200,
              "Size": 2819,
              "URL": "http://10.184.11.70/ibmcognos/reportstyles/images/calendar_selection.png"
            },
            {
              "CompressionType": "",
              "DataType": "image/gif",
              "DownloadTime": 31,
              "EventId": 556,
              "HttpStatus": 200,
              "Size": 212,
              "URL": "http://10.184.11.70/ibmcognos/skins/corporate/shared/images/action_return.gif"
            },
            {
              "CompressionType": "",
              "DataType": "image/gif",
              "DownloadTime": 46,
              "EventId": 554,
              "HttpStatus": 200,
              "Size": 42,
              "URL": "http://10.184.11.70/ibmcognos/common/images/spacer.gif"
            },
            {
              "CompressionType": "",
              "DataType": "image/gif",
              "DownloadTime": 46,
              "EventId": 552,
              "HttpStatus": 200,
              "Size": 360,
              "URL": "http://10.184.11.70/ibmcognos/rv/images/action_add_report.gif"
            },
            {
              "CompressionType": "",
              "DataType": "image/gif",
              "DownloadTime": 31,
              "EventId": 550,
              "HttpStatus": 200,
              "Size": 252,
              "URL": "http://10.184.11.70/ibmcognos/rv/images/action_view_html.gif"
            },
            {
              "CompressionType": "",
              "DataType": "image/gif",
              "DownloadTime": 78,
              "EventId": 548,
              "HttpStatus": 200,
              "Size": 355,
              "URL": "http://10.184.11.70/ibmcognos/rv/images/dis_action_drill_up.gif"
            },
            {
              "CompressionType": "",
              "DataType": "image/gif",
              "DownloadTime": 78,
              "EventId": 546,
              "HttpStatus": 200,
              "Size": 355,
              "URL": "http://10.184.11.70/ibmcognos/rv/images/dis_action_drill_down.gif"
            },
            {
              "CompressionType": "",
              "DataType": "image/gif",
              "DownloadTime": 62,
              "EventId": 544,
              "HttpStatus": 200,
              "Size": 590,
              "URL": "http://10.184.11.70/ibmcognos/rv/images/action_go_to.gif"
            },
            {
              "CompressionType": "",
              "DataType": "image/gif",
              "DownloadTime": 93,
              "EventId": 542,
              "HttpStatus": 200,
              "Size": 561,
              "URL": "http://10.184.11.70/ibmcognos/rv/images/action_keep_report.gif"
            },
            {
              "CompressionType": "",
              "DataType": "image/gif",
              "DownloadTime": 78,
              "EventId": 540,
              "HttpStatus": 200,
              "Size": 102,
              "URL": "http://10.184.11.70/ibmcognos/skins/corporate/portal/images/dropdown_arrow_narrow.gif"
            },
            {
              "CompressionType": "",
              "DataType": "image/gif",
              "DownloadTime": 63,
              "EventId": 538,
              "HttpStatus": 200,
              "Size": 309,
              "URL": "http://10.184.11.70/ibmcognos/rv/images/action_run.gif"
            },
            {
              "CompressionType": "",
              "DataType": "image/gif",
              "DownloadTime": 32,
              "EventId": 536,
              "HttpStatus": 200,
              "Size": 42,
              "URL": "http://10.184.11.70/ibmcognos/prompting/reportskin/prompting/images/spacer.gif"
            },
            {
              "CompressionType": "",
              "DataType": "image/png",
              "DownloadTime": 63,
              "EventId": 534,
              "HttpStatus": 200,
              "Size": 134,
              "URL": "http://10.184.11.70/ibmcognos/reportstyles/images/button_disabled_bg.png"
            },
            {
              "CompressionType": "",
              "DataType": "image/png",
              "DownloadTime": 62,
              "EventId": 532,
              "HttpStatus": 200,
              "Size": 152,
              "URL": "http://10.184.11.70/ibmcognos/reportstyles/images/button_bg.png"
            },
            {
              "CompressionType": "",
              "DataType": "image/gif",
              "DownloadTime": 78,
              "EventId": 530,
              "HttpStatus": 200,
              "Size": 44,
              "URL": "http://10.184.11.70/ibmcognos/reportstyles/images/prompt_footer_bg.gif"
            },
            {
              "CompressionType": "",
              "DataType": "image/gif",
              "DownloadTime": 78,
              "EventId": 528,
              "HttpStatus": 200,
              "Size": 42,
              "URL": "http://10.184.11.70/ibmcognos/prompting/reportskin/prompting/images/spacer.gif"
            },
            {
              "CompressionType": "",
              "DataType": "image/gif",
              "DownloadTime": 63,
              "EventId": 526,
              "HttpStatus": 200,
              "Size": 850,
              "URL": "http://10.184.11.70/ibmcognos/prompting/reportskin/prompting/images/icon_year_down.gif"
            },
            {
              "CompressionType": "",
              "DataType": "image/gif",
              "DownloadTime": 141,
              "EventId": 524,
              "HttpStatus": 200,
              "Size": 43,
              "URL": "http://10.184.11.70/ibmcognos/prompting/reportskin/prompting/images/blank.gif"
            },
            {
              "CompressionType": "",
              "DataType": "image/gif",
              "DownloadTime": 46,
              "EventId": 522,
              "HttpStatus": 200,
              "Size": 849,
              "URL": "http://10.184.11.70/ibmcognos/prompting/reportskin/prompting/images/icon_year_up.gif"
            },
            {
              "CompressionType": "",
              "DataType": "image/png",
              "DownloadTime": 78,
              "EventId": 520,
              "HttpStatus": 200,
              "Size": 479,
              "URL": "http://10.184.11.70/ibmcognos/reportstyles/images/silver_grad.png"
            },
            {
              "CompressionType": "",
              "DataType": "image/gif",
              "DownloadTime": 31,
              "EventId": 518,
              "HttpStatus": 200,
              "Size": 198,
              "URL": "http://10.184.11.70/ibmcognos/prompting/reportskin/prompting/images/icon_datepicker.gif"
            },
            {
              "CompressionType": "",
              "DataType": "image/gif",
              "DownloadTime": 63,
              "EventId": 482,
              "HttpStatus": 200,
              "Size": 43,
              "URL": "http://10.184.11.70/ibmcognos/skins/corporate/prompting/images/blank.gif"
            },
            {
              "CompressionType": "",
              "DataType": "image/gif",
              "DownloadTime": 62,
              "EventId": 480,
              "HttpStatus": 200,
              "Size": 71,
              "URL": "http://10.184.11.70/ibmcognos/skins/corporate/prompting/images/icon_tree_L.gif"
            },
            {
              "CompressionType": "",
              "DataType": "image/gif",
              "DownloadTime": 63,
              "EventId": 477,
              "HttpStatus": 200,
              "Size": 74,
              "URL": "http://10.184.11.70/ibmcognos/skins/corporate/prompting/images/icon_tree_I.gif"
            },
            {
              "CompressionType": "",
              "DataType": "text/css",
              "DownloadTime": 63,
              "EventId": 474,
              "HttpStatus": 200,
              "Size": 1984,
              "URL": "http://10.184.11.70/ibmcognos/skins/corporate/viewer/QSRVCommon.css"
            },
            {
              "CompressionType": "",
              "DataType": "application/javascript",
              "DownloadTime": 47,
              "EventId": 471,
              "HttpStatus": 200,
              "Size": 3647,
              "URL": "http://10.184.11.70/ibmcognos/prompting/res/promptLocale_en-gb.js"
            },
            {
              "CompressionType": "",
              "DataType": "application/javascript",
              "DownloadTime": 47,
              "EventId": 467,
              "HttpStatus": 200,
              "Size": 3638,
              "URL": "http://10.184.11.70/ibmcognos/prompting/res/promptLocale_en.js"
            },
            {
              "CompressionType": "",
              "DataType": "application/javascript",
              "DownloadTime": 78,
              "EventId": 463,
              "HttpStatus": 200,
              "Size": 1300,
              "URL": "http://10.184.11.70/ibmcognos/prompting/properties.js"
            },
            {
              "CompressionType": "",
              "DataType": "application/javascript",
              "DownloadTime": 93,
              "EventId": 461,
              "HttpStatus": 200,
              "Size": 20277,
              "URL": "http://10.184.11.70/ibmcognos/mdsrv/lineage.js"
            },
            {
              "CompressionType": "",
              "DataType": "application/javascript",
              "DownloadTime": 31,
              "EventId": 458,
              "HttpStatus": 200,
              "Size": 9262,
              "URL": "http://10.184.11.70/ibmcognos/prompting/res/promptingStrings_en.js"
            },
            {
              "CompressionType": "",
              "DataType": "application/javascript",
              "DownloadTime": 62,
              "EventId": 453,
              "HttpStatus": 200,
              "Size": 6906,
              "URL": "http://10.184.11.70/ibmcognos/rv/serverrequest/requests/standalone/ViewerDispatcherEntry.js"
            },
            {
              "CompressionType": "",
              "DataType": "application/javascript",
              "DownloadTime": 109,
              "EventId": 447,
              "HttpStatus": 200,
              "Size": 731751,
              "URL": "http://10.184.11.70/ibmcognos/rv/viewer.standalone.core.js"
            },
            {
              "CompressionType": "",
              "DataType": "text/css",
              "DownloadTime": 78,
              "EventId": 441,
              "HttpStatus": 200,
              "Size": 25351,
              "URL": "http://10.184.11.70/ibmcognos/schemas/GlobalReportStyles_10.css"
            },
            {
              "CompressionType": "",
              "DataType": "application/javascript",
              "DownloadTime": 47,
              "EventId": 439,
              "HttpStatus": 200,
              "Size": 34498,
              "URL": "http://10.184.11.70/ibmcognos/drill/CSelectionContextBuilder.js"
            },
            {
              "CompressionType": "",
              "DataType": "text/css",
              "DownloadTime": 93,
              "EventId": 436,
              "HttpStatus": 200,
              "Size": 22853,
              "URL": "http://10.184.11.70/ibmcognos/prompting/reportskin/prompting/promptCommon.css"
            },
            {
              "CompressionType": "",
              "DataType": "text/css",
              "DownloadTime": 63,
              "EventId": 432,
              "HttpStatus": 200,
              "Size": 6701,
              "URL": "http://10.184.11.70/ibmcognos/skins/corporate/viewer/CRN.css"
            },
            {
              "CompressionType": "",
              "DataType": "text/css",
              "DownloadTime": 47,
              "EventId": 429,
              "HttpStatus": 200,
              "Size": 1301,
              "URL": "http://10.184.11.70/ibmcognos/skins/corporate/viewer/RVReport.css"
            },
            {
              "CompressionType": "",
              "DataType": "text/css",
              "DownloadTime": 62,
              "EventId": 426,
              "HttpStatus": 200,
              "Size": 5813,
              "URL": "http://10.184.11.70/ibmcognos/skins/corporate/viewer/QSRVall.css"
            },
            {
              "CompressionType": "",
              "DataType": "text/css",
              "DownloadTime": 78,
              "EventId": 423,
              "HttpStatus": 200,
              "Size": 6012,
              "URL": "http://10.184.11.70/ibmcognos/skins/corporate/viewer/QSRVCommonUI.css"
            },
            {
              "CompressionType": "",
              "DataType": "application/javascript",
              "DownloadTime": 93,
              "EventId": 416,
              "HttpStatus": 200,
              "Size": 19577,
              "URL": "http://10.184.11.70/ibmcognos/rv/res/viewer_en.js"
            },
            {
              "CompressionType": "",
              "DataType": "application/javascript",
              "DownloadTime": 125,
              "EventId": 409,
              "HttpStatus": 200,
              "Size": 41221,
              "URL": "http://10.184.11.70/ibmcognos/prompting/prompting.js"
            },
            {
              "CompressionType": "",
              "DataType": "application/javascript",
              "DownloadTime": 63,
              "EventId": 394,
              "HttpStatus": 200,
              "Size": 411385,
              "URL": "http://10.184.11.70/ibmcognos/prompting/prmt_core.js"
            },
            {
              "CompressionType": "gzip",
              "DataType": "text/html",
              "DownloadTime": 1031,
              "EventId": 386,
              "HttpStatus": 200,
              "Size": 12945,
              "URL": "http://10.184.11.70/ibmcognos/cgi-bin/cognos.cgi?b_action=cognosViewer&ui.action=run&ui.object=%2fcontent%2ffolder%5b%40name%3d%27Emergency%2fRepair%27%5d%2freport%5b%40name%3d%27BIMIO%201001%20-%20Other%20Duties%20%2f%20Attend%20Gas%20Escape%20Jobs%27%5d&ui.name=BIMIO%201001%20-%20Other%20Duties%20%2f%20Attend%20Gas%20Escape%20Jobs&run.outputFormat=&run.prompt=true&ui.backURL=%2fibmcognos%2fcgi-bin%2fcognos.cgi%3fb_action%3dxts.run%26m%3dportal%2fcc.xts%26m_folder%3diB7FD0C77FA084DD3B5005F5346799DF8%26m_folder2%3dm-i937E6052F9724D988EF69846A3CD4D2F"
            },
            {
              "CompressionType": "",
              "DataType": "image/gif",
              "DownloadTime": 63,
              "EventId": 376,
              "HttpStatus": 200,
              "Size": 353,
              "URL": "http://10.184.11.70/ibmcognos/ps/portal/images/action_view_report_output.gif"
            },
            {
              "CompressionType": "",
              "DataType": "image/gif",
              "DownloadTime": 47,
              "EventId": 374,
              "HttpStatus": 200,
              "Size": 358,
              "URL": "http://10.184.11.70/ibmcognos/ps/portal/images/icon_result_html_sub.gif"
            },
            {
              "CompressionType": "",
              "DataType": "image/gif",
              "DownloadTime": 46,
              "EventId": 372,
              "HttpStatus": 200,
              "Size": 376,
              "URL": "http://10.184.11.70/ibmcognos/ps/portal/images/action_schedule.gif"
            },
            {
              "CompressionType": "",
              "DataType": "image/gif",
              "DownloadTime": 63,
              "EventId": 370,
              "HttpStatus": 200,
              "Size": 581,
              "URL": "http://10.184.11.70/ibmcognos/ps/portal/images/action_new_custom_view.gif"
            },
            {
              "CompressionType": "",
              "DataType": "image/gif",
              "DownloadTime": 78,
              "EventId": 368,
              "HttpStatus": 200,
              "Size": 252,
              "URL": "http://10.184.11.70/ibmcognos/ps/portal/images/icon_result_html.gif"
            },
            {
              "CompressionType": "",
              "DataType": "image/gif",
              "DownloadTime": 31,
              "EventId": 365,
              "HttpStatus": 200,
              "Size": 309,
              "URL": "http://10.184.11.70/ibmcognos/ps/portal/images/action_run_16.gif"
            },
            {
              "CompressionType": "",
              "DataType": "image/gif",
              "DownloadTime": 46,
              "EventId": 363,
              "HttpStatus": 200,
              "Size": 189,
              "URL": "http://10.184.11.70/ibmcognos/ps/portal/images/action_run.gif"
            },
            {
              "CompressionType": "",
              "DataType": "image/gif",
              "DownloadTime": 47,
              "EventId": 359,
              "HttpStatus": 200,
              "Size": 74,
              "URL": "http://10.184.11.70/ibmcognos/skins/corporate/portal/images/control_btn_bottom.gif"
            },
            {
              "CompressionType": "",
              "DataType": "image/gif",
              "DownloadTime": 110,
              "EventId": 355,
              "HttpStatus": 200,
              "Size": 75,
              "URL": "http://10.184.11.70/ibmcognos/skins/corporate/portal/images/control_btn_pagedown.gif"
            },
            {
              "CompressionType": "",
              "DataType": "text/html",
              "DownloadTime": 141,
              "EventId": 340,
              "HttpStatus": 200,
              "Size": 123045,
              "URL": "http://10.184.11.70/ibmcognos/cgi-bin/cognos.cgi?b_action=xts.run&m=portal/cc.xts&m_folder=iB7FD0C77FA084DD3B5005F5346799DF8&m_folder2=m-i937E6052F9724D988EF69846A3CD4D2F"
            },
            {
              "CompressionType": "",
              "DataType": "image/gif",
              "DownloadTime": 31,
              "EventId": 330,
              "HttpStatus": 200,
              "Size": 321,
              "URL": "http://10.184.11.70/ibmcognos/skins/corporate/branding/tools_query_studio.gif"
            },
            {
              "CompressionType": "",
              "DataType": "image/gif",
              "DownloadTime": 32,
              "EventId": 328,
              "HttpStatus": 200,
              "Size": 1055,
              "URL": "http://10.184.11.70/ibmcognos/skins/corporate/branding/tools_dashboard.gif"
            },
            {
              "CompressionType": "",
              "DataType": "image/gif",
              "DownloadTime": 94,
              "EventId": 326,
              "HttpStatus": 200,
              "Size": 102,
              "URL": "http://10.184.11.70/ibmcognos/skins/corporate/shared/images/action_scroll_left_disabled.gif"
            },
            {
              "CompressionType": "",
              "DataType": "text/html",
              "DownloadTime": 141,
              "EventId": 324,
              "HttpStatus": 404,
              "Size": 209,
              "URL": "http://10.184.11.70/favicon.ico"
            },
            {
              "CompressionType": "",
              "DataType": "image/gif",
              "DownloadTime": 109,
              "EventId": 322,
              "HttpStatus": 200,
              "Size": 103,
              "URL": "http://10.184.11.70/ibmcognos/skins/corporate/shared/images/action_scroll_right_disabled.gif"
            },
            {
              "CompressionType": "",
              "DataType": "image/gif",
              "DownloadTime": 78,
              "EventId": 320,
              "HttpStatus": 200,
              "Size": 73,
              "URL": "http://10.184.11.70/ibmcognos/ps/portal/images/checkmark.gif"
            },
            {
              "CompressionType": "",
              "DataType": "image/gif",
              "DownloadTime": 32,
              "EventId": 318,
              "HttpStatus": 200,
              "Size": 578,
              "URL": "http://10.184.11.70/ibmcognos/ps/portal/images/action_properties.gif"
            },
            {
              "CompressionType": "",
              "DataType": "image/gif",
              "DownloadTime": 63,
              "EventId": 316,
              "HttpStatus": 200,
              "Size": 596,
              "URL": "http://10.184.11.70/ibmcognos/ps/portal/images/icon_folder.gif"
            },
            {
              "CompressionType": "",
              "DataType": "image/gif",
              "DownloadTime": 93,
              "EventId": 314,
              "HttpStatus": 200,
              "Size": 75,
              "URL": "http://10.184.11.70/ibmcognos/skins/corporate/portal/images/control_btn_pagedown_disabled.gif"
            },
            {
              "CompressionType": "",
              "DataType": "image/gif",
              "DownloadTime": 78,
              "EventId": 312,
              "HttpStatus": 200,
              "Size": 74,
              "URL": "http://10.184.11.70/ibmcognos/skins/corporate/portal/images/control_btn_bottom_disabled.gif"
            },
            {
              "CompressionType": "",
              "DataType": "image/gif",
              "DownloadTime": 31,
              "EventId": 310,
              "HttpStatus": 200,
              "Size": 82,
              "URL": "http://10.184.11.70/ibmcognos/skins/corporate/portal/images/list_sort_no.gif"
            },
            {
              "CompressionType": "",
              "DataType": "image/gif",
              "DownloadTime": 63,
              "EventId": 308,
              "HttpStatus": 200,
              "Size": 76,
              "URL": "http://10.184.11.70/ibmcognos/skins/corporate/portal/images/control_btn_pageup_disabled.gif"
            },
            {
              "CompressionType": "",
              "DataType": "image/gif",
              "DownloadTime": 78,
              "EventId": 306,
              "HttpStatus": 200,
              "Size": 73,
              "URL": "http://10.184.11.70/ibmcognos/skins/corporate/portal/images/control_btn_top_disabled.gif"
            },
            {
              "CompressionType": "",
              "DataType": "image/gif",
              "DownloadTime": 78,
              "EventId": 304,
              "HttpStatus": 200,
              "Size": 353,
              "URL": "http://10.184.11.70/ibmcognos/skins/corporate/portal/images/action_go.gif"
            },
            {
              "CompressionType": "",
              "DataType": "image/gif",
              "DownloadTime": 78,
              "EventId": 302,
              "HttpStatus": 200,
              "Size": 377,
              "URL": "http://10.184.11.70/ibmcognos/ps/portal/images/action_order_dis.gif"
            },
            {
              "CompressionType": "",
              "DataType": "image/gif",
              "DownloadTime": 46,
              "EventId": 300,
              "HttpStatus": 200,
              "Size": 1280,
              "URL": "http://10.184.11.70/ibmcognos/skins/corporate/portal/images/action_go_ani.gif"
            },
            {
              "CompressionType": "",
              "DataType": "image/gif",
              "DownloadTime": 110,
              "EventId": 298,
              "HttpStatus": 200,
              "Size": 221,
              "URL": "http://10.184.11.70/ibmcognos/ps/portal/images/action_delete_dis.gif"
            },
            {
              "CompressionType": "",
              "DataType": "image/gif",
              "DownloadTime": 47,
              "EventId": 296,
              "HttpStatus": 200,
              "Size": 579,
              "URL": "http://10.184.11.70/ibmcognos/ps/portal/images/action_properties_path.gif"
            },
            {
              "CompressionType": "",
              "DataType": "image/gif",
              "DownloadTime": 62,
              "EventId": 294,
              "HttpStatus": 200,
              "Size": 361,
              "URL": "http://10.184.11.70/ibmcognos/ps/portal/images/action_paste_dis.gif"
            },
            {
              "CompressionType": "",
              "DataType": "image/gif",
              "DownloadTime": 110,
              "EventId": 292,
              "HttpStatus": 200,
              "Size": 384,
              "URL": "http://10.184.11.70/ibmcognos/ps/portal/images/action_new_page.gif"
            },
            {
              "CompressionType": "",
              "DataType": "image/gif",
              "DownloadTime": 47,
              "EventId": 290,
              "HttpStatus": 200,
              "Size": 594,
              "URL": "http://10.184.11.70/ibmcognos/ps/portal/images/action_copy.gif"
            },
            {
              "CompressionType": "",
              "DataType": "image/gif",
              "DownloadTime": 63,
              "EventId": 288,
              "HttpStatus": 200,
              "Size": 189,
              "URL": "http://10.184.11.70/ibmcognos/ps/portal/images/action_cut_dis.gif"
            },
            {
              "CompressionType": "",
              "DataType": "application/javascript",
              "DownloadTime": 78,
              "EventId": 286,
              "HttpStatus": 200,
              "Size": 8318,
              "URL": "http://10.184.11.70/ibmcognos/ps/portal/js/utilities.js"
            },
            {
              "CompressionType": "",
              "DataType": "image/gif",
              "DownloadTime": 78,
              "EventId": 284,
              "HttpStatus": 200,
              "Size": 51,
              "URL": "http://10.184.11.70/ibmcognos/skins/corporate/shared/images/toolbar_divider.gif"
            },
            {
              "CompressionType": "",
              "DataType": "image/gif",
              "DownloadTime": 63,
              "EventId": 282,
              "HttpStatus": 200,
              "Size": 605,
              "URL": "http://10.184.11.70/ibmcognos/ps/portal/images/action_paste.gif"
            },
            {
              "CompressionType": "",
              "DataType": "image/gif",
              "DownloadTime": 62,
              "EventId": 280,
              "HttpStatus": 200,
              "Size": 605,
              "URL": "http://10.184.11.70/ibmcognos/ps/portal/images/action_new_url.gif"
            },
            {
              "CompressionType": "",
              "DataType": "image/gif",
              "DownloadTime": 63,
              "EventId": 278,
              "HttpStatus": 200,
              "Size": 248,
              "URL": "http://10.184.11.70/ibmcognos/ps/portal/images/action_new_job.gif"
            },
            {
              "CompressionType": "",
              "DataType": "image/gif",
              "DownloadTime": 78,
              "EventId": 276,
              "HttpStatus": 200,
              "Size": 135,
              "URL": "http://10.184.11.70/ibmcognos/ps/portal/images/action_listview.gif"
            },
            {
              "CompressionType": "",
              "DataType": "image/gif",
              "DownloadTime": 78,
              "EventId": 274,
              "HttpStatus": 200,
              "Size": 1018,
              "URL": "http://10.184.11.70/ibmcognos/ps/portal/images/action_new_folder.gif"
            },
            {
              "CompressionType": "",
              "DataType": "image/gif",
              "DownloadTime": 94,
              "EventId": 272,
              "HttpStatus": 200,
              "Size": 58,
              "URL": "http://10.184.11.70/ibmcognos/skins/corporate/shared/images/action_scroll_right.gif"
            },
            {
              "CompressionType": "",
              "DataType": "image/gif",
              "DownloadTime": 47,
              "EventId": 270,
              "HttpStatus": 200,
              "Size": 128,
              "URL": "http://10.184.11.70/ibmcognos/ps/portal/images/action_detailedlistview.gif"
            },
            {
              "CompressionType": "",
              "DataType": "image/gif",
              "DownloadTime": 63,
              "EventId": 268,
              "HttpStatus": 200,
              "Size": 57,
              "URL": "http://10.184.11.70/ibmcognos/skins/corporate/shared/images/action_scroll_left.gif"
            },
            {
              "CompressionType": "",
              "DataType": "application/javascript",
              "DownloadTime": 62,
              "EventId": 266,
              "HttpStatus": 200,
              "Size": 2929,
              "URL": "http://10.184.11.70/ibmcognos/ps/portal/js/list.js"
            },
            {
              "CompressionType": "",
              "DataType": "image/gif",
              "DownloadTime": 78,
              "EventId": 264,
              "HttpStatus": 200,
              "Size": 157,
              "URL": "http://10.184.11.70/ibmcognos/skins/corporate/branding/your_logo_here.gif"
            },
            {
              "CompressionType": "",
              "DataType": "image/gif",
              "DownloadTime": 31,
              "EventId": 262,
              "HttpStatus": 200,
              "Size": 51,
              "URL": "http://10.184.11.70/ibmcognos/skins/corporate/shared/images/tool_sep_dot_line_banner.gif"
            },
            {
              "CompressionType": "",
              "DataType": "application/javascript",
              "DownloadTime": 78,
              "EventId": 260,
              "HttpStatus": 200,
              "Size": 4448,
              "URL": "http://10.184.11.70/ibmcognos/ps/portal/js/tabs.js"
            },
            {
              "CompressionType": "",
              "DataType": "image/gif",
              "DownloadTime": 109,
              "EventId": 258,
              "HttpStatus": 200,
              "Size": 604,
              "URL": "http://10.184.11.70/ibmcognos/skins/corporate/shared/images/action_help.gif"
            },
            {
              "CompressionType": "",
              "DataType": "image/gif",
              "DownloadTime": 47,
              "EventId": 256,
              "HttpStatus": 200,
              "Size": 370,
              "URL": "http://10.184.11.70/ibmcognos/skins/corporate/portal/images/page_menu.gif"
            },
            {
              "CompressionType": "",
              "DataType": "image/gif",
              "DownloadTime": 63,
              "EventId": 254,
              "HttpStatus": 200,
              "Size": 107,
              "URL": "http://10.184.11.70/ibmcognos/ps/images/space.gif"
            },
            {
              "CompressionType": "",
              "DataType": "image/gif",
              "DownloadTime": 47,
              "EventId": 252,
              "HttpStatus": 200,
              "Size": 157,
              "URL": "http://10.184.11.70/ibmcognos/skins/corporate/branding/ibm-logo-white.gif"
            },
            {
              "CompressionType": "",
              "DataType": "image/gif",
              "DownloadTime": 78,
              "EventId": 250,
              "HttpStatus": 200,
              "Size": 646,
              "URL": "http://10.184.11.70/ibmcognos/ps/portal/images/action_search_ani.gif"
            },
            {
              "CompressionType": "",
              "DataType": "image/gif",
              "DownloadTime": 93,
              "EventId": 248,
              "HttpStatus": 200,
              "Size": 537,
              "URL": "http://10.184.11.70/ibmcognos/skins/corporate/shared/images/icon_my_area.gif"
            },
            {
              "CompressionType": "",
              "DataType": "image/gif",
              "DownloadTime": 125,
              "EventId": 246,
              "HttpStatus": 200,
              "Size": 363,
              "URL": "http://10.184.11.70/ibmcognos/skins/corporate/shared/images/action_home.gif"
            },
            {
              "CompressionType": "",
              "DataType": "image/gif",
              "DownloadTime": 94,
              "EventId": 244,
              "HttpStatus": 200,
              "Size": 80,
              "URL": "http://10.184.11.70/ibmcognos/skins/corporate/shared/images/dropdown_arrow_banner.gif"
            },
            {
              "CompressionType": "",
              "DataType": "application/javascript",
              "DownloadTime": 109,
              "EventId": 242,
              "HttpStatus": 200,
              "Size": 1548,
              "URL": "http://10.184.11.70/ibmcognos/ps/portal/js/validation.js"
            },
            {
              "CompressionType": "",
              "DataType": "image/gif",
              "DownloadTime": 78,
              "EventId": 240,
              "HttpStatus": 200,
              "Size": 339,
              "URL": "http://10.184.11.70/ibmcognos/ps/portal/images/action_search.gif"
            },
            {
              "CompressionType": "",
              "DataType": "image/gif",
              "DownloadTime": 47,
              "EventId": 238,
              "HttpStatus": 200,
              "Size": 328,
              "URL": "http://10.184.11.70/ibmcognos/ps/portal/images/action_refresh.gif"
            },
            {
              "CompressionType": "",
              "DataType": "text/css",
              "DownloadTime": 78,
              "EventId": 236,
              "HttpStatus": 200,
              "Size": 4475,
              "URL": "http://10.184.11.70/ibmcognos/skins/corporate/shared/banner.css"
            },
            {
              "CompressionType": "",
              "DataType": "application/javascript",
              "DownloadTime": 47,
              "EventId": 233,
              "HttpStatus": 200,
              "Size": 6261,
              "URL": "http://10.184.11.70/ibmcognos/cr1/caf.js"
            },
            {
              "CompressionType": "",
              "DataType": "application/javascript",
              "DownloadTime": 62,
              "EventId": 231,
              "HttpStatus": 200,
              "Size": 10983,
              "URL": "http://10.184.11.70/ibmcognos/ps/portal/js/banner.js"
            },
            {
              "CompressionType": "",
              "DataType": "application/javascript",
              "DownloadTime": 94,
              "EventId": 228,
              "HttpStatus": 200,
              "Size": 40937,
              "URL": "http://10.184.11.70/ibmcognos/ccl/i18n/bidi/BidiUtils.js"
            },
            {
              "CompressionType": "",
              "DataType": "application/javascript",
              "DownloadTime": 47,
              "EventId": 226,
              "HttpStatus": 200,
              "Size": 8622,
              "URL": "http://10.184.11.70/ibmcognos/ps/portal/js/aboutdialog.js"
            },
            {
              "CompressionType": "",
              "DataType": "application/javascript",
              "DownloadTime": 94,
              "EventId": 222,
              "HttpStatus": 200,
              "Size": 4709,
              "URL": "http://10.184.11.70/ibmcognos/ps/portal/js/cc.js"
            },
            {
              "CompressionType": "",
              "DataType": "application/javascript",
              "DownloadTime": 141,
              "EventId": 218,
              "HttpStatus": 200,
              "Size": 43756,
              "URL": "http://10.184.11.70/ibmcognos/ps/portal/js/CCflyoutMenu.js"
            },
            {
              "CompressionType": "",
              "DataType": "application/javascript",
              "DownloadTime": 94,
              "EventId": 214,
              "HttpStatus": 200,
              "Size": 11366,
              "URL": "http://10.184.11.70/ibmcognos/cognoslaunch.js"
            },
            {
              "CompressionType": "",
              "DataType": "text/css",
              "DownloadTime": 157,
              "EventId": 212,
              "HttpStatus": 200,
              "Size": 27571,
              "URL": "http://10.184.11.70/ibmcognos/skins/corporate/fragments/portlet.css"
            },
            {
              "CompressionType": "",
              "DataType": "text/css",
              "DownloadTime": 172,
              "EventId": 210,
              "HttpStatus": 200,
              "Size": 2059,
              "URL": "http://10.184.11.70/ibmcognos/skins/corporate/fonts.css"
            },
            {
              "CompressionType": "",
              "DataType": "text/css",
              "DownloadTime": 171,
              "EventId": 208,
              "HttpStatus": 200,
              "Size": 49626,
              "URL": "http://10.184.11.70/ibmcognos/skins/corporate/portal/default.css"
            },
            {
              "CompressionType": "",
              "DataType": "text/html",
              "DownloadTime": 407,
              "EventId": 200,
              "HttpStatus": 200,
              "Size": 73347,
              "URL": "http://10.184.11.70/ibmcognos/cgi-bin/cognos.cgi?m_folder=i64C1B8968BDC4C70B18C3DC1286D7E20&m_tab=i64C1B8968BDC4C70B18C3DC1286D7E20&b_action=xts.run&encoding=UTF-8&m=portal%2fcc.xts&m_folder2=m-i937E6052F9724D988EF69846A3CD4D2F"
            },
            {
              "CompressionType": "",
              "DataType": "text/html",
              "DownloadTime": 1125,
              "EventId": 188,
              "HttpStatus": 200,
              "Size": 587,
              "URL": "http://10.184.11.70/ibmcognos/cgi-bin/cognos.cgi"
            },
            {
              "CompressionType": "",
              "DataType": "text/html",
              "DownloadTime": 78,
              "EventId": 47,
              "HttpStatus": 404,
              "Size": 209,
              "URL": "http://10.184.11.70/favicon.ico"
            },
            {
              "CompressionType": "",
              "DataType": "image/png",
              "DownloadTime": 62,
              "EventId": 42,
              "HttpStatus": 200,
              "Size": 23850,
              "URL": "http://10.184.11.70/ibmcognos/ps/login/images/login_icon.png"
            },
            {
              "CompressionType": "",
              "DataType": "image/png",
              "DownloadTime": 47,
              "EventId": 39,
              "HttpStatus": 200,
              "Size": 720,
              "URL": "http://10.184.11.70/ibmcognos/ps/login/images/login_ibm_logo.png"
            },
            {
              "CompressionType": "",
              "DataType": "image/png",
              "DownloadTime": 62,
              "EventId": 36,
              "HttpStatus": 200,
              "Size": 53606,
              "URL": "http://10.184.11.70/ibmcognos/ps/login/images/login_header.png"
            },
            {
              "CompressionType": "",
              "DataType": "image/png",
              "DownloadTime": 47,
              "EventId": 34,
              "HttpStatus": 200,
              "Size": 2950,
              "URL": "http://10.184.11.70/ibmcognos/skins/corporate/portal/images/popup_close_28.png"
            },
            {
              "CompressionType": "",
              "DataType": "application/javascript",
              "DownloadTime": 63,
              "EventId": 32,
              "HttpStatus": 200,
              "Size": 6815,
              "URL": "http://10.184.11.70/ibmcognos/ccl/helpDocs.js"
            },
            {
              "CompressionType": "",
              "DataType": "application/javascript",
              "DownloadTime": 109,
              "EventId": 30,
              "HttpStatus": 200,
              "Size": 3926,
              "URL": "http://10.184.11.70/ibmcognos/ps/portal/js/mvcAuth.js"
            },
            {
              "CompressionType": "",
              "DataType": "application/javascript",
              "DownloadTime": 125,
              "EventId": 28,
              "HttpStatus": 200,
              "Size": 7304,
              "URL": "http://10.184.11.70/ibmcognos/ps/portal/js/cookie_jar.js"
            },
            {
              "CompressionType": "",
              "DataType": "application/javascript",
              "DownloadTime": 125,
              "EventId": 26,
              "HttpStatus": 200,
              "Size": 4318,
              "URL": "http://10.184.11.70/ibmcognos/ps/portal/js/faultlogin.js"
            },
            {
              "CompressionType": "",
              "DataType": "text/css",
              "DownloadTime": 94,
              "EventId": 24,
              "HttpStatus": 200,
              "Size": 3548,
              "URL": "http://10.184.11.70/ibmcognos/ps/login/ibm.css"
            },
            {
              "CompressionType": "",
              "DataType": "text/css",
              "DownloadTime": 47,
              "EventId": 17,
              "HttpStatus": 200,
              "Size": 1810,
              "URL": "http://10.184.11.70/ibmcognos/ps/login/styles.css"
            },
            {
              "CompressionType": "",
              "DataType": "text/html",
              "DownloadTime": 94,
              "EventId": 9,
              "HttpStatus": 200,
              "Size": 8748,
              "URL": "http://10.184.11.70/ibmcognos/cgi-bin/cognos.cgi?m_folder=i64C1B8968BDC4C70B18C3DC1286D7E20&m_tab=i64C1B8968BDC4C70B18C3DC1286D7E20&b_action=xts.run&encoding=UTF-8&m=portal%2fcc.xts&m_folder2=m-i937E6052F9724D988EF69846A3CD4D2F"
            }
          ],
          "SSLCipher": "None",
          "SSLVersion": "None"
        }
      ],
      "IncludeInScript": false
    }
  ],
  "WebSocket": {
    "IncludeInScript": false,
    "IsScriptIncludeWebSocket": false
  },
  "NumberOfCorrelations": 6
}