[
    {
        "stepId": "STEP1",
        "stepName": "Url: login.jsp",
        "infFile": "t2.inf",
        "time": 1524559793159
    },
    {
        "stepId": "STEP2",
        "stepName": "Submit Data: login",
        "infFile": "t4.inf",
        "time": 1524559798441
    },
    {
        "stepId": "STEP3",
        "stepName": "Submit Data: maximo.jsp",
        "infFile": "t5.inf",
        "time": 1524559798983
    },
    {
        "stepId": "STEP4",
        "stepName": "Url: ui",
        "infFile": "t6.inf",
        "time": 1524559800858
    },
    {
        "stepId": "STEP5",
        "stepName": "Submit Data: maximo.jsp_2",
        "infFile": "t7.inf",
        "time": 1524559802492
    },
    {
        "stepId": "STEP6",
        "stepName": "Submit Data: maximo.jsp_3",
        "infFile": "t8.inf",
        "time": 1524559803187
    },
    {
        "stepId": "STEP7",
        "stepName": "Submit Data: maximo.jsp_4",
        "infFile": "t9.inf",
        "time": 1524559803705
    },
    {
        "stepId": "STEP8",
        "stepName": "Submit Data: maximo.jsp_5",
        "infFile": "t10.inf",
        "time": 1524559804467
    },
    {
        "stepId": "STEP9",
        "stepName": "Submit Data: maximo.jsp_6",
        "infFile": "t11.inf",
        "time": 1524559805293
    },
    {
        "stepId": "STEP10",
        "stepName": "Url: blank.html",
        "infFile": "t12.inf",
        "time": 1524559805844
    },
    {
        "stepId": "STEP11",
        "stepName": "Custom Request: maximo.jsp_7",
        "infFile": "t13.inf",
        "time": 1524559806066
    },
    {
        "stepId": "STEP12",
        "stepName": "Custom Request: maximo.jsp_8",
        "infFile": "t14.inf",
        "time": 1524559806326
    },
    {
        "stepId": "STEP13",
        "stepName": "Submit Data: maximo.jsp_9",
        "infFile": "t15.inf",
        "time": 1524559806938
    },
    {
        "stepId": "STEP14",
        "stepName": "Submit Data: maximo.jsp_10",
        "infFile": "t16.inf",
        "time": 1524559807576
    },
    {
        "stepId": "STEP15",
        "stepName": "Submit Data: maximo.jsp_11",
        "infFile": "t17.inf",
        "time": 1524559807967
    },
    {
        "stepId": "STEP16",
        "stepName": "Submit Data: maximo.jsp_12",
        "infFile": "t18.inf",
        "time": 1524559808319
    },
    {
        "stepId": "STEP17",
        "stepName": "Url: maximo.jsp_13",
        "infFile": "t19.inf",
        "time": 1524559808846
    },
    {
        "stepId": "STEP18",
        "stepName": "Submit Data: maximo.jsp_14",
        "infFile": "t20.inf",
        "time": 1524559817889
    },
    {
        "stepId": "STEP19",
        "stepName": "Submit Data: maximo.jsp_15",
        "infFile": "t21.inf",
        "time": 1524559818488
    },
    {
        "stepId": "STEP20",
        "stepName": "Submit Data: maximo.jsp_16",
        "infFile": "t22.inf",
        "time": 1524559819235
    },
    {
        "stepId": "STEP21",
        "stepName": "Url: maximo.jsp_17",
        "infFile": "t23.inf",
        "time": 1524559819893
    },
    {
        "stepId": "STEP22",
        "stepName": "Submit Data: maximo.jsp_18",
        "infFile": "t24.inf",
        "time": 1524559824911
    },
    {
        "stepId": "STEP23",
        "stepName": "Submit Data: maximo.jsp_19",
        "infFile": "t25.inf",
        "time": 1524559825286
    },
    {
        "stepId": "STEP24",
        "stepName": "Submit Data: maximo.jsp_20",
        "infFile": "t26.inf",
        "time": 1524559825526
    },
    {
        "stepId": "STEP25",
        "stepName": "Submit Data: maximo.jsp_21",
        "infFile": "t27.inf",
        "time": 1524559825976
    },
    {
        "stepId": "STEP26",
        "stepName": "Submit Data: maximo.jsp_22",
        "infFile": "t28.inf",
        "time": 1524559826276
    },
    {
        "stepId": "STEP27",
        "stepName": "Submit Data: maximo.jsp_28",
        "infFile": "t29.inf",
        "time": 1524559829110
    },
    {
        "stepId": "STEP28",
        "stepName": "Url: logout.jsp",
        "infFile": "t30.inf",
        "time": 1524559829564
    }
]