<?xml version="1.0" encoding="UTF-8" ?>
<server_response csrftoken="vim3q9tp3amldpckn3vmsp9cdb">
<component vis="true" id="mx85_holder" compid="mx85"><![CDATA[]]></component>
<component vis="true" id="mx86_holder" compid="mx86"><![CDATA[<input   role="combobox" aria-autocomplete="none"  id="mx86" class="fld text tbctb  ib"  sa="1"   ctype="textbox"   li="mx87" liclick="1"     style=";width:110px;"      sue="1"  readonly="readonly" type="text" title="" value="" ov="" work="1"/>]]></component>
	<compvalue id="mx86"><![CDATA[]]></compvalue>
<component vis="true" id="mx87_holder" compid="mx87"><![CDATA[<img sf="1"   ctype="image" alt="Drop-down image"  src="../webclient/skins-20170809-1350/tivoli09/images/IE_toolbar_dropdown.gif" source="IE_toolbar_dropdown" imgtype=".gif" style="cursor:default;display:block;margin:0px" border="0"  lc="mx86"  class="di " align="absmiddle"     id="mx87" tabindex="-1" title="Drop-down image"/>]]></component>
<component vis="true" id="mx88_holder" compid="mx88"><![CDATA[<img sf="1" aria-hidden="true" active="0" ctype="image" alt=""  src="../webclient/skins-20170809-1350/tivoli09/images/blank.gif" source="blank.gif" imgtype="" style="display:block;margin:0px" border="0"      align="absmiddle" width="3px" height="30px"   id="mx88" title=""/>]]></component>
<component vis="true" id="mx293_holder" compid="mx293"><![CDATA[			<li role="presentation" id="mx293" ctype="toolbarbutton" ><a role="button" id="mx293_anchor" href='javascript:setClickElementId("mx293");sendEvent("click","mx293","")'  onkeydown="itemAKey(event,this)" title="Save MPRN    CTRL+ALT+S" onfocus="appendClass(this,'onhover')" onblur="removeClass(this,'onhover')"  eventtype="SAVE" class="on" ><img role="presentation" tabindex="-1" id="mx293_image" src="../webclient/skins-20170809-1350/tivoli09/images/nav_icon_save.gif" alt="Save MPRN    CTRL+ALT+S"/></a></li>
]]></component>
<component vis="true" id="mx295_holder" compid="mx295"><![CDATA[			<li role="presentation" id="mx295" ctype="toolbarbutton" ><a role="button" id="mx295_anchor" href='javascript:setClickElementId("mx295");sendEvent("click","mx295","")'  onkeydown="itemAKey(event,this)" title="Clear Changes    CTRL+ALT+C" onfocus="appendClass(this,'onhover')" onblur="removeClass(this,'onhover')"  eventtype="CLEAR" class="on" ><img role="presentation" tabindex="-1" id="mx295_image" src="../webclient/skins-20170809-1350/tivoli09/images/nav_icon_clear.gif" alt="Clear Changes    CTRL+ALT+C"/></a></li>
]]></component>
<component vis="true" id="mx299_holder" compid="mx299"><![CDATA[			<li role="presentation" class="tbSep" style="padding-left: 6px" id="mx299" ctype="toolbarbutton" ><a role="button" id="mx299_anchor" href='javascript:setClickElementId("mx299");sendEvent("click","mx299","")'  onkeydown="itemAKey(event,this)" title="Previous MPRN    CTRL+ALT+P" onfocus="appendClass(this,'onhover')" onblur="removeClass(this,'onhover')"  eventtype="PREVIOUS" class="on" ><img role="presentation" tabindex="-1" id="mx299_image" src="../webclient/skins-20170809-1350/tivoli09/images/nav_icon_previous.gif" alt="Previous MPRN    CTRL+ALT+P"/></a></li>
]]></component>
<component vis="true" id="mx301_holder" compid="mx301"><![CDATA[			<li role="presentation" id="mx301" ctype="toolbarbutton" ><a role="button" id="mx301_anchor" href='javascript:setClickElementId("mx301");sendEvent("click","mx301","")'  onkeydown="itemAKey(event,this)" title="Next MPRN    CTRL+ALT+N" onfocus="appendClass(this,'onhover')" onblur="removeClass(this,'onhover')"  eventtype="NEXT" class="on" ><img role="presentation" tabindex="-1" id="mx301_image" src="../webclient/skins-20170809-1350/tivoli09/images/nav_icon_next.gif" alt="Next MPRN    CTRL+ALT+N"/></a></li>
]]></component>
<component vis="true" id="mx305_holder" compid="mx305"><![CDATA[			<li role="presentation" class="tbSep" style="padding-left: 6px" id="mx305" ctype="toolbarbutton" disabled="disabled"><a role="button" id="mx305_anchor" href='javascript:setClickElementId("mx305");sendEvent("click","mx305","")'  onkeydown="itemAKey(event,this)" title="Create KPI    CTRL+ALT+K" onfocus="appendClass(this,'onhover')" onblur="removeClass(this,'onhover')"  disabled="true" aria-disabled="true" eventtype="CREATEKPI" class="off" ><img role="presentation" tabindex="-1" id="mx305_image" src="../webclient/skins-20170809-1350/tivoli09/images/nav_icon_kpi.gif" alt="Create KPI    CTRL+ALT+K"/></a></li>
]]></component>

			<component vis="true" id="mx194_holder" compid="mx194"><![CDATA[<script pre='true'>publishMessage({"channel":"widgetCleanup","message":["mx755","mx771","mx799","mx824","mx840","mx892","mx941","mx957","mx993","mx1026","mx1042","mx1062","mx1079","mx1095","mx1139"]});</script>
				<script>
					dojo.publish("maintabchange",[{"id":"mx194","listtab":false}]);
					hideURLbar();
				</script>	
		
					<table role="presentation"  id="mx194" width="100%" class="  ">
						<!-- begin tabgroup mx194-->
				<tr   control="true" id="mx192_0"    style="vertical-align:top;">


		<td class="tabgroupback  " >
		
				<ul class="tabgroup" nowrap="nowrap" role="tablist" >
			<li role="presentation" id="mx196" ctype="tab"><a role="tab" tabindex="-1" id="mx196_anchor" title="List"  onfocus="appendClass(this,'offhover')" onblur="removeClass(this,'offhover')" class="text tablabeloff off "  onkeydown="if(event.keyCode==KEYCODE_SPACEBAR){sendEvent('click','mx196','');cancelEvent(event);}else {itemAKey(event,this)}" onmouseover="return noStatus()" href="javascript: sendEvent('click','mx196','');"><img id='mx196_er_img' src='../webclient/skins-20170809-1350/tivoli09/images/blank.gif' style='display:none' class='tab_blank_icon' title="" alt=""/>&nbsp;List</a></li>
			<li role="presentation" id="mx273" ctype="tab"><a role="tab" tabindex="0" id="mx273_anchor" title="MPRN"  onfocus="setCurrentfocusId(event, this);" class="text tablabelon on "  onkeydown="if(event.keyCode==KEYCODE_SPACEBAR){sendEvent('click','mx273','');cancelEvent(event);}else {itemAKey(event,this)}" onmouseover="return noStatus()" href="javascript: sendEvent('click','mx273','');"><img id='mx273_er_img' src='../webclient/skins-20170809-1350/tivoli09/images/blank.gif' style='display:none' class='tab_blank_icon' title="" alt=""/>&nbsp;MPRN</a></li>
			<li role="presentation" id="mx276" ctype="tab"><a role="tab" tabindex="-1" id="mx276_anchor" title="Record PSI"  onfocus="appendClass(this,'offhover')" onblur="removeClass(this,'offhover')" class="text tablabeloff off "  onkeydown="if(event.keyCode==KEYCODE_SPACEBAR){sendEvent('click','mx276','');cancelEvent(event);}else {itemAKey(event,this)}" onmouseover="return noStatus()" href="javascript: sendEvent('click','mx276','');"><img id='mx276_er_img' src='../webclient/skins-20170809-1350/tivoli09/images/blank.gif' style='display:none' class='tab_blank_icon' title="" alt=""/>&nbsp;Record PSI</a></li></ul>
		</td>
					</tr>

		<tr id="mx274"  control="true">
			<td id="mx187" class="  "  width="100%" >
				<table role="presentation" id="mx187_tabbody_table" summary="" class="tabBodyTable">
					
		<tr>
			<td id="mx756"  control="true" style="vertical-align:top;">
	
		<div id="mx756_compHolder" aria-live="polite"  style="padding:0px;margin:0px;vertical-align:top;height: 100%;display:"  >
		
			<table id="mx756_inner" role="presentation"  cellspacing="0" class="so   " cellpadding="0" height="100%" width="100%"   style="vertical-align:top;" ><tr id="mx756_1"  style="vertical-align:top;display:;" > 
	<td id="mx755" aria-live="polite"      style="display:;white-space:nowrap;padding-bottom: 2px;" class="section   " valign="top"  ><table role="presentation" control="true" id="mx754"   width="100%"  class="  " summary=""  style="width:100%;;;vertical-align:top">				<tr   control="true" id="mx760_0"    style="vertical-align:top;">

		<td id="mx763" aria-live="polite"  style="display:;;padding:0 2px;vertical-align: top" sc="true"  height="100%" class="sectioncol">
			<div id="mx763_div" style="height: 100%">
			
<table role="presentation" control="true" id="mx762"   width="100%" height="100%" class="  " summary=""  style="width:100%;height:100%;;;vertical-align:top">
		<tr>
			<td id="mx772"  control="true" style="vertical-align:top;">
	
		<div id="mx772_compHolder" aria-live="polite"  style="padding:0px;margin:0px;vertical-align:top;height: 100%;display:"  >
		
			<table id="mx772_inner" role="presentation"  cellspacing="0" class="so   " cellpadding="0" height="100%" width="100%"   style="vertical-align:top;" ><tr id="mx772_1"  style="vertical-align:top;display:;" > 
	<td id="mx771" aria-live="polite"      style="display:;white-space:nowrap;padding-bottom: 2px;" class="section   " valign="top"  ><table role="presentation" control="true" id="mx770"   width="100%"  class="  " summary=""  style="width:100%;;;vertical-align:top">				<tr   control="true" id="mx780_0"  class="  leafspacer" style="vertical-align:top;">
				<td    nowrap="nowrap"  id="mx779_0"  align="right"   valign="middle" style="vertical-align:middle;"><div aria-live="polite" id="mx774_holder" class="bc"><label ctype="label"  id="mx774"    noclick="1"   targetid="mx774"    class="text label  label  " style="display:block;padding-left:2px;padding-top:2px;;;;;" for="mx776" title="Premise Id">Premise Id:</label></div></td>
				<td    nowrap="nowrap"  id="mx779_1"     valign="middle" style="vertical-align:middle;"><div aria-live="polite" id="mx775_holder" class="bc"><img id="mx775" alt="required" align='absmiddle' src='../webclient/skins-20170809-1350/tivoli09/images/required.gif' style="visibility:hidden;" class="required "/></div><div aria-live="polite" id="mx776_holder" class="bc"><input  aria-readonly="true"  role="textbox"  id="mx776" class="fld text   fld fld_ro"     ctype="textbox"  dir="ltr" li="mx777"      style="padding-right:2px;text-align: right;;width:70.0px;"   async='1'  ae="setvalue"  tabindex="-1" readonly="readonly" type="text" title="Premise Id: 39,018,439" value="39,018,439" ov="39,018,439" work="1" fldInfo='{&quot;length&quot;:&quot;12&quot;,&quot;inttype&quot;:&quot;6&quot;,&quot;scale&quot;:&quot;0&quot;}'/></div><div aria-live="polite" id="mx777_holder" class="bc"><img sf="1" aria-hidden="true" active="0" ctype="image" alt=""  src="../webclient/skins-20170809-1350/tivoli09/images/blank.gif" source="blank" imgtype=".gif" style="display:inline;margin:0px;" border="0"  lc="mx776"    align="absmiddle" width='26px' height='26px'   id="mx777" title=""/></div></td>
				</tr>
				<tr   control="true" id="mx788_0"  class="  leafspacer" style="vertical-align:top;">
				<td    nowrap="nowrap"  id="mx787_0"  align="right"   valign="middle" style="vertical-align:middle;"><div aria-live="polite" id="mx782_holder" class="bc"><label ctype="label"  id="mx782"    noclick="1"   targetid="mx782"    class="text label  label  " style="display:block;padding-left:2px;padding-top:2px;;;;;" for="mx784" title="MPRN">MPRN:</label></div></td>
				<td    nowrap="nowrap"  id="mx787_1"     valign="middle" style="vertical-align:middle;"><div aria-live="polite" id="mx783_holder" class="bc"><img id="mx783" alt="required" align='absmiddle' src='../webclient/skins-20170809-1350/tivoli09/images/required.gif' style="visibility:hidden;" class="required "/></div><div aria-live="polite" id="mx784_holder" class="bc"><input  aria-readonly="true"  role="textbox"  id="mx784" class="fld text   fld fld_ro"     ctype="textbox"  dir="ltr" li="mx785"      style="padding-right:2px;text-align: right;;width:70.0px;"   async='1'  ae="setvalue"  tabindex="-1" readonly="readonly" type="text" title="MPRN: 3,901,748,207" value="3,901,748,207" ov="3,901,748,207" work="1" fldInfo='{&quot;length&quot;:&quot;10&quot;,&quot;inttype&quot;:&quot;6&quot;,&quot;scale&quot;:&quot;0&quot;,&quot;required&quot;:true}'/></div><div aria-live="polite" id="mx785_holder" class="bc"><img sf="1" aria-hidden="true" active="0" ctype="image" alt=""  src="../webclient/skins-20170809-1350/tivoli09/images/blank.gif" source="blank" imgtype=".gif" style="display:inline;margin:0px;" border="0"  lc="mx784"    align="absmiddle" width='26px' height='26px'   id="mx785" title=""/></div></td>
				</tr>
</table>
</td>
		</tr>
		
			</table>
		</div>
	
			</td>
		</tr>
	</table>

		</div>
	</td>

		<td id="mx791" aria-live="polite"  style="display:;;padding:0 2px;vertical-align: top" sc="true"  height="100%" class="sectioncol">
			<div id="mx791_div" style="height: 100%">
			
<table role="presentation" control="true" id="mx790"   width="100%" height="100%" class="  " summary=""  style="width:100%;height:100%;;;vertical-align:top">
		<tr>
			<td id="mx800"  control="true" style="vertical-align:top;">
	
		<div id="mx800_compHolder" aria-live="polite"  style="padding:0px;margin:0px;vertical-align:top;height: 100%;display:"  >
		
			<table id="mx800_inner" role="presentation"  cellspacing="0" class="so   " cellpadding="0" height="100%" width="100%"   style="vertical-align:top;" ><tr id="mx800_1"  style="vertical-align:top;display:;" > 
	<td id="mx799" aria-live="polite"      style="display:;white-space:nowrap;padding-bottom: 2px;" class="section   " valign="top"  ><table role="presentation" control="true" id="mx798"   width="100%"  class="  " summary=""  style="width:100%;;;vertical-align:top">				<tr   control="true" id="mx808_0"  class="  leafspacer" style="vertical-align:top;">
				<td    nowrap="nowrap"  id="mx807_0"  align="right"   valign="middle" style="vertical-align:middle;"><div aria-live="polite" id="mx802_holder" class="bc"><label ctype="label"  id="mx802"    noclick="1"   targetid="mx802"    class="text label  label  " style="display:block;padding-left:2px;padding-top:2px;;;;;" for="mx804" title="Status Code">Status Code:</label></div></td>
				<td    nowrap="nowrap"  id="mx807_1"     valign="middle" style="vertical-align:middle;"><div aria-live="polite" id="mx803_holder" class="bc"><img id="mx803" alt="required" align='absmiddle' src='../webclient/skins-20170809-1350/tivoli09/images/required.gif' style="visibility:hidden;" class="required "/></div><div aria-live="polite" id="mx804_holder" class="bc"><input  aria-readonly="true"  role="textbox"  id="mx804" class="fld text   fld fld_ro"     ctype="textbox"   li="mx805"     maxlength="2" style=";width:70.0px;"   async='1'  ae="setvalue"  tabindex="-1" readonly="readonly" type="text" title="Status Code: LI" value="LI" ov="LI" work="1" fldInfo='{&quot;length&quot;:&quot;2&quot;,&quot;inttype&quot;:&quot;0&quot;}'/></div><div aria-live="polite" id="mx805_holder" class="bc"><img sf="1" aria-hidden="true" active="0" ctype="image" alt=""  src="../webclient/skins-20170809-1350/tivoli09/images/blank.gif" source="blank" imgtype=".gif" style="display:inline;margin:0px;" border="0"  lc="mx804"    align="absmiddle" width='26px' height='26px'   id="mx805" title=""/></div></td>
				</tr>
				<tr   control="true" id="mx816_0"  class="  leafspacer" style="vertical-align:top;">
				<td    nowrap="nowrap"  id="mx815_0"  align="right"   valign="middle" style="vertical-align:middle;"><div aria-live="polite" id="mx810_holder" class="bc"><label ctype="label"  id="mx810"    noclick="1"   targetid="mx810"    class="text label  label  " style="display:block;padding-left:2px;padding-top:2px;;;;;" for="mx812" title="Site">Site:</label></div></td>
				<td    nowrap="nowrap"  id="mx815_1"     valign="middle" style="vertical-align:middle;"><div aria-live="polite" id="mx811_holder" class="bc"><img id="mx811" alt="required" align='absmiddle' src='../webclient/skins-20170809-1350/tivoli09/images/required.gif' style="visibility:hidden;" class="required "/></div><div aria-live="polite" id="mx812_holder" class="bc"><input  aria-readonly="true"  role="textbox"  id="mx812" class="fld text   fld fld_ro"     ctype="textbox"   li="mx813"     maxlength="8" style=";width:75.0px;"   async='1'  ae="setvalue"  tabindex="-1" readonly="readonly" type="text" title="Site: SOUTHERN" value="SOUTHERN" ov="SOUTHERN" work="1" fldInfo='{&quot;length&quot;:&quot;8&quot;,&quot;inttype&quot;:&quot;1&quot;,&quot;eventpriority&quot;:1}'/></div><div aria-live="polite" id="mx813_holder" class="bc"><img sf="1" aria-hidden="true" active="0" ctype="image" alt=""  src="../webclient/skins-20170809-1350/tivoli09/images/blank.gif" source="blank" imgtype=".gif" style="display:inline;margin:0px;" border="0"  lc="mx812"    align="absmiddle" width='26px' height='26px'   id="mx813" title=""/></div></td>
				</tr>
</table>
</td>
		</tr>
		
			</table>
		</div>
	
			</td>
		</tr>
	</table>

		</div>
	</td>
				</tr>
</table>
</td>
		</tr>
		
			</table>
		</div>
	
			</td>
		</tr>
	
		<tr>
			<td id="mx825"  control="true" style="vertical-align:top;">
	
		<div id="mx825_compHolder" aria-live="polite"  style="padding:0px;margin:0px;vertical-align:top;height: 100%;display:" class="sectionBS" >
		
			<table id="mx825_inner" role="presentation"  cellspacing="0" class="so   " cellpadding="0" height="100%" width="100%"   style="vertical-align:top;" ><tr id="mx825_0"  style="vertical-align:top;display:;" > 		<td id="mx822" class="hbouter"  style="padding:0px;;white-space:nowrap;"  role="presentation">
			<table cellspacing="0" cellpadding="0" style="width:100%;" class="" role="presentation">
				<tr>
						<td class="h_l"></td>
					<td id="mx822_header_0"  align="middle" class="hb   hbsh" valign="middle" style="padding:0px;white-space:nowrap;" width:100%;><div aria-live="polite" id="mx818_holder" class="bc"><h1 labelledby="mx818" style="display:inline" title="Address Details"><label ctype="label"  id="mx818"    noclick="1"   targetid="mx818"    class="text st  " style="display:block;padding-left:2px;padding-top:2px;;;;;" title="Address Details"><img id='mx818_er_img' src='../webclient/skins-20170809-1350/tivoli09/images/blank.gif' style='display:none' class='label_blank_icon' title="" alt=""/>Address Details</label></h1></div></td>
					<td id="mx822_header_1"  align="middle" class="hb   hbsh" valign="middle" style="padding:0px;white-space:nowrap;" width:100%;></td>
					<td id="mx822_header_2"  align="middle" class="hb   hbsh" valign="middle" style="padding:0px;white-space:nowrap;" width="100%"><div aria-live="polite" id="mx820_holder" class="bc">	<div id="mx820" name="mx820" class="text ts  ts  "  style="width:100%">&nbsp;</div>
</div></td>
					<td id="mx822_header_3"  align="middle" class="hb   hbsh" valign="middle" style="padding:0px;white-space:nowrap;" width="100%"><div aria-live="polite" id="mx821_holder" class="bc"><a  href="javascript: void(0);" ctype="toggleimage" ev="true" tabindex="0"  compid="mx821"  title="Minimize Address Details Section"><img id="mx821"  aria-disabled="true" aria-hidden="true"  tabindex="-1" border="0" class="ti   " src="../webclient/skins-20170809-1350/tivoli09/images/minimize.gif" source="minimize.gif" imgtype="" ev="true" align="top" style="display:block;margin:0px;"  alt="Minimize Address Details Section"  /></a>
</div></td>
					<td class="h_r"></td>
				</tr>
			</table>
		</td>

		</tr>
		<tr id="mx825_1"  style="vertical-align:top;display:;" > 
	<td id="mx824" aria-live="polite"      style="display:;white-space:nowrap;padding-bottom: 2px;" class="section   sectionb" valign="top"  ><table role="presentation" control="true" id="mx823"   width="100%"  class="  " summary=""  style="width:100%;;;vertical-align:top">				<tr   control="true" id="mx829_0"    style="vertical-align:top;">

		<td id="mx832" aria-live="polite"  style="display:;;padding:0 2px;vertical-align: top" sc="true"  height="100%" class="sectioncol">
			<div id="mx832_div" style="height: 100%">
			
<table role="presentation" control="true" id="mx831"   width="100%" height="100%" class="  " summary=""  style="width:100%;height:100%;;;vertical-align:top">
		<tr>
			<td id="mx841"  control="true" style="vertical-align:top;">
	
		<div id="mx841_compHolder" aria-live="polite"  style="padding:0px;margin:0px;vertical-align:top;height: 100%;display:"  >
		
			<table id="mx841_inner" role="presentation"  cellspacing="0" class="so   " cellpadding="0" height="100%" width="100%"   style="vertical-align:top;" ><tr id="mx841_1"  style="vertical-align:top;display:;" > 
	<td id="mx840" aria-live="polite"      style="display:;white-space:nowrap;padding-bottom: 2px;" class="section   " valign="top"  ><table role="presentation" control="true" id="mx839"   width="100%"  class="  " summary=""  style="width:100%;;;vertical-align:top">				<tr   control="true" id="mx849_0"  class="  leafspacer" style="vertical-align:top;">
				<td    nowrap="nowrap"  id="mx848_0"  align="right"   valign="middle" style="vertical-align:middle;"><div aria-live="polite" id="mx843_holder" class="bc"><label ctype="label"  id="mx843"    noclick="1"   targetid="mx843"    class="text label  label  " style="display:block;padding-left:2px;padding-top:2px;;;;;" for="mx845" title="Building Number">Building Number:</label></div></td>
				<td    nowrap="nowrap"  id="mx848_1"     valign="middle" style="vertical-align:middle;"><div aria-live="polite" id="mx844_holder" class="bc"><img id="mx844" alt="required" align='absmiddle' src='../webclient/skins-20170809-1350/tivoli09/images/required.gif' style="visibility:hidden;" class="required "/></div><div aria-live="polite" id="mx845_holder" class="bc"><input  aria-readonly="true"  role="textbox"  id="mx845" class="fld text   fld fld_ro"     ctype="textbox"  dir="ltr" li="mx846"      style="padding-right:2px;text-align: right;;width:75.0px;"   async='1'  ae="setvalue"  tabindex="-1" readonly="readonly" type="text" title="Building Number: 225" value="225" ov="225" work="1" fldInfo='{&quot;length&quot;:&quot;4&quot;,&quot;inttype&quot;:&quot;9&quot;,&quot;scale&quot;:&quot;0&quot;}'/></div><div aria-live="polite" id="mx846_holder" class="bc"><img sf="1" aria-hidden="true" active="0" ctype="image" alt=""  src="../webclient/skins-20170809-1350/tivoli09/images/blank.gif" source="blank" imgtype=".gif" style="display:inline;margin:0px;" border="0"  lc="mx845"    align="absmiddle" width='26px' height='26px'   id="mx846" title=""/></div></td>
				</tr>
				<tr   control="true" id="mx857_0"  class="  leafspacer" style="vertical-align:top;">
				<td    nowrap="nowrap"  id="mx856_0"  align="right"   valign="middle" style="vertical-align:middle;"><div aria-live="polite" id="mx851_holder" class="bc"><label ctype="label"  id="mx851"    noclick="1"   targetid="mx851"    class="text label  label  " style="display:block;padding-left:2px;padding-top:2px;;;;;" for="mx853" title="Building Name">Building Name:</label></div></td>
				<td    nowrap="nowrap"  id="mx856_1"     valign="middle" style="vertical-align:middle;"><div aria-live="polite" id="mx852_holder" class="bc"><img id="mx852" alt="required" align='absmiddle' src='../webclient/skins-20170809-1350/tivoli09/images/required.gif' style="visibility:hidden;" class="required "/></div><div aria-live="polite" id="mx853_holder" class="bc"><input  aria-readonly="true"  role="textbox"  id="mx853" class="fld text   fld fld_ro"     ctype="textbox"   li="mx854"     maxlength="50" style=";width:300.0px;"   async='1'  ae="setvalue"  tabindex="-1" readonly="readonly" type="text" title="Building Name" value="" ov="" work="1" fldInfo='{&quot;length&quot;:&quot;50&quot;,&quot;inttype&quot;:&quot;0&quot;}'/></div><div aria-live="polite" id="mx854_holder" class="bc"><img sf="1" aria-hidden="true" active="0" ctype="image" alt=""  src="../webclient/skins-20170809-1350/tivoli09/images/blank.gif" source="blank" imgtype=".gif" style="display:inline;margin:0px;" border="0"  lc="mx853"    align="absmiddle" width='26px' height='26px'   id="mx854" title=""/></div></td>
				</tr>
				<tr   control="true" id="mx865_0"  class="  leafspacer" style="vertical-align:top;">
				<td    nowrap="nowrap"  id="mx864_0"  align="right"   valign="middle" style="vertical-align:middle;"><div aria-live="polite" id="mx859_holder" class="bc"><label ctype="label"  id="mx859"    noclick="1"   targetid="mx859"    class="text label  label  " style="display:block;padding-left:2px;padding-top:2px;;;;;" for="mx861" title="Principal Street">Principal Street:</label></div></td>
				<td    nowrap="nowrap"  id="mx864_1"     valign="middle" style="vertical-align:middle;"><div aria-live="polite" id="mx860_holder" class="bc"><img id="mx860" alt="required" align='absmiddle' src='../webclient/skins-20170809-1350/tivoli09/images/required.gif' style="visibility:hidden;" class="required "/></div><div aria-live="polite" id="mx861_holder" class="bc"><input  aria-readonly="true"  role="textbox"  id="mx861" class="fld text   fld fld_ro"     ctype="textbox"   li="mx862"     maxlength="40" style=";width:300.0px;"   async='1'  ae="setvalue"  tabindex="-1" readonly="readonly" type="text" title="Principal Street: RINGWOOD ROAD" value="RINGWOOD ROAD" ov="RINGWOOD ROAD" work="1" fldInfo='{&quot;length&quot;:&quot;40&quot;,&quot;inttype&quot;:&quot;0&quot;}'/></div><div aria-live="polite" id="mx862_holder" class="bc"><img sf="1" aria-hidden="true" active="0" ctype="image" alt=""  src="../webclient/skins-20170809-1350/tivoli09/images/blank.gif" source="blank" imgtype=".gif" style="display:inline;margin:0px;" border="0"  lc="mx861"    align="absmiddle" width='26px' height='26px'   id="mx862" title=""/></div></td>
				</tr>
				<tr   control="true" id="mx873_0"  class="  leafspacer" style="vertical-align:top;">
				<td    nowrap="nowrap"  id="mx872_0"  align="right"   valign="middle" style="vertical-align:middle;"><div aria-live="polite" id="mx867_holder" class="bc"><label ctype="label"  id="mx867"    noclick="1"   targetid="mx867"    class="text label  label  " style="display:block;padding-left:2px;padding-top:2px;;;;;" for="mx869" title="Dependant Street">Dependant Street:</label></div></td>
				<td    nowrap="nowrap"  id="mx872_1"     valign="middle" style="vertical-align:middle;"><div aria-live="polite" id="mx868_holder" class="bc"><img id="mx868" alt="required" align='absmiddle' src='../webclient/skins-20170809-1350/tivoli09/images/required.gif' style="visibility:hidden;" class="required "/></div><div aria-live="polite" id="mx869_holder" class="bc"><input  aria-readonly="true"  role="textbox"  id="mx869" class="fld text   fld fld_ro"     ctype="textbox"   li="mx870"     maxlength="40" style=";width:300.0px;"   async='1'  ae="setvalue"  tabindex="-1" readonly="readonly" type="text" title="Dependant Street" value="" ov="" work="1" fldInfo='{&quot;length&quot;:&quot;40&quot;,&quot;inttype&quot;:&quot;0&quot;}'/></div><div aria-live="polite" id="mx870_holder" class="bc"><img sf="1" aria-hidden="true" active="0" ctype="image" alt=""  src="../webclient/skins-20170809-1350/tivoli09/images/blank.gif" source="blank" imgtype=".gif" style="display:inline;margin:0px;" border="0"  lc="mx869"    align="absmiddle" width='26px' height='26px'   id="mx870" title=""/></div></td>
				</tr>
				<tr   control="true" id="mx881_0"  class="  leafspacer" style="vertical-align:top;">
				<td    nowrap="nowrap"  id="mx880_0"  align="right"   valign="middle" style="vertical-align:middle;"><div aria-live="polite" id="mx875_holder" class="bc"><label ctype="label"  id="mx875"    noclick="1"   targetid="mx875"    class="text label  label  " style="display:block;padding-left:2px;padding-top:2px;;;;;" for="mx877" title="County">County:</label></div></td>
				<td    nowrap="nowrap"  id="mx880_1"     valign="middle" style="vertical-align:middle;"><div aria-live="polite" id="mx876_holder" class="bc"><img id="mx876" alt="required" align='absmiddle' src='../webclient/skins-20170809-1350/tivoli09/images/required.gif' style="visibility:hidden;" class="required "/></div><div aria-live="polite" id="mx877_holder" class="bc"><input  aria-readonly="true"  role="textbox"  id="mx877" class="fld text   fld fld_ro"     ctype="textbox"   li="mx878"     maxlength="40" style=";width:300.0px;"   async='1'  ae="setvalue"  tabindex="-1" readonly="readonly" type="text" title="County: DORSET" value="DORSET" ov="DORSET" work="1" fldInfo='{&quot;length&quot;:&quot;40&quot;,&quot;inttype&quot;:&quot;0&quot;}'/></div><div aria-live="polite" id="mx878_holder" class="bc"><img sf="1" aria-hidden="true" active="0" ctype="image" alt=""  src="../webclient/skins-20170809-1350/tivoli09/images/blank.gif" source="blank" imgtype=".gif" style="display:inline;margin:0px;" border="0"  lc="mx877"    align="absmiddle" width='26px' height='26px'   id="mx878" title=""/></div></td>
				</tr>
</table>
</td>
		</tr>
		
			</table>
		</div>
	
			</td>
		</tr>
	</table>

		</div>
	</td>

		<td id="mx884" aria-live="polite"  style="display:;;padding:0 2px;vertical-align: top" sc="true"  height="100%" class="sectioncol">
			<div id="mx884_div" style="height: 100%">
			
<table role="presentation" control="true" id="mx883"   width="100%" height="100%" class="  " summary=""  style="width:100%;height:100%;;;vertical-align:top">
		<tr>
			<td id="mx893"  control="true" style="vertical-align:top;">
	
		<div id="mx893_compHolder" aria-live="polite"  style="padding:0px;margin:0px;vertical-align:top;height: 100%;display:"  >
		
			<table id="mx893_inner" role="presentation"  cellspacing="0" class="so   " cellpadding="0" height="100%" width="100%"   style="vertical-align:top;" ><tr id="mx893_1"  style="vertical-align:top;display:;" > 
	<td id="mx892" aria-live="polite"      style="display:;white-space:nowrap;padding-bottom: 2px;" class="section   " valign="top"  ><table role="presentation" control="true" id="mx891"   width="100%"  class="  " summary=""  style="width:100%;;;vertical-align:top">				<tr   control="true" id="mx901_0"  class="  leafspacer" style="vertical-align:top;">
				<td    nowrap="nowrap"  id="mx900_0"  align="right"   valign="middle" style="vertical-align:middle;"><div aria-live="polite" id="mx895_holder" class="bc"><label ctype="label"  id="mx895"    noclick="1"   targetid="mx895"    class="text label  label  " style="display:block;padding-left:2px;padding-top:2px;;;;;" for="mx897" title="Delivery Point Alias">Delivery Point Alias:</label></div></td>
				<td    nowrap="nowrap"  id="mx900_1"     valign="middle" style="vertical-align:middle;"><div aria-live="polite" id="mx896_holder" class="bc"><img id="mx896" alt="required" align='absmiddle' src='../webclient/skins-20170809-1350/tivoli09/images/required.gif' style="visibility:hidden;" class="required "/></div><div aria-live="polite" id="mx897_holder" class="bc"><input  aria-readonly="true"  role="textbox"  id="mx897" class="fld text   fld fld_ro"     ctype="textbox"   li="mx898"     maxlength="50" style=";width:300.0px;"   async='1'  ae="setvalue"  tabindex="-1" readonly="readonly" type="text" title="Delivery Point Alias" value="" ov="" work="1" fldInfo='{&quot;length&quot;:&quot;50&quot;,&quot;inttype&quot;:&quot;0&quot;}'/></div><div aria-live="polite" id="mx898_holder" class="bc"><img sf="1" aria-hidden="true" active="0" ctype="image" alt=""  src="../webclient/skins-20170809-1350/tivoli09/images/blank.gif" source="blank" imgtype=".gif" style="display:inline;margin:0px;" border="0"  lc="mx897"    align="absmiddle" width='26px' height='26px'   id="mx898" title=""/></div></td>
				</tr>
				<tr   control="true" id="mx909_0"  class="  leafspacer" style="vertical-align:top;">
				<td    nowrap="nowrap"  id="mx908_0"  align="right"   valign="middle" style="vertical-align:middle;"><div aria-live="polite" id="mx903_holder" class="bc"><label ctype="label"  id="mx903"    noclick="1"   targetid="mx903"    class="text label  label  " style="display:block;padding-left:2px;padding-top:2px;;;;;" for="mx905" title="Locality Name">Locality Name:</label></div></td>
				<td    nowrap="nowrap"  id="mx908_1"     valign="middle" style="vertical-align:middle;"><div aria-live="polite" id="mx904_holder" class="bc"><img id="mx904" alt="required" align='absmiddle' src='../webclient/skins-20170809-1350/tivoli09/images/required.gif' style="visibility:hidden;" class="required "/></div><div aria-live="polite" id="mx905_holder" class="bc"><input  aria-readonly="true"  role="textbox"  id="mx905" class="fld text   fld fld_ro"     ctype="textbox"   li="mx906"     maxlength="50" style=";width:300.0px;"   async='1'  ae="setvalue"  tabindex="-1" readonly="readonly" type="text" title="Locality Name" value="" ov="" work="1" fldInfo='{&quot;length&quot;:&quot;50&quot;,&quot;inttype&quot;:&quot;0&quot;}'/></div><div aria-live="polite" id="mx906_holder" class="bc"><img sf="1" aria-hidden="true" active="0" ctype="image" alt=""  src="../webclient/skins-20170809-1350/tivoli09/images/blank.gif" source="blank" imgtype=".gif" style="display:inline;margin:0px;" border="0"  lc="mx905"    align="absmiddle" width='26px' height='26px'   id="mx906" title=""/></div></td>
				</tr>
				<tr   control="true" id="mx917_0"  class="  leafspacer" style="vertical-align:top;">
				<td    nowrap="nowrap"  id="mx916_0"  align="right"   valign="middle" style="vertical-align:middle;"><div aria-live="polite" id="mx911_holder" class="bc"><label ctype="label"  id="mx911"    noclick="1"   targetid="mx911"    class="text label  label  " style="display:block;padding-left:2px;padding-top:2px;;;;;" for="mx913" title="Post Town">Post Town:</label></div></td>
				<td    nowrap="nowrap"  id="mx916_1"     valign="middle" style="vertical-align:middle;"><div aria-live="polite" id="mx912_holder" class="bc"><img id="mx912" alt="required" align='absmiddle' src='../webclient/skins-20170809-1350/tivoli09/images/required.gif' style="visibility:hidden;" class="required "/></div><div aria-live="polite" id="mx913_holder" class="bc"><input  aria-readonly="true"  role="textbox"  id="mx913" class="fld text   fld fld_ro"     ctype="textbox"   li="mx914"     maxlength="40" style=";width:300.0px;"   async='1'  ae="setvalue"  tabindex="-1" readonly="readonly" type="text" title="Post Town: POOLE" value="POOLE" ov="POOLE" work="1" fldInfo='{&quot;length&quot;:&quot;40&quot;,&quot;inttype&quot;:&quot;0&quot;}'/></div><div aria-live="polite" id="mx914_holder" class="bc"><img sf="1" aria-hidden="true" active="0" ctype="image" alt=""  src="../webclient/skins-20170809-1350/tivoli09/images/blank.gif" source="blank" imgtype=".gif" style="display:inline;margin:0px;" border="0"  lc="mx913"    align="absmiddle" width='26px' height='26px'   id="mx914" title=""/></div></td>
				</tr>
				<tr   control="true" id="mx925_0"  class="  leafspacer" style="vertical-align:top;">
				<td    nowrap="nowrap"  id="mx924_0"  align="right"   valign="middle" style="vertical-align:middle;"><div aria-live="polite" id="mx919_holder" class="bc"><label ctype="label"  id="mx919"    noclick="1"   targetid="mx919"    class="text label  label  " style="display:block;padding-left:2px;padding-top:2px;;;;;" for="mx921" title="Outcode">Outcode:</label></div></td>
				<td    nowrap="nowrap"  id="mx924_1"     valign="middle" style="vertical-align:middle;"><div aria-live="polite" id="mx920_holder" class="bc"><img id="mx920" alt="required" align='absmiddle' src='../webclient/skins-20170809-1350/tivoli09/images/required.gif' style="visibility:hidden;" class="required "/></div><div aria-live="polite" id="mx921_holder" class="bc"><input  aria-readonly="true"  role="textbox"  id="mx921" class="fld text   fld fld_ro"     ctype="textbox"   li="mx922"     maxlength="4" style=";width:75.0px;"   async='1'  ae="setvalue"  tabindex="-1" readonly="readonly" type="text" title="Outcode: BH12" value="BH12" ov="BH12" work="1" fldInfo='{&quot;length&quot;:&quot;4&quot;,&quot;inttype&quot;:&quot;0&quot;}'/></div><div aria-live="polite" id="mx922_holder" class="bc"><img sf="1" aria-hidden="true" active="0" ctype="image" alt=""  src="../webclient/skins-20170809-1350/tivoli09/images/blank.gif" source="blank" imgtype=".gif" style="display:inline;margin:0px;" border="0"  lc="mx921"    align="absmiddle" width='26px' height='26px'   id="mx922" title=""/></div></td>
				</tr>
				<tr   control="true" id="mx933_0"  class="  leafspacer" style="vertical-align:top;">
				<td    nowrap="nowrap"  id="mx932_0"  align="right"   valign="middle" style="vertical-align:middle;"><div aria-live="polite" id="mx927_holder" class="bc"><label ctype="label"  id="mx927"    noclick="1"   targetid="mx927"    class="text label  label  " style="display:block;padding-left:2px;padding-top:2px;;;;;" for="mx929" title="Incode">Incode:</label></div></td>
				<td    nowrap="nowrap"  id="mx932_1"     valign="middle" style="vertical-align:middle;"><div aria-live="polite" id="mx928_holder" class="bc"><img id="mx928" alt="required" align='absmiddle' src='../webclient/skins-20170809-1350/tivoli09/images/required.gif' style="visibility:hidden;" class="required "/></div><div aria-live="polite" id="mx929_holder" class="bc"><input  aria-readonly="true"  role="textbox"  id="mx929" class="fld text   fld fld_ro"     ctype="textbox"   li="mx930"     maxlength="4" style=";width:75.0px;"   async='1'  ae="setvalue"  tabindex="-1" readonly="readonly" type="text" title="Incode: 3LH" value="3LH" ov="3LH" work="1" fldInfo='{&quot;length&quot;:&quot;4&quot;,&quot;inttype&quot;:&quot;0&quot;}'/></div><div aria-live="polite" id="mx930_holder" class="bc"><img sf="1" aria-hidden="true" active="0" ctype="image" alt=""  src="../webclient/skins-20170809-1350/tivoli09/images/blank.gif" source="blank" imgtype=".gif" style="display:inline;margin:0px;" border="0"  lc="mx929"    align="absmiddle" width='26px' height='26px'   id="mx930" title=""/></div></td>
				</tr>
</table>
</td>
		</tr>
		
			</table>
		</div>
	
			</td>
		</tr>
	</table>

		</div>
	</td>
				</tr>
</table>
</td>
		</tr>
		
			</table>
		</div>
	
			</td>
		</tr>
	
		<tr>
			<td id="mx942"  control="true" style="vertical-align:top;">
	
		<div id="mx942_compHolder" aria-live="polite"  style="padding:0px;margin:0px;vertical-align:top;height: 100%;display:" class="sectionBS" >
		
			<table id="mx942_inner" role="presentation"  cellspacing="0" class="so   " cellpadding="0" height="100%" width="100%"   style="vertical-align:top;" ><tr id="mx942_0"  style="vertical-align:top;display:;" > 		<td id="mx939" class="hbouter"  style="padding:0px;;white-space:nowrap;"  role="presentation">
			<table cellspacing="0" cellpadding="0" style="width:100%;" class="" role="presentation">
				<tr>
						<td class="h_l"></td>
					<td id="mx939_header_0"  align="middle" class="hb   hbsh" valign="middle" style="padding:0px;white-space:nowrap;" width:100%;><div aria-live="polite" id="mx935_holder" class="bc"><h1 labelledby="mx935" style="display:inline" title="Contacts"><label ctype="label"  id="mx935"    noclick="1"   targetid="mx935"    class="text st  " style="display:block;padding-left:2px;padding-top:2px;;;;;" title="Contacts"><img id='mx935_er_img' src='../webclient/skins-20170809-1350/tivoli09/images/blank.gif' style='display:none' class='label_blank_icon' title="" alt=""/>Contacts</label></h1></div></td>
					<td id="mx939_header_1"  align="middle" class="hb   hbsh" valign="middle" style="padding:0px;white-space:nowrap;" width:100%;></td>
					<td id="mx939_header_2"  align="middle" class="hb   hbsh" valign="middle" style="padding:0px;white-space:nowrap;" width="100%"><div aria-live="polite" id="mx937_holder" class="bc">	<div id="mx937" name="mx937" class="text ts  ts  "  style="width:100%">&nbsp;</div>
</div></td>
					<td id="mx939_header_3"  align="middle" class="hb   hbsh" valign="middle" style="padding:0px;white-space:nowrap;" width="100%"><div aria-live="polite" id="mx938_holder" class="bc"><a  href="javascript: void(0);" ctype="toggleimage" ev="true" tabindex="0"  compid="mx938"  title="Minimize Contacts Section"><img id="mx938"  aria-disabled="true" aria-hidden="true"  tabindex="-1" border="0" class="ti   " src="../webclient/skins-20170809-1350/tivoli09/images/minimize.gif" source="minimize.gif" imgtype="" ev="true" align="top" style="display:block;margin:0px;"  alt="Minimize Contacts Section"  /></a>
</div></td>
					<td class="h_r"></td>
				</tr>
			</table>
		</td>

		</tr>
		<tr id="mx942_1"  style="vertical-align:top;display:;" > 
	<td id="mx941" aria-live="polite"      style="display:;white-space:nowrap;padding-bottom: 2px;" class="section   sectionb" valign="top"  ><table role="presentation" control="true" id="mx940"   width="100%"  class="  " summary=""  style="width:100%;;;vertical-align:top">				<tr   control="true" id="mx946_0"    style="vertical-align:top;">

		<td id="mx949" aria-live="polite"  style="display:;;padding:0 2px;vertical-align: top" sc="true"  height="100%" class="sectioncol">
			<div id="mx949_div" style="height: 100%">
			
<table role="presentation" control="true" id="mx948"   width="100%" height="100%" class="  " summary=""  style="width:100%;height:100%;;;vertical-align:top">
		<tr>
			<td id="mx958"  control="true" style="vertical-align:top;">
	
		<div id="mx958_compHolder" aria-live="polite"  style="padding:0px;margin:0px;vertical-align:top;height: 100%;display:"  >
		
			<table id="mx958_inner" role="presentation"  cellspacing="0" class="so   " cellpadding="0" height="100%" width="100%"   style="vertical-align:top;" ><tr id="mx958_1"  style="vertical-align:top;display:;" > 
	<td id="mx957" aria-live="polite"      style="display:;white-space:nowrap;padding-bottom: 2px;" class="section   " valign="top"  ><table role="presentation" control="true" id="mx956"   width="100%"  class="  " summary=""  style="width:100%;;;vertical-align:top">				<tr   control="true" id="mx966_0"  class="  leafspacer" style="vertical-align:top;">
				<td    nowrap="nowrap"  id="mx965_0"  align="right"   valign="middle" style="vertical-align:middle;"><div aria-live="polite" id="mx960_holder" class="bc"><label ctype="label"  id="mx960"    noclick="1"   targetid="mx960"    class="text label  label  " style="display:block;padding-left:2px;padding-top:2px;;;;;" for="mx962" title="First Name">First Name:</label></div></td>
				<td    nowrap="nowrap"  id="mx965_1"     valign="middle" style="vertical-align:middle;"><div aria-live="polite" id="mx961_holder" class="bc"><img id="mx961" alt="required" align='absmiddle' src='../webclient/skins-20170809-1350/tivoli09/images/required.gif' style="visibility:hidden;" class="required "/></div><div aria-live="polite" id="mx962_holder" class="bc"><input  aria-readonly="true"  role="textbox"  id="mx962" class="fld text   fld fld_ro"     ctype="textbox"   li="mx963"     maxlength="15" style=";width:75.0px;"   async='1'  ae="setvalue"  tabindex="-1" readonly="readonly" type="text" title="First Name" value="" ov="" work="1" fldInfo='{&quot;length&quot;:&quot;15&quot;,&quot;inttype&quot;:&quot;0&quot;}'/></div><div aria-live="polite" id="mx963_holder" class="bc"><img sf="1" aria-hidden="true" active="0" ctype="image" alt=""  src="../webclient/skins-20170809-1350/tivoli09/images/blank.gif" source="blank" imgtype=".gif" style="display:inline;margin:0px;" border="0"  lc="mx962"    align="absmiddle" width='26px' height='26px'   id="mx963" title=""/></div></td>
				</tr>
				<tr   control="true" id="mx974_0"  class="  leafspacer" style="vertical-align:top;">
				<td    nowrap="nowrap"  id="mx973_0"  align="right"   valign="middle" style="vertical-align:middle;"><div aria-live="polite" id="mx968_holder" class="bc"><label ctype="label"  id="mx968"    noclick="1"   targetid="mx968"    class="text label  label  " style="display:block;padding-left:2px;padding-top:2px;;;;;" for="mx970" title="Surname">Surname:</label></div></td>
				<td    nowrap="nowrap"  id="mx973_1"     valign="middle" style="vertical-align:middle;"><div aria-live="polite" id="mx969_holder" class="bc"><img id="mx969" alt="required" align='absmiddle' src='../webclient/skins-20170809-1350/tivoli09/images/required.gif' style="visibility:hidden;" class="required "/></div><div aria-live="polite" id="mx970_holder" class="bc"><input  aria-readonly="true"  role="textbox"  id="mx970" class="fld text   fld fld_ro"     ctype="textbox"   li="mx971"     maxlength="60" style=";width:300.0px;"   async='1'  ae="setvalue"  tabindex="-1" readonly="readonly" type="text" title="Surname" value="" ov="" work="1" fldInfo='{&quot;length&quot;:&quot;60&quot;,&quot;inttype&quot;:&quot;0&quot;}'/></div><div aria-live="polite" id="mx971_holder" class="bc"><img sf="1" aria-hidden="true" active="0" ctype="image" alt=""  src="../webclient/skins-20170809-1350/tivoli09/images/blank.gif" source="blank" imgtype=".gif" style="display:inline;margin:0px;" border="0"  lc="mx970"    align="absmiddle" width='26px' height='26px'   id="mx971" title=""/></div></td>
				</tr>
				<tr   control="true" id="mx982_0"  class="  leafspacer" style="vertical-align:top;">
				<td    nowrap="nowrap"  id="mx981_0"  align="right"   valign="middle" style="vertical-align:middle;"><div aria-live="polite" id="mx976_holder" class="bc"><label ctype="label"  id="mx976"    noclick="1"   targetid="mx976"    class="text label  label  " style="display:block;padding-left:2px;padding-top:2px;;;;;" for="mx978" title="Initials">Initials:</label></div></td>
				<td    nowrap="nowrap"  id="mx981_1"     valign="middle" style="vertical-align:middle;"><div aria-live="polite" id="mx977_holder" class="bc"><img id="mx977" alt="required" align='absmiddle' src='../webclient/skins-20170809-1350/tivoli09/images/required.gif' style="visibility:hidden;" class="required "/></div><div aria-live="polite" id="mx978_holder" class="bc"><input  aria-readonly="true"  role="textbox"  id="mx978" class="fld text   fld fld_ro"     ctype="textbox"   li="mx979"     maxlength="4" style=";width:75.0px;"   async='1'  ae="setvalue"  tabindex="-1" readonly="readonly" type="text" title="Initials" value="" ov="" work="1" fldInfo='{&quot;length&quot;:&quot;4&quot;,&quot;inttype&quot;:&quot;0&quot;}'/></div><div aria-live="polite" id="mx979_holder" class="bc"><img sf="1" aria-hidden="true" active="0" ctype="image" alt=""  src="../webclient/skins-20170809-1350/tivoli09/images/blank.gif" source="blank" imgtype=".gif" style="display:inline;margin:0px;" border="0"  lc="mx978"    align="absmiddle" width='26px' height='26px'   id="mx979" title=""/></div></td>
				</tr>
</table>
</td>
		</tr>
		
			</table>
		</div>
	
			</td>
		</tr>
	</table>

		</div>
	</td>

		<td id="mx985" aria-live="polite"  style="display:;;padding:0 2px;vertical-align: top" sc="true"  height="100%" class="sectioncol">
			<div id="mx985_div" style="height: 100%">
			
<table role="presentation" control="true" id="mx984"   width="100%" height="100%" class="  " summary=""  style="width:100%;height:100%;;;vertical-align:top">
		<tr>
			<td id="mx994"  control="true" style="vertical-align:top;">
	
		<div id="mx994_compHolder" aria-live="polite"  style="padding:0px;margin:0px;vertical-align:top;height: 100%;display:"  >
		
			<table id="mx994_inner" role="presentation"  cellspacing="0" class="so   " cellpadding="0" height="100%" width="100%"   style="vertical-align:top;" ><tr id="mx994_1"  style="vertical-align:top;display:;" > 
	<td id="mx993" aria-live="polite"      style="display:;white-space:nowrap;padding-bottom: 2px;" class="section   " valign="top"  ><table role="presentation" control="true" id="mx992"   width="100%"  class="  " summary=""  style="width:100%;;;vertical-align:top">				<tr   control="true" id="mx1002_0"  class="  leafspacer" style="vertical-align:top;">
				<td    nowrap="nowrap"  id="mx1001_0"  align="right"   valign="middle" style="vertical-align:middle;"><div aria-live="polite" id="mx996_holder" class="bc"><label ctype="label"  id="mx996"    noclick="1"   targetid="mx996"    class="text label  label  " style="display:block;padding-left:2px;padding-top:2px;;;;;" for="mx998" title="Phone Number">Phone Number:</label></div></td>
				<td    nowrap="nowrap"  id="mx1001_1"     valign="middle" style="vertical-align:middle;"><div aria-live="polite" id="mx997_holder" class="bc"><img id="mx997" alt="required" align='absmiddle' src='../webclient/skins-20170809-1350/tivoli09/images/required.gif' style="visibility:hidden;" class="required "/></div><div aria-live="polite" id="mx998_holder" class="bc"><input  aria-readonly="true"  role="textbox"  id="mx998" class="fld text   fld fld_ro"     ctype="textbox"   li="mx999"     maxlength="25" style=";width:75.0px;"   async='1'  ae="setvalue"  tabindex="-1" readonly="readonly" type="text" title="Phone Number" value="" ov="" work="1" fldInfo='{&quot;length&quot;:&quot;25&quot;,&quot;inttype&quot;:&quot;0&quot;}'/></div><div aria-live="polite" id="mx999_holder" class="bc"><img sf="1" aria-hidden="true" active="0" ctype="image" alt=""  src="../webclient/skins-20170809-1350/tivoli09/images/blank.gif" source="blank" imgtype=".gif" style="display:inline;margin:0px;" border="0"  lc="mx998"    align="absmiddle" width='26px' height='26px'   id="mx999" title=""/></div></td>
				</tr>
				<tr   control="true" id="mx1010_0"  class="  leafspacer" style="vertical-align:top;">
				<td    nowrap="nowrap"  id="mx1009_0"  align="right"   valign="middle" style="vertical-align:middle;"><div aria-live="polite" id="mx1004_holder" class="bc"><label ctype="label"  id="mx1004"    noclick="1"   targetid="mx1004"    class="text label  label  " style="display:block;padding-left:2px;padding-top:2px;;;;;" for="mx1006" title="SEUC">SEUC:</label></div></td>
				<td    nowrap="nowrap"  id="mx1009_1"     valign="middle" style="vertical-align:middle;"><div aria-live="polite" id="mx1005_holder" class="bc"><img id="mx1005" alt="required" align='absmiddle' src='../webclient/skins-20170809-1350/tivoli09/images/required.gif' style="visibility:hidden;" class="required "/></div><div aria-live="polite" id="mx1006_holder" class="bc"><input  aria-readonly="true"  role="textbox"  id="mx1006" class="fld text   fld fld_ro"     ctype="textbox"   li="mx1007"     maxlength="250" style=";width:300.0px;"   async='1'  ae="setvalue"  tabindex="-1" readonly="readonly" type="text" title="SEUC" value="" ov="" work="1" fldInfo='{&quot;length&quot;:&quot;250&quot;,&quot;inttype&quot;:&quot;0&quot;}'/></div><div aria-live="polite" id="mx1007_holder" class="bc"><img sf="1" aria-hidden="true" active="0" ctype="image" alt=""  src="../webclient/skins-20170809-1350/tivoli09/images/blank.gif" source="blank" imgtype=".gif" style="display:inline;margin:0px;" border="0"  lc="mx1006"    align="absmiddle" width='26px' height='26px'   id="mx1007" title=""/></div></td>
				</tr>
				<tr   control="true" id="mx1018_0"  class="  leafspacer" style="vertical-align:top;">
				<td    nowrap="nowrap"  id="mx1017_0"  align="right"   valign="middle" style="vertical-align:middle;"><div aria-live="polite" id="mx1012_holder" class="bc"><label ctype="label"  id="mx1012"    noclick="1"   targetid="mx1012"    class="text label  label  " style="display:block;padding-left:2px;padding-top:2px;;;;;" for="mx1014" title="Special Instruction">Special Instruction:</label></div></td>
				<td    nowrap="nowrap"  id="mx1017_1"     valign="middle" style="vertical-align:middle;"><div aria-live="polite" id="mx1013_holder" class="bc"><img id="mx1013" alt="required" align='absmiddle' src='../webclient/skins-20170809-1350/tivoli09/images/required.gif' style="visibility:hidden;" class="required "/></div><div aria-live="polite" id="mx1014_holder" class="bc"><input  aria-readonly="true"  role="textbox"  id="mx1014" class="fld text   fld fld_ro"     ctype="textbox"   li="mx1015"     maxlength="40" style=";width:300.0px;"   async='1'  ae="setvalue"  tabindex="-1" readonly="readonly" type="text" title="Special Instruction" value="" ov="" work="1" fldInfo='{&quot;length&quot;:&quot;40&quot;,&quot;inttype&quot;:&quot;0&quot;}'/></div><div aria-live="polite" id="mx1015_holder" class="bc"><img sf="1" aria-hidden="true" active="0" ctype="image" alt=""  src="../webclient/skins-20170809-1350/tivoli09/images/blank.gif" source="blank" imgtype=".gif" style="display:inline;margin:0px;" border="0"  lc="mx1014"    align="absmiddle" width='26px' height='26px'   id="mx1015" title=""/></div></td>
				</tr>
</table>
</td>
		</tr>
		
			</table>
		</div>
	
			</td>
		</tr>
	</table>

		</div>
	</td>
				</tr>
</table>
</td>
		</tr>
		
			</table>
		</div>
	
			</td>
		</tr>
	
		<tr>
			<td id="mx1027"  control="true" style="vertical-align:top;">
	
		<div id="mx1027_compHolder" aria-live="polite"  style="padding:0px;margin:0px;vertical-align:top;height: 100%;display:" class="sectionBS" >
		
			<table id="mx1027_inner" role="presentation"  cellspacing="0" class="so   " cellpadding="0" height="100%" width="100%"   style="vertical-align:top;" ><tr id="mx1027_0"  style="vertical-align:top;display:;" > 		<td id="mx1024" class="hbouter"  style="padding:0px;;white-space:nowrap;"  role="presentation">
			<table cellspacing="0" cellpadding="0" style="width:100%;" class="" role="presentation">
				<tr>
						<td class="h_l"></td>
					<td id="mx1024_header_0"  align="middle" class="hb   hbsh" valign="middle" style="padding:0px;white-space:nowrap;" width:100%;><div aria-live="polite" id="mx1020_holder" class="bc"><h1 labelledby="mx1020" style="display:inline" title="Supplier Details"><label ctype="label"  id="mx1020"    noclick="1"   targetid="mx1020"    class="text st  " style="display:block;padding-left:2px;padding-top:2px;;;;;" title="Supplier Details"><img id='mx1020_er_img' src='../webclient/skins-20170809-1350/tivoli09/images/blank.gif' style='display:none' class='label_blank_icon' title="" alt=""/>Supplier Details</label></h1></div></td>
					<td id="mx1024_header_1"  align="middle" class="hb   hbsh" valign="middle" style="padding:0px;white-space:nowrap;" width:100%;></td>
					<td id="mx1024_header_2"  align="middle" class="hb   hbsh" valign="middle" style="padding:0px;white-space:nowrap;" width="100%"><div aria-live="polite" id="mx1022_holder" class="bc">	<div id="mx1022" name="mx1022" class="text ts  ts  "  style="width:100%">&nbsp;</div>
</div></td>
					<td id="mx1024_header_3"  align="middle" class="hb   hbsh" valign="middle" style="padding:0px;white-space:nowrap;" width="100%"><div aria-live="polite" id="mx1023_holder" class="bc"><a  href="javascript: void(0);" ctype="toggleimage" ev="true" tabindex="0"  compid="mx1023"  title="Minimize Supplier Details Section"><img id="mx1023"  aria-disabled="true" aria-hidden="true"  tabindex="-1" border="0" class="ti   " src="../webclient/skins-20170809-1350/tivoli09/images/minimize.gif" source="minimize.gif" imgtype="" ev="true" align="top" style="display:block;margin:0px;"  alt="Minimize Supplier Details Section"  /></a>
</div></td>
					<td class="h_r"></td>
				</tr>
			</table>
		</td>

		</tr>
		<tr id="mx1027_1"  style="vertical-align:top;display:;" > 
	<td id="mx1026" aria-live="polite"      style="display:;white-space:nowrap;padding-bottom: 2px;" class="section   sectionb" valign="top"  ><table role="presentation" control="true" id="mx1025"   width="100%"  class="  " summary=""  style="width:100%;;;vertical-align:top">				<tr   control="true" id="mx1031_0"    style="vertical-align:top;">

		<td id="mx1034" aria-live="polite"  style="display:;;padding:0 2px;vertical-align: top" sc="true"  height="100%" class="sectioncol">
			<div id="mx1034_div" style="height: 100%">
			
<table role="presentation" control="true" id="mx1033"   width="100%" height="100%" class="  " summary=""  style="width:100%;height:100%;;;vertical-align:top">
		<tr>
			<td id="mx1043"  control="true" style="vertical-align:top;">
	
		<div id="mx1043_compHolder" aria-live="polite"  style="padding:0px;margin:0px;vertical-align:top;height: 100%;display:"  >
		
			<table id="mx1043_inner" role="presentation"  cellspacing="0" class="so   " cellpadding="0" height="100%" width="100%"   style="vertical-align:top;" ><tr id="mx1043_1"  style="vertical-align:top;display:;" > 
	<td id="mx1042" aria-live="polite"      style="display:;white-space:nowrap;padding-bottom: 2px;" class="section   " valign="top"  ><table role="presentation" control="true" id="mx1041"   width="100%"  class="  " summary=""  style="width:100%;;;vertical-align:top">				<tr   control="true" id="mx1051_0"  class="  leafspacer" style="vertical-align:top;">
				<td    nowrap="nowrap"  id="mx1050_0"  align="right"   valign="middle" style="vertical-align:middle;"><div aria-live="polite" id="mx1045_holder" class="bc"><label ctype="label"  id="mx1045"    noclick="1"   targetid="mx1045"    class="text label  label  " style="display:block;padding-left:2px;padding-top:2px;;;;;" for="mx1047" title="Supplier Code">Supplier Code:</label></div></td>
				<td    nowrap="nowrap"  id="mx1050_1"     valign="middle" style="vertical-align:middle;"><div aria-live="polite" id="mx1046_holder" class="bc"><img id="mx1046" alt="required" align='absmiddle' src='../webclient/skins-20170809-1350/tivoli09/images/required.gif' style="visibility:hidden;" class="required "/></div><div aria-live="polite" id="mx1047_holder" class="bc"><input  aria-readonly="true"  role="textbox"  id="mx1047" class="fld text   fld fld_ro"     ctype="textbox"   li="mx1048"     maxlength="3" style=";width:75.0px;"   async='1'  ae="setvalue"  tabindex="-1" readonly="readonly" type="text" title="Supplier Code: NRZ" value="NRZ" ov="NRZ" work="1" fldInfo='{&quot;length&quot;:&quot;3&quot;,&quot;inttype&quot;:&quot;0&quot;}'/></div><div aria-live="polite" id="mx1048_holder" class="bc"><img sf="1" aria-hidden="true" active="0" ctype="image" alt=""  src="../webclient/skins-20170809-1350/tivoli09/images/blank.gif" source="blank" imgtype=".gif" style="display:inline;margin:0px;" border="0"  lc="mx1047"    align="absmiddle" width='26px' height='26px'   id="mx1048" title=""/></div></td>
				</tr>
</table>
</td>
		</tr>
		
			</table>
		</div>
	
			</td>
		</tr>
	</table>

		</div>
	</td>

		<td id="mx1054" aria-live="polite"  style="display:;;padding:0 2px;vertical-align: top" sc="true"  height="100%" class="sectioncol">
			<div id="mx1054_div" style="height: 100%">
			
<table role="presentation" control="true" id="mx1053"   width="100%" height="100%" class="  " summary=""  style="width:100%;height:100%;;;vertical-align:top">
		<tr>
			<td id="mx1063"  control="true" style="vertical-align:top;">
	
		<div id="mx1063_compHolder" aria-live="polite"  style="padding:0px;margin:0px;vertical-align:top;height: 100%;display:"  >
		
			<table id="mx1063_inner" role="presentation"  cellspacing="0" class="so   " cellpadding="0" height="100%" width="100%"   style="vertical-align:top;" ><tr id="mx1063_1"  style="vertical-align:top;display:;" > 
	<td id="mx1062" aria-live="polite"      style="display:;white-space:nowrap;padding-bottom: 2px;" class="section   " valign="top"  ><table role="presentation" control="true" id="mx1061"   width="100%"  class="  " summary=""  style="width:100%;;;vertical-align:top">				<tr   control="true" id="mx1071_0"  class="  leafspacer" style="vertical-align:top;">
				<td    nowrap="nowrap"  id="mx1070_0"  align="right"   valign="middle" style="vertical-align:middle;"><div aria-live="polite" id="mx1065_holder" class="bc"><label ctype="label"  id="mx1065"    noclick="1"   targetid="mx1065"    class="text label  label  " style="display:block;padding-left:2px;padding-top:2px;;;;;" for="mx1067" title="Supplier Name">Supplier Name:</label></div></td>
				<td    nowrap="nowrap"  id="mx1070_1"     valign="middle" style="vertical-align:middle;"><div aria-live="polite" id="mx1066_holder" class="bc"><img id="mx1066" alt="required" align='absmiddle' src='../webclient/skins-20170809-1350/tivoli09/images/required.gif' style="visibility:hidden;" class="required "/></div><div aria-live="polite" id="mx1067_holder" class="bc"><input  aria-readonly="true"  role="textbox"  id="mx1067" class="fld text   fld fld_ro"     ctype="textbox"   li="mx1068"     maxlength="40" style=";width:300.0px;"   async='1'  ae="setvalue"  tabindex="-1" readonly="readonly" type="text" title="Supplier Name: Npower Northern Limited" value="Npower Northern Limited" ov="Npower Northern Limited" work="1" fldInfo='{&quot;length&quot;:&quot;40&quot;,&quot;inttype&quot;:&quot;0&quot;}'/></div><div aria-live="polite" id="mx1068_holder" class="bc"><img sf="1" aria-hidden="true" active="0" ctype="image" alt=""  src="../webclient/skins-20170809-1350/tivoli09/images/blank.gif" source="blank" imgtype=".gif" style="display:inline;margin:0px;" border="0"  lc="mx1067"    align="absmiddle" width='26px' height='26px'   id="mx1068" title=""/></div></td>
				</tr>
</table>
</td>
		</tr>
		
			</table>
		</div>
	
			</td>
		</tr>
	</table>

		</div>
	</td>
				</tr>
</table>
</td>
		</tr>
		
			</table>
		</div>
	
			</td>
		</tr>
	
		<tr>
			<td id="mx1080"  control="true" style="vertical-align:top;">
	
		<div id="mx1080_compHolder" aria-live="polite"  style="padding:0px;margin:0px;vertical-align:top;height: 100%;display:" class="sectionBS" >
		
			<table id="mx1080_inner" role="presentation"  cellspacing="0" class="so   " cellpadding="0" height="100%" width="100%"   style="vertical-align:top;" ><tr id="mx1080_0"  style="vertical-align:top;display:;" > 		<td id="mx1077" class="hbouter"  style="padding:0px;;white-space:nowrap;"  role="presentation">
			<table cellspacing="0" cellpadding="0" style="width:100%;" class="" role="presentation">
				<tr>
						<td class="h_l"></td>
					<td id="mx1077_header_0"  align="middle" class="hb   hbsh" valign="middle" style="padding:0px;white-space:nowrap;" width:100%;><div aria-live="polite" id="mx1073_holder" class="bc"><h1 labelledby="mx1073" style="display:inline" title="Meter Details"><label ctype="label"  id="mx1073"    noclick="1"   targetid="mx1073"    class="text st  " style="display:block;padding-left:2px;padding-top:2px;;;;;" title="Meter Details"><img id='mx1073_er_img' src='../webclient/skins-20170809-1350/tivoli09/images/blank.gif' style='display:none' class='label_blank_icon' title="" alt=""/>Meter Details</label></h1></div></td>
					<td id="mx1077_header_1"  align="middle" class="hb   hbsh" valign="middle" style="padding:0px;white-space:nowrap;" width:100%;></td>
					<td id="mx1077_header_2"  align="middle" class="hb   hbsh" valign="middle" style="padding:0px;white-space:nowrap;" width="100%"><div aria-live="polite" id="mx1075_holder" class="bc">	<div id="mx1075" name="mx1075" class="text ts  ts  "  style="width:100%">&nbsp;</div>
</div></td>
					<td id="mx1077_header_3"  align="middle" class="hb   hbsh" valign="middle" style="padding:0px;white-space:nowrap;" width="100%"><div aria-live="polite" id="mx1076_holder" class="bc"><a  href="javascript: void(0);" ctype="toggleimage" ev="true" tabindex="0"  compid="mx1076"  title="Minimize Meter Details Section"><img id="mx1076"  aria-disabled="true" aria-hidden="true"  tabindex="-1" border="0" class="ti   " src="../webclient/skins-20170809-1350/tivoli09/images/minimize.gif" source="minimize.gif" imgtype="" ev="true" align="top" style="display:block;margin:0px;"  alt="Minimize Meter Details Section"  /></a>
</div></td>
					<td class="h_r"></td>
				</tr>
			</table>
		</td>

		</tr>
		<tr id="mx1080_1"  style="vertical-align:top;display:;" > 
	<td id="mx1079" aria-live="polite"      style="display:;white-space:nowrap;padding-bottom: 2px;" class="section   sectionb" valign="top"  ><table role="presentation" control="true" id="mx1078"   width="100%"  class="  " summary=""  style="width:100%;;;vertical-align:top">				<tr   control="true" id="mx1084_0"    style="vertical-align:top;">

		<td id="mx1087" aria-live="polite"  style="display:;;padding:0 2px;vertical-align: top" sc="true"  height="100%" class="sectioncol">
			<div id="mx1087_div" style="height: 100%">
			
<table role="presentation" control="true" id="mx1086"   width="100%" height="100%" class="  " summary=""  style="width:100%;height:100%;;;vertical-align:top">
		<tr>
			<td id="mx1096"  control="true" style="vertical-align:top;">
	
		<div id="mx1096_compHolder" aria-live="polite"  style="padding:0px;margin:0px;vertical-align:top;height: 100%;display:"  >
		
			<table id="mx1096_inner" role="presentation"  cellspacing="0" class="so   " cellpadding="0" height="100%" width="100%"   style="vertical-align:top;" ><tr id="mx1096_1"  style="vertical-align:top;display:;" > 
	<td id="mx1095" aria-live="polite"      style="display:;white-space:nowrap;padding-bottom: 2px;" class="section   " valign="top"  ><table role="presentation" control="true" id="mx1094"   width="100%"  class="  " summary=""  style="width:100%;;;vertical-align:top">				<tr   control="true" id="mx1104_0"  class="  leafspacer" style="vertical-align:top;">
				<td    nowrap="nowrap"  id="mx1103_0"  align="right"   valign="middle" style="vertical-align:middle;"><div aria-live="polite" id="mx1098_holder" class="bc"><label ctype="label"  id="mx1098"    noclick="1"   targetid="mx1098"    class="text label  label  " style="display:block;padding-left:2px;padding-top:2px;;;;;" for="mx1100" title="Meter Serial Number">Meter Serial Number:</label></div></td>
				<td    nowrap="nowrap"  id="mx1103_1"     valign="middle" style="vertical-align:middle;"><div aria-live="polite" id="mx1099_holder" class="bc"><img id="mx1099" alt="required" align='absmiddle' src='../webclient/skins-20170809-1350/tivoli09/images/required.gif' style="visibility:hidden;" class="required "/></div><div aria-live="polite" id="mx1100_holder" class="bc"><input  aria-readonly="true"  role="textbox"  id="mx1100" class="fld text   fld fld_ro"     ctype="textbox"   li="mx1101"     maxlength="14" style=";width:75.0px;"   async='1'  ae="setvalue"  tabindex="-1" readonly="readonly" type="text" title="Meter Serial Number: 0052798" value="0052798" ov="0052798" work="1" fldInfo='{&quot;length&quot;:&quot;14&quot;,&quot;inttype&quot;:&quot;0&quot;}'/></div><div aria-live="polite" id="mx1101_holder" class="bc"><img sf="1" aria-hidden="true" active="0" ctype="image" alt=""  src="../webclient/skins-20170809-1350/tivoli09/images/blank.gif" source="blank" imgtype=".gif" style="display:inline;margin:0px;" border="0"  lc="mx1100"    align="absmiddle" width='26px' height='26px'   id="mx1101" title=""/></div></td>
				</tr>
				<tr   control="true" id="mx1112_0"  class="  leafspacer" style="vertical-align:top;">
				<td    nowrap="nowrap"  id="mx1111_0"  align="right"   valign="middle" style="vertical-align:middle;"><div aria-live="polite" id="mx1106_holder" class="bc"><label ctype="label"  id="mx1106"    noclick="1"   targetid="mx1106"    class="text label  label  " style="display:block;padding-left:2px;padding-top:2px;;;;;" for="mx1108" title="Meter Mechanism">Meter Mechanism:</label></div></td>
				<td    nowrap="nowrap"  id="mx1111_1"     valign="middle" style="vertical-align:middle;"><div aria-live="polite" id="mx1107_holder" class="bc"><img id="mx1107" alt="required" align='absmiddle' src='../webclient/skins-20170809-1350/tivoli09/images/required.gif' style="visibility:hidden;" class="required "/></div><div aria-live="polite" id="mx1108_holder" class="bc"><input  aria-readonly="true"  role="textbox"  id="mx1108" class="fld text   fld fld_ro"     ctype="textbox"   li="mx1109"     maxlength="3" style=";width:75.0px;"   async='1'  ae="setvalue"  tabindex="-1" readonly="readonly" type="text" title="Meter Mechanism: CR" value="CR" ov="CR" work="1" fldInfo='{&quot;length&quot;:&quot;3&quot;,&quot;inttype&quot;:&quot;0&quot;}'/></div><div aria-live="polite" id="mx1109_holder" class="bc"><img sf="1" aria-hidden="true" active="0" ctype="image" alt=""  src="../webclient/skins-20170809-1350/tivoli09/images/blank.gif" source="blank" imgtype=".gif" style="display:inline;margin:0px;" border="0"  lc="mx1108"    align="absmiddle" width='26px' height='26px'   id="mx1109" title=""/></div></td>
				</tr>
				<tr   control="true" id="mx1120_0"  class="  leafspacer" style="vertical-align:top;">
				<td    nowrap="nowrap"  id="mx1119_0"  align="right"   valign="middle" style="vertical-align:middle;"><div aria-live="polite" id="mx1114_holder" class="bc"><label ctype="label"  id="mx1114"    noclick="1"   targetid="mx1114"    class="text label  label  " style="display:block;padding-left:2px;padding-top:2px;;;;;" for="mx1116" title="Model">Model:</label></div></td>
				<td    nowrap="nowrap"  id="mx1119_1"     valign="middle" style="vertical-align:middle;"><div aria-live="polite" id="mx1115_holder" class="bc"><img id="mx1115" alt="required" align='absmiddle' src='../webclient/skins-20170809-1350/tivoli09/images/required.gif' style="visibility:hidden;" class="required "/></div><div aria-live="polite" id="mx1116_holder" class="bc"><input  aria-readonly="true"  role="textbox"  id="mx1116" class="fld text   fld fld_ro"     ctype="textbox"   li="mx1117"     maxlength="10" style=";width:75.0px;"   async='1'  ae="setvalue"  tabindex="-1" readonly="readonly" type="text" title="Model: U6" value="U6" ov="U6" work="1" fldInfo='{&quot;length&quot;:&quot;10&quot;,&quot;inttype&quot;:&quot;0&quot;}'/></div><div aria-live="polite" id="mx1117_holder" class="bc"><img sf="1" aria-hidden="true" active="0" ctype="image" alt=""  src="../webclient/skins-20170809-1350/tivoli09/images/blank.gif" source="blank" imgtype=".gif" style="display:inline;margin:0px;" border="0"  lc="mx1116"    align="absmiddle" width='26px' height='26px'   id="mx1117" title=""/></div></td>
				</tr>
				<tr   control="true" id="mx1128_0"  class="  leafspacer" style="vertical-align:top;">
				<td    nowrap="nowrap"  id="mx1127_0"  align="right"   valign="middle" style="vertical-align:middle;"><div aria-live="polite" id="mx1122_holder" class="bc"><label ctype="label"  id="mx1122"    noclick="1"   targetid="mx1122"    class="text label  label  " style="display:block;padding-left:2px;padding-top:2px;;;;;" for="mx1124" title="Status">Status:</label></div></td>
				<td    nowrap="nowrap"  id="mx1127_1"     valign="middle" style="vertical-align:middle;"><div aria-live="polite" id="mx1123_holder" class="bc"><img id="mx1123" alt="required" align='absmiddle' src='../webclient/skins-20170809-1350/tivoli09/images/required.gif' style="visibility:hidden;" class="required "/></div><div aria-live="polite" id="mx1124_holder" class="bc"><input  aria-readonly="true"  role="textbox"  id="mx1124" class="fld text   fld fld_ro"     ctype="textbox"   li="mx1125"     maxlength="2" style=";width:70.0px;"   async='1'  ae="setvalue"  tabindex="-1" readonly="readonly" type="text" title="Status: LI" value="LI" ov="LI" work="1" fldInfo='{&quot;length&quot;:&quot;2&quot;,&quot;inttype&quot;:&quot;0&quot;}'/></div><div aria-live="polite" id="mx1125_holder" class="bc"><img sf="1" aria-hidden="true" active="0" ctype="image" alt=""  src="../webclient/skins-20170809-1350/tivoli09/images/blank.gif" source="blank" imgtype=".gif" style="display:inline;margin:0px;" border="0"  lc="mx1124"    align="absmiddle" width='26px' height='26px'   id="mx1125" title=""/></div></td>
				</tr>
</table>
</td>
		</tr>
		
			</table>
		</div>
	
			</td>
		</tr>
	</table>

		</div>
	</td>

		<td id="mx1131" aria-live="polite"  style="display:;;padding:0 2px;vertical-align: top" sc="true"  height="100%" class="sectioncol">
			<div id="mx1131_div" style="height: 100%">
			
<table role="presentation" control="true" id="mx1130"   width="100%" height="100%" class="  " summary=""  style="width:100%;height:100%;;;vertical-align:top">
		<tr>
			<td id="mx1140"  control="true" style="vertical-align:top;">
	
		<div id="mx1140_compHolder" aria-live="polite"  style="padding:0px;margin:0px;vertical-align:top;height: 100%;display:"  >
		
			<table id="mx1140_inner" role="presentation"  cellspacing="0" class="so   " cellpadding="0" height="100%" width="100%"   style="vertical-align:top;" ><tr id="mx1140_1"  style="vertical-align:top;display:;" > 
	<td id="mx1139" aria-live="polite"      style="display:;white-space:nowrap;padding-bottom: 2px;" class="section   " valign="top"  ><table role="presentation" control="true" id="mx1138"   width="100%"  class="  " summary=""  style="width:100%;;;vertical-align:top">				<tr   control="true" id="mx1148_0"  class="  leafspacer" style="vertical-align:top;">
				<td    nowrap="nowrap"  id="mx1147_0"  align="right"   valign="middle" style="vertical-align:middle;"><div aria-live="polite" id="mx1142_holder" class="bc"><label ctype="label"  id="mx1142"    noclick="1"   targetid="mx1142"    class="text label  label  " style="display:block;padding-left:2px;padding-top:2px;;;;;" for="mx1144" title="Dial or Digit">Dial or Digit:</label></div></td>
				<td    nowrap="nowrap"  id="mx1147_1"     valign="middle" style="vertical-align:middle;"><div aria-live="polite" id="mx1143_holder" class="bc"><img id="mx1143" alt="required" align='absmiddle' src='../webclient/skins-20170809-1350/tivoli09/images/required.gif' style="visibility:hidden;" class="required "/></div><div aria-live="polite" id="mx1144_holder" class="bc"><input  aria-readonly="true"  role="textbox"  id="mx1144" class="fld text   fld fld_ro"     ctype="textbox"   li="mx1145"     maxlength="2" style=";width:70.0px;"   async='1'  ae="setvalue"  tabindex="-1" readonly="readonly" type="text" title="Dial or Digit: 4" value="4" ov="4" work="1" fldInfo='{&quot;length&quot;:&quot;2&quot;,&quot;inttype&quot;:&quot;0&quot;}'/></div><div aria-live="polite" id="mx1145_holder" class="bc"><img sf="1" aria-hidden="true" active="0" ctype="image" alt=""  src="../webclient/skins-20170809-1350/tivoli09/images/blank.gif" source="blank" imgtype=".gif" style="display:inline;margin:0px;" border="0"  lc="mx1144"    align="absmiddle" width='26px' height='26px'   id="mx1145" title=""/></div></td>
				</tr>
				<tr   control="true" id="mx1156_0"  class="  leafspacer" style="vertical-align:top;">
				<td    nowrap="nowrap"  id="mx1155_0"  align="right"   valign="middle" style="vertical-align:middle;"><div aria-live="polite" id="mx1150_holder" class="bc"><label ctype="label"  id="mx1150"    noclick="1"   targetid="mx1150"    class="text label  label  " style="display:block;padding-left:2px;padding-top:2px;;;;;" for="mx1152" title="Reading Factor">Reading Factor:</label></div></td>
				<td    nowrap="nowrap"  id="mx1155_1"     valign="middle" style="vertical-align:middle;"><div aria-live="polite" id="mx1151_holder" class="bc"><img id="mx1151" alt="required" align='absmiddle' src='../webclient/skins-20170809-1350/tivoli09/images/required.gif' style="visibility:hidden;" class="required "/></div><div aria-live="polite" id="mx1152_holder" class="bc"><input  aria-readonly="true"  role="textbox"  id="mx1152" class="fld text   fld fld_ro"     ctype="textbox"  dir="ltr" li="mx1153"      style="padding-right:2px;text-align: right;;width:75.0px;"   async='1'  ae="setvalue"  tabindex="-1" readonly="readonly" type="text" title="Reading Factor: 1" value="1" ov="1" work="1" fldInfo='{&quot;length&quot;:&quot;8&quot;,&quot;inttype&quot;:&quot;9&quot;,&quot;scale&quot;:&quot;0&quot;}'/></div><div aria-live="polite" id="mx1153_holder" class="bc"><img sf="1" aria-hidden="true" active="0" ctype="image" alt=""  src="../webclient/skins-20170809-1350/tivoli09/images/blank.gif" source="blank" imgtype=".gif" style="display:inline;margin:0px;" border="0"  lc="mx1152"    align="absmiddle" width='26px' height='26px'   id="mx1153" title=""/></div></td>
				</tr>
				<tr   control="true" id="mx1164_0"  class="  leafspacer" style="vertical-align:top;">
				<td    nowrap="nowrap"  id="mx1163_0"  align="right"   valign="middle" style="vertical-align:middle;"><div aria-live="polite" id="mx1158_holder" class="bc"><label ctype="label"  id="mx1158"    noclick="1"   targetid="mx1158"    class="text label  label  " style="display:block;padding-left:2px;padding-top:2px;;;;;" for="mx1160" title="Meter Type">Meter Type:</label></div></td>
				<td    nowrap="nowrap"  id="mx1163_1"     valign="middle" style="vertical-align:middle;"><div aria-live="polite" id="mx1159_holder" class="bc"><img id="mx1159" alt="required" align='absmiddle' src='../webclient/skins-20170809-1350/tivoli09/images/required.gif' style="visibility:hidden;" class="required "/></div><div aria-live="polite" id="mx1160_holder" class="bc"><input  aria-readonly="true"  role="textbox"  id="mx1160" class="fld text   fld fld_ro"     ctype="textbox"   li="mx1161"     maxlength="1" style=";width:70.0px;"   async='1'  ae="setvalue"  tabindex="-1" readonly="readonly" type="text" title="Meter Type: S" value="S" ov="S" work="1" fldInfo='{&quot;length&quot;:&quot;1&quot;,&quot;inttype&quot;:&quot;0&quot;}'/></div><div aria-live="polite" id="mx1161_holder" class="bc"><img sf="1" aria-hidden="true" active="0" ctype="image" alt=""  src="../webclient/skins-20170809-1350/tivoli09/images/blank.gif" source="blank" imgtype=".gif" style="display:inline;margin:0px;" border="0"  lc="mx1160"    align="absmiddle" width='26px' height='26px'   id="mx1161" title=""/></div></td>
				</tr>
				<tr   control="true" id="mx1172_0"  class="  leafspacer" style="vertical-align:top;">
				<td    nowrap="nowrap"  id="mx1171_0"  align="right"   valign="middle" style="vertical-align:middle;"><div aria-live="polite" id="mx1166_holder" class="bc"><label ctype="label"  id="mx1166"    noclick="1"   targetid="mx1166"    class="text label  label  " style="display:block;padding-left:2px;padding-top:2px;;;;;" for="mx1168" title="Flow Rate">Flow Rate:</label></div></td>
				<td    nowrap="nowrap"  id="mx1171_1"     valign="middle" style="vertical-align:middle;"><div aria-live="polite" id="mx1167_holder" class="bc"><img id="mx1167" alt="required" align='absmiddle' src='../webclient/skins-20170809-1350/tivoli09/images/required.gif' style="visibility:hidden;" class="required "/></div><div aria-live="polite" id="mx1168_holder" class="bc"><input  aria-readonly="true"  role="textbox"  id="mx1168" class="fld text   fld fld_ro"     ctype="textbox"   li="mx1169"     maxlength="4" style=";width:75.0px;"   async='1'  ae="setvalue"  tabindex="-1" readonly="readonly" type="text" title="Flow Rate: SCFH" value="SCFH" ov="SCFH" work="1" fldInfo='{&quot;length&quot;:&quot;4&quot;,&quot;inttype&quot;:&quot;0&quot;}'/></div><div aria-live="polite" id="mx1169_holder" class="bc"><img sf="1" aria-hidden="true" active="0" ctype="image" alt=""  src="../webclient/skins-20170809-1350/tivoli09/images/blank.gif" source="blank" imgtype=".gif" style="display:inline;margin:0px;" border="0"  lc="mx1168"    align="absmiddle" width='26px' height='26px'   id="mx1169" title=""/></div></td>
				</tr>
</table>
</td>
		</tr>
		
			</table>
		</div>
	
			</td>
		</tr>
	</table>

		</div>
	</td>
				</tr>
</table>
</td>
		</tr>
		
			</table>
		</div>
	
			</td>
		</tr>
	
				</table><!-- end of tabbody -->
			</td>
		</tr>

						<!-- end   tabgroup mx194-->
					</table>

			]]></component>


<deferredscript><![CDATA[focusItem('mx776',true);scrollScreen('0','0');resetLogoutTimer(true);if(tpaeConfig.validationOn) {setButtonEnabled(saveButton,false)};]]></deferredscript></server_response>