<?xml version="1.0" encoding="UTF-8" ?>
<server_response csrftoken="vim3q9tp3amldpckn3vmsp9cdb">
	<component id="mx2971_holder"><![CDATA[<script>
		var el = document.getElementById("mx2971");
		if(el)
		{
			el.style.display="";
		}
	</script>]]></component>

				<component id="mx2984_holder"><![CDATA[<script>
		addLoadMethod("updateDisplay('mx2984','none')");
		</script>]]></component>

		<finalscript><![CDATA[
			makeDialogScroll('mx2977','longopwait',-1);
		]]></finalscript>
<deferredscript><![CDATA[scrollScreen('1','0');focusItem('results_showlist_tablebody_2_-2-textbox_textbox',true);scrollScreen('0','0');resetLogoutTimer(true);if(tpaeConfig.validationOn) {setButtonEnabled(saveButton,false)};]]></deferredscript></server_response>