[
    {
        "transactionName": "Maximo_EmrgncyWR_ProjectUAT_T01_Launch",
        "rawStartTime": 1524559791945,
        "rawEndTime": 1524559793161
    },
    {
        "transactionName": "Maximo_EmrgncyWR_ProjectUAT_T02_Login",
        "rawStartTime": 1524559793275,
        "rawEndTime": 1524559798443
    },
    {
        "transactionName": "Maximo_EmrgncyWR_ProjectUAT_T04_GotoWO_ordertye",
        "rawStartTime": 1524559798603,
        "rawEndTime": 1524559800861
    },
    {
        "transactionName": "Maximo_EmrgncyWR_ProjectUAT_T05_ClkonNewWordorder",
        "rawStartTime": 1524559800990,
        "rawEndTime": 1524559802494
    },
    {
        "transactionName": "Maximo_EmrgncyWR_ProjectUAT_T06_Jobtype",
        "rawStartTime": 1524559802738,
        "rawEndTime": 1524559803707
    },
    {
        "transactionName": "Maximo_EmrgncyWR_ProjectUAT_T07_JobPriority",
        "rawStartTime": 1524559803871,
        "rawEndTime": 1524559804549
    },
    {
        "transactionName": "Maximo_EmrgncyWR_ProjectUAT_T08_Job_selectValue",
        "rawStartTime": 1524559804701,
        "rawEndTime": 1524559805295
    },
    {
        "transactionName": "Maximo_EmrgncyWR_ProjectUAT_T09_Schedule",
        "rawStartTime": 1524559805433,
        "rawEndTime": 1524559806328
    },
    {
        "transactionName": "Maximo_EmrgncyWR_ProjectUAT_T10_ClkonAddress",
        "rawStartTime": 1524559806492,
        "rawEndTime": 1524559806940
    },
    {
        "transactionName": "Maximo_EmrgncyWR_ProjectUAT_T11_NewRow",
        "rawStartTime": 1524559807156,
        "rawEndTime": 1524559807578
    },
    {
        "transactionName": "Maximo_EmrgncyWR_ProjectUAT_T12_ClkonMPRN",
        "rawStartTime": 1524559807715,
        "rawEndTime": 1524559807970
    },
    {
        "transactionName": "Maximo_EmrgncyWR_ProjectUAT_T3_GoToMeterPoint",
        "rawStartTime": 1524559808137,
        "rawEndTime": 1524559808849
    },
    {
        "transactionName": "Maximo_EmrgncyWR_ProjectUAT_T14_ClkonMPRN",
        "rawStartTime": 1524559808984,
        "rawEndTime": 1524559817891
    },
    {
        "transactionName": "Maximo_EmrgncyWR_ProjectUAT_T16_SelectAddress",
        "rawStartTime": 1524559818027,
        "rawEndTime": 1524559818490
    },
    {
        "transactionName": "Maximo_EmrgncyWR_ProjectUAT_T17_ReturntoValue",
        "rawStartTime": 1524559818620,
        "rawEndTime": 1524559819895
    },
    {
        "transactionName": "Maximo_EmrgncyWR_ProjectUAT_T18_ClkonChangeStatus",
        "rawStartTime": 1524559820017,
        "rawEndTime": 1524559824912
    },
    {
        "transactionName": "Maximo_EmrgncyWR_ProjectUAT_T19_SelectNewStatus",
        "rawStartTime": 1524559825057,
        "rawEndTime": 1524559825528
    },
    {
        "transactionName": "Maximo_EmrgncyWR_ProjectUAT_T20_ClkonOk",
        "rawStartTime": 1524559825646,
        "rawEndTime": 1524559826279
    },
    {
        "transactionName": "Maximo_EmrgncyWR_ProjectUAT_T21_Logout",
        "rawStartTime": 1524559826426,
        "rawEndTime": 1524559829566
    }
]