[
    {
        "stepId": "STEP1",
        "stepName": "Url: login.jsp",
        "infFile": "t2.inf",
        "time": 1524732491374
    },
    {
        "stepId": "STEP2",
        "stepName": "Submit Data: login",
        "infFile": "t5.inf",
        "time": 1524732494425
    },
    {
        "stepId": "STEP3",
        "stepName": "Submit Data: maximo.jsp",
        "infFile": "t6.inf",
        "time": 1524732494815
    },
    {
        "stepId": "STEP4",
        "stepName": "Url: ui",
        "infFile": "t7.inf",
        "time": 1524732495696
    },
    {
        "stepId": "STEP5",
        "stepName": "Submit Data: maximo.jsp_2",
        "infFile": "t8.inf",
        "time": 1524732496934
    },
    {
        "stepId": "STEP6",
        "stepName": "Submit Data: maximo.jsp_3",
        "infFile": "t9.inf",
        "time": 1524732497509
    },
    {
        "stepId": "STEP7",
        "stepName": "Submit Data: maximo.jsp_4",
        "infFile": "t10.inf",
        "time": 1524732497744
    },
    {
        "stepId": "STEP8",
        "stepName": "Submit Data: maximo.jsp_5",
        "infFile": "t11.inf",
        "time": 1524732498117
    },
    {
        "stepId": "STEP9",
        "stepName": "Submit Data: maximo.jsp_6",
        "infFile": "t13.inf",
        "time": 1524732498440
    },
    {
        "stepId": "STEP10",
        "stepName": "Url: blank.html",
        "infFile": "t14.inf",
        "time": 1524732498947
    },
    {
        "stepId": "STEP11",
        "stepName": "Custom Request: maximo.jsp_7",
        "infFile": "t15.inf",
        "time": 1524732499159
    },
    {
        "stepId": "STEP12",
        "stepName": "Custom Request: maximo.jsp_8",
        "infFile": "t16.inf",
        "time": 1524732499416
    },
    {
        "stepId": "STEP13",
        "stepName": "Custom Request: maximo.jsp_9",
        "infFile": "t17.inf",
        "time": 1524732499668
    },
    {
        "stepId": "STEP14",
        "stepName": "Submit Data: maximo.jsp_10",
        "infFile": "t18.inf",
        "time": 1524732500211
    },
    {
        "stepId": "STEP15",
        "stepName": "Submit Data: maximo.jsp_11",
        "infFile": "t19.inf",
        "time": 1524732500674
    },
    {
        "stepId": "STEP16",
        "stepName": "Submit Data: maximo.jsp_12",
        "infFile": "t20.inf",
        "time": 1524732501122
    },
    {
        "stepId": "STEP17",
        "stepName": "Submit Data: maximo.jsp_13",
        "infFile": "t21.inf",
        "time": 1524732501508
    },
    {
        "stepId": "STEP18",
        "stepName": "Url: maximo.jsp_14",
        "infFile": "t22.inf",
        "time": 1524732501970
    },
    {
        "stepId": "STEP19",
        "stepName": "Submit Data: maximo.jsp_15",
        "infFile": "t23.inf",
        "time": 1524732506564
    },
    {
        "stepId": "STEP20",
        "stepName": "Submit Data: maximo.jsp_16",
        "infFile": "t24.inf",
        "time": 1524732506771
    },
    {
        "stepId": "STEP21",
        "stepName": "Submit Data: maximo.jsp_17",
        "infFile": "t25.inf",
        "time": 1524732507210
    },
    {
        "stepId": "STEP22",
        "stepName": "Submit Data: maximo.jsp_{uisessionid}",
        "infFile": "t26.inf",
        "time": 1524732507577
    },
    {
        "stepId": "STEP23",
        "stepName": "Url: maximo.jsp_19",
        "infFile": "t27.inf",
        "time": 1524732507932
    },
    {
        "stepId": "STEP24",
        "stepName": "Submit Data: maximo.jsp_20",
        "infFile": "t28.inf",
        "time": 1524732509334
    },
    {
        "stepId": "STEP25",
        "stepName": "Submit Data: maximo.jsp_21",
        "infFile": "t29.inf",
        "time": 1524732509795
    },
    {
        "stepId": "STEP26",
        "stepName": "Submit Data: maximo.jsp_22",
        "infFile": "t30.inf",
        "time": 1524732510201
    },
    {
        "stepId": "STEP27",
        "stepName": "Submit Data: maximo.jsp_23",
        "infFile": "t31.inf",
        "time": 1524732510403
    },
    {
        "stepId": "STEP28",
        "stepName": "Submit Data: maximo.jsp_24",
        "infFile": "t32.inf",
        "time": 1524732510792
    },
    {
        "stepId": "STEP29",
        "stepName": "Submit Data: maximo.jsp_25",
        "infFile": "t33.inf",
        "time": 1524732511000
    },
    {
        "stepId": "STEP30",
        "stepName": "Submit Data: maximo.jsp_27",
        "infFile": "t34.inf",
        "time": 1524732511450
    },
    {
        "stepId": "STEP31",
        "stepName": "Url: logout.jsp",
        "infFile": "t35.inf",
        "time": 1524732511860
    }
]