<?xml version="1.0" encoding="UTF-8" ?>
<server_response csrftoken="drdd2bm05qboa4tcocjk45majj">
	<component id="mx2067_holder"><![CDATA[<script>
		var el = document.getElementById("mx2067");
		if(el)
		{
			el.style.display="";
		}
	</script>]]></component>
<component vis="true" id="mx2066_holder" compid="mx2066"><![CDATA[<a  href="javascript: void(0);" ctype="toggleimage" ev="true" tabindex="0"  compid="mx2066"  title="Minimize Section"><img id="mx2066"  aria-disabled="true" aria-hidden="true"  tabindex="-1" border="0" class="ti   " src="../webclient/skins-20170809-1350/tivoli09/images/minimize.gif" source="minimize.gif" imgtype="" ev="true" align="top" style="display:block;margin:0px;"  alt="Minimize Section"  /></a>
]]></component>
	<component id="mx2161_holder"><![CDATA[<script>
		var el = document.getElementById("mx2161");
		if(el)
		{
			el.style.display="";
		}
	</script>]]></component>
<component vis="true" id="mx2142_holder" compid="mx2142"><![CDATA[<span ctype="label"  id="mx2142"   tabindex="0"      targetid="mx2142"  mxevent="click"  class="text tht   anchor" style="display:block;padding-left:2px;padding-top:2px;;cursor:pointer;;;;" title="Filter">Filter</span>]]></component>
<component vis="true" id="mx2155_holder" compid="mx2155"><![CDATA[<label ctype="label"  id="mx2155"    noclick="1"   targetid="mx2155"    class="text tht  " style="display:block;padding-left:2px;padding-top:2px;;;;;" title="0 - 0 of 0">0 - 0 of 0</label>]]></component>
<component vis="true" id="mx2157_holder" compid="mx2157"><![CDATA[	<div id="mx2157" name="mx2157" class="text ts  ts  "  >&nbsp;</div>
]]></component>
<component vis="true" id="mx2158_holder" compid="mx2158"><![CDATA[<a ctype="label" disabled='disabled' id="mx2158"  href="Javascript: void(0);"  noclick="1"   targetid="mx2158"    class="text tht  " style="display:block;;;color:#C0C0C0;;" title="Download"><img id='mx2158_image' src='../webclient/skins-20170809-1350/tivoli09/images/tablebtn_download_off.gif'  border='0' alt="Download" style='vertical-align:top;margin:0px;margin-left:3px;margin-right:3px;'/><span>Download</span></a>]]></component>
		<component id="mx2184_holder"><![CDATA[<script>
		addLoadMethod("updateDisplay('mx2184','')");
		</script>]]></component>

	<component id="mx2191_holder"><![CDATA[<script>
        var tableBody = document.getElementById("mx2191");
        if(tableBody)
        {
			tableBody.setAttribute("rownum", "-1" );
		}
	</script>]]></component>
	
	<component id="mx2208_holder"><![CDATA[<script>
        el = document.getElementById("mx2208");
        if(el)
        {
            
			el.style.display="none";
			el.setAttribute("aria-hidden" , "true");
			el.setAttribute("rownum", "-1" );
		}
		el = document.getElementById("mx2208_inner");
		if(el)
		{
				el.style.display="none";
				el.setAttribute("aria-hidden" , "true");
		}
	</script>]]></component>

<deferredscript><![CDATA[focusItem('mx2197',true);scrollScreen('0','0');resetLogoutTimer(true);if(tpaeConfig.validationOn) {setButtonEnabled(saveButton,true)};]]></deferredscript></server_response>