<?xml version="1.0" encoding="UTF-8" ?>
<server_response csrftoken="drdd2bm05qboa4tcocjk45majj">
	<component id="mx226_holder"><![CDATA[<script>
		var el = document.getElementById("mx226");
		if(el)
		{
			el.style.display="";
		}
	</script>]]></component>
<component vis="true" id="mx207_holder" compid="mx207"><![CDATA[<span ctype="label"  id="mx207"   tabindex="0"      targetid="mx207"  mxevent="click"  class="text tht   anchor" style="display:block;padding-left:2px;padding-top:2px;;cursor:pointer;;;;" title="Filter">Filter</span>]]></component>
<component vis="true" id="mx220_holder" compid="mx220"><![CDATA[<label ctype="label"  id="mx220"    noclick="1"   targetid="mx220"    class="text tht  " style="display:block;padding-left:2px;padding-top:2px;;;;;" title="1 - 20 of 4235892">1 - 20 of 4235892</label>]]></component>
<component vis="true" id="mx222_holder" compid="mx222"><![CDATA[	<div id="mx222" name="mx222" class="text ts  ts  "  >&nbsp;</div>
]]></component>
<component vis="true" id="mx223_holder" compid="mx223"><![CDATA[<a ctype="label"  id="mx223"  href="http://porud755/maximo/ui/1524732507005?_tbldnld=results_showlist&amp;uisessionid=19&amp;csrftoken=drdd2bm05qboa4tcocjk45majj" onmouseover="return noStatus();" target="_blank"  noclick="1"   targetid="mx223"    class="text tht  " style="display:block;;;;;" title="Download"><img id='mx223_image' src='../webclient/skins-20170809-1350/tivoli09/images/tablebtn_download.gif'  border='0' alt="Download" style='vertical-align:top;margin:0px;margin-left:3px;margin-right:3px;'/><span>Download</span></a>]]></component>

<deferredscript><![CDATA[focusItem('mx538',true);scrollScreen('0','0');resetLogoutTimer(true);if(tpaeConfig.validationOn) {setButtonEnabled(saveButton,false)};]]></deferredscript></server_response>