<?xml version="1.0" encoding="UTF-8" ?>
<server_response csrftoken="drdd2bm05qboa4tcocjk45majj">
	<component id="mx226_holder"><![CDATA[<script>
		var el = document.getElementById("mx226");
		if(el)
		{
			el.style.display="";
		}
	</script>]]></component>
<component vis="true" id="mx207_holder" compid="mx207"><![CDATA[<span ctype="label"  id="mx207"   tabindex="0"      targetid="mx207"  mxevent="click"  class="text tht   anchor" style="display:block;padding-left:2px;padding-top:2px;;cursor:pointer;;;;" title="Filter">Filter</span>]]></component>
<component vis="true" id="mx220_holder" compid="mx220"><![CDATA[<label ctype="label"  id="mx220"    noclick="1"   targetid="mx220"    class="text tht  " style="display:block;padding-left:2px;padding-top:2px;;;;;" title="1 - 20 of 4235892">1 - 20 of 4235892</label>]]></component>
<component vis="true" id="mx222_holder" compid="mx222"><![CDATA[	<div id="mx222" name="mx222" class="text ts  ts  "  >&nbsp;</div>
]]></component>
<component vis="true" id="mx223_holder" compid="mx223"><![CDATA[<a ctype="label"  id="mx223"  href="http://porud755/maximo/ui/1524732507460?_tbldnld=results_showlist&amp;uisessionid=19&amp;csrftoken=drdd2bm05qboa4tcocjk45majj" onmouseover="return noStatus();" target="_blank"  noclick="1"   targetid="mx223"    class="text tht  " style="display:block;;;;;" title="Download"><img id='mx223_image' src='../webclient/skins-20170809-1350/tivoli09/images/tablebtn_download.gif'  border='0' alt="Download" style='vertical-align:top;margin:0px;margin-left:3px;margin-right:3px;'/><span>Download</span></a>]]></component>
<component vis="true" id="mx570[R:0]_holder" compid="mx570[R:0]"><![CDATA[<span ctype="label"  id="mx570[R:0]"   tabindex="0"      targetid="mx570[R:0]"  mxevent="click"  class="text txtbold text label  label   anchor" style="padding:0px;padding-left:1px;padding-top:5px;padding-bottom:5px;;cursor:pointer;;;;" title="3,901,748,207">3,901,748,207</span>]]></component>
		<component id="mx568[R:0]_holder"><![CDATA[<script>
				el = document.getElementById("mx568[R:0]");
				if(el)
				{
					el.className="tc hl   cursor_hand";
					el.setAttribute("currentrow","true");
				}
				el_inner=document.getElementById("mx568[R:0]_inner");
				if(el_inner)
				{
					el_inner.style.display="inline";
					el_inner.setAttribute("aria-hidden" , "false");
				}
			</script>]]></component>
	<component vis="true" id="mx578[R:0]_holder" compid="mx578[R:0]"><![CDATA[<label ctype="label"  id="mx578[R:0]"    noclick="1"   targetid="mx578[R:0]"    class="text txtbold text label  label  " style="padding:0px;padding-left:1px;margin:0px;;;;;" title="3LH">3LH</label>]]></component>
		<component id="mx576[R:0]_holder"><![CDATA[<script>
				el = document.getElementById("mx576[R:0]");
				if(el)
				{
					el.className="tc cd   cursor_hand";
					el.setAttribute("currentrow","true");
				}
				el_inner=document.getElementById("mx576[R:0]_inner");
				if(el_inner)
				{
					el_inner.style.display="inline";
					el_inner.setAttribute("aria-hidden" , "false");
				}
			</script>]]></component>
	<component vis="true" id="mx586[R:0]_holder" compid="mx586[R:0]"><![CDATA[<label ctype="label"  id="mx586[R:0]"    noclick="1"   targetid="mx586[R:0]"    class="text txtbold text label  label  " style="padding:0px;padding-left:1px;margin:0px;;;;;" title="BH12">BH12</label>]]></component>
		<component id="mx584[R:0]_holder"><![CDATA[<script>
				el = document.getElementById("mx584[R:0]");
				if(el)
				{
					el.className="tc cd   cursor_hand";
					el.setAttribute("currentrow","true");
				}
				el_inner=document.getElementById("mx584[R:0]_inner");
				if(el_inner)
				{
					el_inner.style.display="inline";
					el_inner.setAttribute("aria-hidden" , "false");
				}
			</script>]]></component>
	<component vis="true" id="mx594[R:0]_holder" compid="mx594[R:0]"><![CDATA[		&nbsp;
]]></component>
		<component id="mx592[R:0]_holder"><![CDATA[<script>
				el = document.getElementById("mx592[R:0]");
				if(el)
				{
					el.className="tc cd   cursor_hand";
					el.setAttribute("currentrow","true");
				}
				el_inner=document.getElementById("mx592[R:0]_inner");
				if(el_inner)
				{
					el_inner.style.display="inline";
					el_inner.setAttribute("aria-hidden" , "false");
				}
			</script>]]></component>
	<component vis="true" id="mx602[R:0]_holder" compid="mx602[R:0]"><![CDATA[<label ctype="label"  id="mx602[R:0]"    noclick="1"   targetid="mx602[R:0]"    class="text txtbold text label  label  " style="padding:0px;padding-left:1px;margin:0px;;;;;" title="225">225</label>]]></component>
		<component id="mx600[R:0]_holder"><![CDATA[<script>
				el = document.getElementById("mx600[R:0]");
				if(el)
				{
					el.className="tc cd   cursor_hand";
					el.setAttribute("currentrow","true");
				}
				el_inner=document.getElementById("mx600[R:0]_inner");
				if(el_inner)
				{
					el_inner.style.display="inline";
					el_inner.setAttribute("aria-hidden" , "false");
				}
			</script>]]></component>
	<component vis="true" id="mx610[R:0]_holder" compid="mx610[R:0]"><![CDATA[<label ctype="label"  id="mx610[R:0]"    noclick="1"   targetid="mx610[R:0]"    class="text txtbold text label  label  " style="padding:0px;padding-left:1px;margin:0px;;;;;" title="RINGWOOD ROAD">RINGWOOD ROAD</label>]]></component>
		<component id="mx608[R:0]_holder"><![CDATA[<script>
				el = document.getElementById("mx608[R:0]");
				if(el)
				{
					el.className="tc cd   cursor_hand";
					el.setAttribute("currentrow","true");
				}
				el_inner=document.getElementById("mx608[R:0]_inner");
				if(el_inner)
				{
					el_inner.style.display="inline";
					el_inner.setAttribute("aria-hidden" , "false");
				}
			</script>]]></component>
	<component vis="true" id="mx618[R:0]_holder" compid="mx618[R:0]"><![CDATA[		&nbsp;
]]></component>
		<component id="mx616[R:0]_holder"><![CDATA[<script>
				el = document.getElementById("mx616[R:0]");
				if(el)
				{
					el.className="tc cd   cursor_hand";
					el.setAttribute("currentrow","true");
				}
				el_inner=document.getElementById("mx616[R:0]_inner");
				if(el_inner)
				{
					el_inner.style.display="inline";
					el_inner.setAttribute("aria-hidden" , "false");
				}
			</script>]]></component>
	<component vis="true" id="mx626[R:0]_holder" compid="mx626[R:0]"><![CDATA[<label ctype="label"  id="mx626[R:0]"    noclick="1"   targetid="mx626[R:0]"    class="text txtbold text label  label  " style="padding:0px;padding-left:1px;margin:0px;;;;;" title="DORSET">DORSET</label>]]></component>
		<component id="mx624[R:0]_holder"><![CDATA[<script>
				el = document.getElementById("mx624[R:0]");
				if(el)
				{
					el.className="tc cd   cursor_hand";
					el.setAttribute("currentrow","true");
				}
				el_inner=document.getElementById("mx624[R:0]_inner");
				if(el_inner)
				{
					el_inner.style.display="inline";
					el_inner.setAttribute("aria-hidden" , "false");
				}
			</script>]]></component>
	<component vis="true" id="mx634[R:0]_holder" compid="mx634[R:0]"><![CDATA[<label ctype="label"  id="mx634[R:0]"    noclick="1"   targetid="mx634[R:0]"    class="text txtbold text label  label  " style="padding:0px;padding-left:1px;margin:0px;;;;;" title="SOUTHERN">SOUTHERN</label>]]></component>
		<component id="mx632[R:0]_holder"><![CDATA[<script>
				el = document.getElementById("mx632[R:0]");
				if(el)
				{
					el.className="tc cd   cursor_hand";
					el.setAttribute("currentrow","true");
				}
				el_inner=document.getElementById("mx632[R:0]_inner");
				if(el_inner)
				{
					el_inner.style.display="inline";
					el_inner.setAttribute("aria-hidden" , "false");
				}
			</script>]]></component>
			<component id="mx640[R:0]_holder"><![CDATA[<script>
				el = document.getElementById("mx640[R:0]");
				if(el)
				{
					el.className="tc hl   cursor_hand";
					el.setAttribute("currentrow","true");
				}
				el_inner=document.getElementById("mx640[R:0]_inner");
				if(el_inner)
				{
					el_inner.style.display="inline";
					el_inner.setAttribute("aria-hidden" , "false");
				}
			</script>]]></component>
	
	<component vis="true" id="mx327[R:0]_holder" compid="mx327[R:0]"><![CDATA[
	<script>
		var row = dojo.byId("mx327[R:0]");
		if(row)
		{
			row.style.display="";
			row.setAttribute("aria-hidden" , "false");
			row.className="tablerow   tcr trodd";
		}
	</script>
	]]></component>


	<component id="mx249_holder"><![CDATA[<script>
        var tableBody = document.getElementById("mx249");
        if(tableBody)
        {
			tableBody.setAttribute("rownum", "0" );
		}
	</script>]]></component>
	
<deferredscript><![CDATA[focusItem('mx642[R:0]',true);scrollScreen('0','0');resetLogoutTimer(true);if(tpaeConfig.validationOn) {setButtonEnabled(saveButton,false)};]]></deferredscript></server_response>