<?xml version="1.0" encoding="UTF-8" ?>
<server_response csrftoken="drdd2bm05qboa4tcocjk45majj">
<component vis="true" id="mx2977_holder" compid="mx2977" replacemethod="NONE"><![CDATA[
			<script>
			cancelTimerCalls();
			cancelQueryTimeout();
			dialogCount--;
			showObjs();
			var dialogToRemove=getElement("mx2977_inner");
			if(dialogToRemove)
			{
				removePageAutoFill("2");
				dialogTD=dialogToRemove.parentNode;
				dialogRow=dialogTD.parentNode;
				dialogRow.deleteCell(dialogTD.cellIndex);
				removeModalWaitLayer();
			}
			</script>
		]]></component>

<!-- Begin of the DIALOG -->
<component vis="true" id="mx3006_holder" compid="mx3006" replacemethod="addDialog"><![CDATA[			<div id='mx3006_inner_dialogwait'  class='wait'>&nbsp;</div>
				<table id="mx3006_inner"  role="alert"  positionAtTop="false" positionX="" positionY="" modal="true" width="400" height="50" class="dsc1 mc modal" border="0" defaultbutton="" control="true" onmousedown='hideAllMenus();'onkeypress="if(hasKeyCode(event,'KEYCODE_ESC')) {sendEvent('dialogcancel','mx3006', null, null); }"ondragstart='return false;' ondblclick="toggleMinimize('mx3006')"  style="visibility:hidden;" cellpadding="0px" cellspacing="0px">
			<tr id="mx3006_content0" aria-live="polite"   style="" valign="top">
				<td id="mx3006_inner_content"  valign="BOTTOM"  style="padding:0px; %>">
<img tabindex="0" alt="" id="msgbox_first" alt="" onfocus="moveable_onfocus(this);" src="../webclient/skins-20170809-1350/tivoli09/images/blank.gif" width="1" height="1" style="display:inline;margin:0px" firstbuttonid="first"/><table id="mx2995"  width="100%" style="margin:0px;" class="" role="presentation">
			<tr>
				<td id="mx2995_middle"  class="dh mh dhb  " valign="middle" align="left" width="*">
					<table role="presentation" class="" width="100%">
						<tr>
							<td valign="center" align="left" style="padding:0px;white-space:nowrap;" class="dh mh">
								<table role="presentation"  width="100%">
									<tr>
					<td id="mx2995_header_0"  align="left" class="dhbsh" valign="middle" style="padding:0px;white-space:nowrap;" width:100%;></td>
					<td id="mx2995_header_1"  align="left" class="dhbsh" valign="middle" style="padding:0px;white-space:nowrap;" width:100%;><div aria-live="polite" id="mx2993_holder" class="bc"><h1 labelledby="mx2993" style="display:inline" title="System Message"><label ctype="label"  id="mx2993"    noclick="1"   targetid="mx2993"    class="text dh mh  " style="display:block;padding-left:2px;padding-top:2px;;;;;" title="System Message">System Message</label></h1></div></td>
					<td id="mx2995_header_2"   class="dhbsh" valign="middle" style="padding:0px;white-space:nowrap;" width="100%"><div aria-live="polite" id="mx2994_holder" class="bc">	<div id="mx2994" name="mx2994" class="ts dh mh  "  >&nbsp;</div>
</div></td>
								</tr>
								</table>
							</td>
						</tr>
					</table>
				</td>
			</tr>
		</table></td>
			</tr>
			<tr id="mx3006_content1" aria-live="polite"   style="" valign="top">
				<td id="mx3006_inner_content"  valign="BOTTOM"  style="padding:0px; %>">
<table role="presentation" id="mx3005"  class="dialogb" width="100%" style="position:relative;top:0px;margin:0px;" height="100%" ondblclick="cancelEvent(event);">
	<tr>
		<td class="  " style=";padding:0px;" align="">

		<table role="presentation" width="100%"  height="*" ondblclick="cancelEvent(event);">
	<tr>
		<td class="    dss" align="">
	
		&nbsp;
		
		</td>
	</tr>
</table>
<table role="presentation" width="100%"  height="-50px" ondblclick="cancelEvent(event);">
	<tr>
		<td class="db ml   dss" align="">
	
			<div id="msgbox_bodydiv" class="dbDiv"  onscroll='hideAllMenusNF()'>
	
			<table role="presentation" cellspacing="2" width="100%">
							<td      id="mx3000_0"     valign="top" style="vertical-align:top;">				<td      id="mx2999_0"  align="left"   valign="top" style="vertical-align:top;"><div aria-live="polite" id="mx2997_holder" class="bc"><img sf="1" aria-hidden="true" active="0" ctype="image" alt=""  src="../webclient/skins-20170809-1350/tivoli09/images/st_MessageCritical.png" source="st_MessageCritical.png" imgtype="" style="display:block;margin:0px" border="0"      align="left"     id="mx2997" title=""/></div></td>
				<td      id="mx2999_1"  align="left"   valign="top" style="vertical-align:top;"><label ctype="label"  id="mx2998"    noclick="1"   targetid="mx2998"    class="text ml  " style="display:block;padding-left:2px;padding-top:2px;;;;;" title="BMXAA4195E - The Work Group / Depot field requires a value.">BMXAA4195E - The Work Group / Depot field requires a value.</label></td>
</td>

			</table>
			
			</div>
	
		</td>
	</tr>
</table>
<table role="presentation" width="100%"  height="*" ondblclick="cancelEvent(event);">
	<tr>
		<td class="    dss" align="right">
	
			<table role="presentation" cellspacing="2" width="100%">
			
<td colspan="7" height="0" align="right" id="mx3003"  style=";white-space: nowrap;" class="invisbuttongroup">
	<div style="width:100%;;">
		<table id="mx3003_table"  summary="" role="group">
			<tr>
			<td align="right" style="white-space: nowrap;">
<div aria-live="polite" id="mx3008_holder" class="bc">
		<button ctype="pushbutton"      control="true" id="mx3008"  class="text pb default"  style="">OK</button></div>			</td>
			</tr>
		</table>
	</div>
</td>

			</table>
			
		</td>
	</tr>
</table>

		</td>
	</tr>
</table>

<img tabindex="0" labelid="mx2993" alt="" id="msgbox_last" onfocus="moveable_onfocus(this);" src="../webclient/skins-20170809-1350/tivoli09/images/blank.gif" width="1" height="1" lastbuttonid="mx3008"></td>
			</tr>
		</table>
		<script>
			window.setTimeout("_initDialog('mx3006','msgbox',450,true)", 50);
		</script>
]]></component>

<deferredscript><![CDATA[scrollScreen('1','0');focusItem('mx3008',true);resetLogoutTimer(true);if(tpaeConfig.validationOn) {setButtonEnabled(saveButton,false)};]]></deferredscript></server_response>