[
    {
        "transactionName": "AppLaunch",
        "rawStartTime": 1524732490523,
        "rawEndTime": 1524732491376
    },
    {
        "transactionName": "Login",
        "rawStartTime": 1524732491500,
        "rawEndTime": 1524732494427
    },
    {
        "transactionName": "WorkOrder",
        "rawStartTime": 1524732494565,
        "rawEndTime": 1524732495701
    },
    {
        "transactionName": "ClkonNewWO",
        "rawStartTime": 1524732495814,
        "rawEndTime": 1524732496936
    },
    {
        "transactionName": "SelectJobType",
        "rawStartTime": 1524732497167,
        "rawEndTime": 1524732497746
    },
    {
        "transactionName": "JobPriority",
        "rawStartTime": 1524732497895,
        "rawEndTime": 1524732498442
    },
    {
        "transactionName": "ScheduledStart",
        "rawStartTime": 1524732498635,
        "rawEndTime": 1524732499670
    },
    {
        "transactionName": "ClkonAddress",
        "rawStartTime": 1524732499839,
        "rawEndTime": 1524732500214
    },
    {
        "transactionName": "ClkonNewRow",
        "rawStartTime": 1524732500426,
        "rawEndTime": 1524732500676
    },
    {
        "transactionName": "ClkonMPRN",
        "rawStartTime": 1524732500843,
        "rawEndTime": 1524732501124
    },
    {
        "transactionName": "GoTOMeterPoint",
        "rawStartTime": 1524732501311,
        "rawEndTime": 1524732501972
    },
    {
        "transactionName": "CountrySelect_Search",
        "rawStartTime": 1524732502144,
        "rawEndTime": 1524732506773
    },
    {
        "transactionName": "SelectAddress",
        "rawStartTime": 1524732506957,
        "rawEndTime": 1524732507211
    },
    {
        "transactionName": "ClkonReturnValue",
        "rawStartTime": 1524732507374,
        "rawEndTime": 1524732507933
    },
    {
        "transactionName": "ClkonSave",
        "rawStartTime": 1524732508047,
        "rawEndTime": 1524732509336
    },
    {
        "transactionName": "ClkonShedule",
        "rawStartTime": 1524732509480,
        "rawEndTime": 1524732509797
    },
    {
        "transactionName": "Changethestatus",
        "rawStartTime": 1524732509998,
        "rawEndTime": 1524732510405
    },
    {
        "transactionName": "ClkonOK",
        "rawStartTime": 1524732510576,
        "rawEndTime": 1524732511004
    },
    {
        "transactionName": "Logout",
        "rawStartTime": 1524732511210,
        "rawEndTime": 1524732511861
    }
]