[
    {
        "stepId": "STEP1",
        "stepName": "Url: cognos.cgi",
        "infFile": "t1.inf",
        "time": 1525082108778
    },
    {
        "stepId": "STEP2",
        "stepName": "Submit Form: cognos.cgi_2",
        "infFile": "t2.inf",
        "time": 1525082120145
    },
    {
        "stepId": "STEP3",
        "stepName": "Url: cognos.cgi_3",
        "infFile": "t3.inf",
        "time": 1525082121600
    },
    {
        "stepId": "STEP4",
        "stepName": "Link: Emergency/Repair",
        "infFile": "t4.inf",
        "time": 1525082123128
    },
    {
        "stepId": "STEP5",
        "stepName": "Link: BIMIO 1001 - Other Duties / Attend Gas Escape Jobs",
        "infFile": "t7.inf",
        "time": 1525082125937
    },
    {
        "stepId": "STEP6",
        "stepName": "Custom Request: cognos.cgi_4",
        "infFile": "t8.inf",
        "time": 1525082129438
    },
    {
        "stepId": "STEP7",
        "stepName": "Submit Data: cognos.cgi_5",
        "infFile": "t9.inf",
        "time": 1525082142464
    },
    {
        "stepId": "STEP8",
        "stepName": "Custom Request: cognos.cgi_8",
        "infFile": "t10.inf",
        "time": 1525082142870
    },
    {
        "stepId": "STEP9",
        "stepName": "Url: cognos.cgi_9",
        "infFile": "t11.inf",
        "time": 1525082143106
    }
]