<response><fault><bus:CAM xmlns:bus="http://developer.cognos.com/schemas/bibus/3/" xmlns:xsi="http://www.w3.org/2001/XMLSchema-instance" xsi:type="bus:CAM"><CAMPassport xsi:type="bus:CAMPassport"><canCallLogon xsi:type="xsd:boolean">false</canCallLogon><generation xsi:type="xsd:int">3</generation><id xsi:type="xsd:string">101:b6d1eeda-24dd-317d-55eb-65137877ebb8:2317056506</id><logEnabled xsi:type="xsd:boolean">false</logEnabled><isAnonymous xsi:type="xsd:boolean">false</isAnonymous></CAMPassport><settings xsi:type="bus:CAMSettings"><anonymousAllowed xsi:type="xsd:boolean">false</anonymousAllowed><namespacesConfigured xsi:type="xsd:boolean">true</namespacesConfigured></settings><userSessionID xsi:type="xsd:base64Binary">AggAAACIIvBaAAAAAAoAAACMqXwcS0WE+iJzFAAAAITk4EwEQeQ+afCf/uzexfD3L/VwBwAAAFNIQS0yNTYgAAAAKCPX1yuDHy4SF2Adc21Rs7VSBsrSxFds6qd8xhfLG78=</userSessionID></bus:CAM><SOAP-ENV:Fault xmlns:SOAP-ENV="http://schemas.xmlsoap.org/soap/envelope/"><faultcode>Server</faultcode><faultstring>The server did something wrong</faultstring><detail><bus:exception xmlns:bus="http://developer.cognos.com/schemas/bibus/3/"><severity>error</severity><errorCode>caf</errorCode><bus:message><messageString>DPR-ERR-2072 Unable to load balance a request with absolute affinity, most likely due to a failure to connect to the remote dispatcher. See the remote dispatcher detailed logs for more information. Check the health status of the installed system by using the dispatcher diagnostics URIs.</messageString></bus:message><bus:message><messageString>CAF-WRN-2082 An error has occurred. Please contact your administrator. The complete error has been logged by CAF with SecureErrorID:2018-04-30-09:55:43.289-#61</messageString></bus:message></bus:exception></detail></SOAP-ENV:Fault></fault></response>