[
    {
        "transactionName": "Cognos_DevCloud_T01_AppLaunch",
        "rawStartTime": 1525082108083,
        "rawEndTime": 1525082108793
    },
    {
        "transactionName": "Cognos_DevCloud_T02_Login",
        "rawStartTime": 1525082108920,
        "rawEndTime": 1525082121601
    },
    {
        "transactionName": "Cognos_DevCloud_T03_ClkonFolder",
        "rawStartTime": 1525082121735,
        "rawEndTime": 1525082123130
    },
    {
        "transactionName": "Cognos_DevCloud_T04_ClkonReport",
        "rawStartTime": 1525082123278,
        "rawEndTime": 1525082125939
    },
    {
        "transactionName": "Cognos_DevCloud_T05_SelectReportFinish",
        "rawStartTime": 1525082126083,
        "rawEndTime": 1525082142471
    },
    {
        "transactionName": "Cognos_DevCloud_T06_Logout",
        "rawStartTime": 1525082142631,
        "rawEndTime": 1525082143109
    }
]