[
    {
        "stepId": "STEP1",
        "stepName": "Url: cognos.cgi",
        "infFile": "t1.inf",
        "time": 1525342858371
    },
    {
        "stepId": "STEP2",
        "stepName": "Submit Form: cognos.cgi_2",
        "infFile": "t2.inf",
        "time": 1525342869749
    },
    {
        "stepId": "STEP3",
        "stepName": "Url: cognos.cgi_3",
        "infFile": "t3.inf",
        "time": 1525342871429
    },
    {
        "stepId": "STEP4",
        "stepName": "Link: Maintenance",
        "infFile": "t4.inf",
        "time": 1525342872991
    },
    {
        "stepId": "STEP5",
        "stepName": "Link: BIMIO 1002 - All Open Maintenance Workorders - Network",
        "infFile": "t7.inf",
        "time": 1525342875551
    },
    {
        "stepId": "STEP6",
        "stepName": "Custom Request: cognos.cgi_4",
        "infFile": "t8.inf",
        "time": 1525342876600
    },
    {
        "stepId": "STEP7",
        "stepName": "Custom Request: cognos.cgi_6",
        "infFile": "t9.inf",
        "time": 1525342877026
    },
    {
        "stepId": "STEP8",
        "stepName": "Url: cognos.cgi_7",
        "infFile": "t10.inf",
        "time": 1525342877229
    }
]