<response><fault><bus:CAM xmlns:bus="http://developer.cognos.com/schemas/bibus/3/" xmlns:xsi="http://www.w3.org/2001/XMLSchema-instance" xsi:type="bus:CAM"><CAMPassport xsi:type="bus:CAMPassport"><canCallLogon xsi:type="xsd:boolean">false</canCallLogon><generation xsi:type="xsd:int">3</generation><id xsi:type="xsd:string">101:2b61055f-dc1f-f1c4-50ff-69f2428bbca7:2068218561</id><logEnabled xsi:type="xsd:boolean">false</logEnabled><isAnonymous xsi:type="xsd:boolean">false</isAnonymous></CAMPassport><settings xsi:type="bus:CAMSettings"><anonymousAllowed xsi:type="xsd:boolean">false</anonymousAllowed><namespacesConfigured xsi:type="xsd:boolean">true</namespacesConfigured></settings><userSessionID xsi:type="xsd:base64Binary">AggAAAAWHfRaAAAAAAoAAABi3QB/+X8LlTecFAAAAITk4EwEQeQ+afCf/uzexfD3L/VwBwAAAFNIQS0yNTYgAAAAm50qLf7s8tBJnLghyAqWJj1oiB69QaZmP1kuCWHTTb8=</userSessionID></bus:CAM><SOAP-ENV:Fault xmlns:SOAP-ENV="http://schemas.xmlsoap.org/soap/envelope/"><faultcode>Server</faultcode><faultstring>The server did something wrong</faultstring><detail><bus:exception xmlns:bus="http://developer.cognos.com/schemas/bibus/3/"><severity>error</severity><errorCode>caf</errorCode><bus:message><messageString>DPR-ERR-2077 Failed to forward the request because the associated external process with PID 21314 is unavailable, either because the process is shutting down, or this was an absolute affinity request and the requested process does not exist anymore. For more information, enable the dispatcher and the external process detailed logs, and reproduce the conditions that caused the error.</messageString></bus:message><bus:message><messageString>CAF-WRN-2082 An error has occurred. Please contact your administrator. The complete error has been logged by CAF with SecureErrorID:2018-05-03-10:21:18.326-#143</messageString></bus:message></bus:exception></detail></SOAP-ENV:Fault></fault></response>