[
    {
        "transactionName": "Cognos_Dev_1002AllOpenMNTNC_Launch",
        "rawStartTime": 1525342857769,
        "rawEndTime": 1525342858381
    },
    {
        "transactionName": "Cognos_Dev_1002AllOpenMNTNC_Login",
        "rawStartTime": 1525342858532,
        "rawEndTime": 1525342871437
    },
    {
        "transactionName": "Cognos_Dev_1002AllOpenMNTNC_ClkonFolder",
        "rawStartTime": 1525342871608,
        "rawEndTime": 1525342872992
    },
    {
        "transactionName": "Cognos_Dev_1002AllOpenMNTNC_ClkonReport",
        "rawStartTime": 1525342873212,
        "rawEndTime": 1525342875553
    },
    {
        "transactionName": "Cognos_Dev_1002AllOpenMNTNC_ClkonFinish",
        "rawStartTime": 1525342875708,
        "rawEndTime": 1525342876604
    },
    {
        "transactionName": "Cognos_Dev_1002AllOpenMNTNC_Logout",
        "rawStartTime": 1525342876793,
        "rawEndTime": 1525342877239
    }
]