﻿<?xml version="1.0"?>
<!DOCTYPE Report
[
<!ELEMENT Report (General ,(Doc|BPT)) >
<!ATTLIST Report ver CDATA #REQUIRED tmZone CDATA #REQUIRED>

<!ELEMENT General ( DocLocation ) >
<!ATTLIST General productName CDATA #REQUIRED productVer CDATA #REQUIRED os CDATA #REQUIRED host CDATA #REQUIRED qcserver CDATA #IMPLIED qcproject CDATA #IMPLIED SolManSolutionId CDATA #IMPLIED SolManProjectId CDATA #IMPLIED SolManTestPlanId CDATA #IMPLIED SolManTestPackageId CDATA #IMPLIED SolManUserInfoData CDATA #IMPLIED  >

<!ELEMENT BPT (DName,Res,DVer?,TSet?,TInst?,NodeArgs,AdditionalInfo*,Doc*) >
<!ATTLIST BPT rID ID #REQUIRED >

<!ELEMENT Doc (DName,ConfName?,Res,DVer?,TSet?,TInst?,RunType?,DT?,AdditionalInfo*,Step*,DIter*,Step*,Action*,Doc*,Summary?,TestMaintenanceSummary*,NodeArgs?) >
<!ATTLIST Doc rID ID #REQUIRED type (Test|BC|BPTWrapperTest|Flow|Group|Action) "Test" productName CDATA #REQUIRED BCIter CDATA #IMPLIED >

<!ELEMENT RunType ( #PCDATA )>
<!ATTLIST RunType fmStep (False|True) "False" batch (False|True) "False" upDesc (False|True) "False" upChk (False|True) "False" upAS (False|True) "False">

<!ELEMENT DName ( #PCDATA ) >

<!ELEMENT ConfName ( #PCDATA ) >

<!ELEMENT Res ( #PCDATA ) >

<!ELEMENT AdditionalInfo (AdditionalDataName,AdditionalDataValue ) >

<!ELEMENT AdditionalDataName ( #PCDATA ) >

<!ELEMENT AdditionalDataValue ( #PCDATA ) >

<!ELEMENT DVer ( #PCDATA ) >

<!ELEMENT TSet ( #PCDATA ) >

<!ELEMENT TInst ( #PCDATA ) >

<!ELEMENT DIter (Step*,Action+,Summary?,NodeArgs)>
<!ATTLIST DIter rID ID #REQUIRED iterID CDATA #REQUIRED>

<!ELEMENT DocLocation ( #PCDATA )>

<!ELEMENT Action (AName,AIter*,(Step|HtmlStep|Action)*, Summary,ActionMaintenanceSummary*, NodeArgs ) >
<!ATTLIST Action rID ID #REQUIRED>

<!ELEMENT AIter ((Step|HtmlStep|Action)*,DataMapping?, Summary?,NodeArgs) >
<!ATTLIST AIter rID ID #REQUIRED iterID CDATA #REQUIRED isCountable (False|True) "False" >

<!ELEMENT AName ( #PCDATA ) >

<!ELEMENT TestMaintenanceSummary (ActionMaintenanceSummary*) >
<!ATTLIST TestMaintenanceSummary ObjectsAdded CDATA #REQUIRED ObjectsUpdated CDATA #REQUIRED StepsUpdated CDATA #REQUIRED StepsComments CDATA #REQUIRED><!ELEMENT ActionMaintenanceSummary (ObjectChange* ) >
<!ATTLIST ActionMaintenanceSummary Action CDATA #REQUIRED Objects CDATA #REQUIRED Updated CDATA #REQUIRED LinesTotal CDATA #REQUIRED Added CDATA #REQUIRED LinesUpdated CDATA #REQUIRED>

<!ELEMENT ObjectChange  (Hierarchy, PropertyChangeList* ) >
<!ATTLIST ObjectChange Operation CDATA #IMPLIED OriginalRepository CDATA #IMPLIED>

<!ELEMENT PropertyChangeList (PropertyDef*) >

<!ELEMENT PropertyDef (OriginalValue, NewValue) >
<!ATTLIST PropertyDef PropName CDATA #REQUIRED OriginRegularExpression (True|False) "False" NewRegularExpression (True|False) "False" AddedProperty (True|False) "False" >

<!ELEMENT OriginalValue ( #PCDATA )>

<!ELEMENT NewValue ( #PCDATA )>

<!ELEMENT Hierarchy  (ObjectName, Hierarchy*) >
<!ATTLIST Hierarchy MicClass CDATA #REQUIRED>

<!ELEMENT ObjectName  ( #PCDATA ) >

<!ELEMENT Step (Obj,Details,Time,TimeTick* ,(Step|HtmlStep|Doc)*, DataMapping?, NodeArgs) >
<!ATTLIST Step rID ID #REQUIRED retval CDATA #IMPLIED>

<!ELEMENT HtmlStep (HTML,TimeTick*,(Step|HtmlStep|Doc)*,NodeArgs) >
<!ATTLIST HtmlStep rID ID #REQUIRED >

<!ELEMENT Obj ( #PCDATA ) >
<!ATTLIST Obj plainTxt (False|True) "True">

<!ELEMENT Details ( #PCDATA ) >
<!ATTLIST Details plainTxt (False|True) "True">

<!ELEMENT Time ( #PCDATA ) >

<!ELEMENT HTML ( #PCDATA ) >

<!ELEMENT Disp ( #PCDATA ) >

<!ELEMENT TimeTick ( #PCDATA ) >

<!ELEMENT DataMapping ( DataMappedItem* )>
<!ELEMENT DataMappedItem EMPTY >
<!ATTLIST DataMappedItem dsName CDATA #REQUIRED >
<!ATTLIST DataMappedItem rowId CDATA #REQUIRED >

<!ELEMENT NodeArgs (Disp,TopPane?,BtmPane?,ExtendedInfo? )>
<!ATTLIST NodeArgs eType CDATA #REQUIRED icon CDATA #REQUIRED nRep CDATA #REQUIRED UserNote CDATA #IMPLIED filter (False|True) "True">
<!ATTLIST NodeArgs status (Passed|Failed|Done|Warning|Information) "Done">
<!ATTLIST NodeArgs iconSel CDATA #IMPLIED nType CDATA #IMPLIED MovieMarker CDATA "">
<!ATTLIST NodeArgs Source CDATA #IMPLIED SourceLine CDATA #IMPLIED StepFlowItemKey CDATA #IMPLIED >

<!ELEMENT TopPane (Path)>

<!ELEMENT BtmPane ( (Path|WR)?,ASHilite?)>
<!ATTLIST BtmPane vType CDATA "HTML">

<!ELEMENT Path ( #PCDATA ) >

<!ELEMENT ASHilite ( #PCDATA ) >

<!ELEMENT WR ( #PCDATA ) >

<!ELEMENT ExtendedInfo ( StepData ) >

<!ATTLIST ExtendedInfo StepType CDATA #REQUIRED>
<!ELEMENT DT (NodeArgs) >
<!ATTLIST DT rID ID #REQUIRED>

<!ELEMENT Summary (Param*)>
<!ATTLIST Summary sTime CDATA #IMPLIED eTime CDATA #IMPLIED passed CDATA #IMPLIED failed CDATA #IMPLIED warnings CDATA #IMPLIED retval CDATA #IMPLIED stopped (False|True) "False" >

<!ELEMENT Param (ParamName,ParamVal)+ >
<!ATTLIST Param paramInOut (In|Out) "In">

<!ELEMENT ParamName ( #PCDATA ) >

<!ELEMENT ParamVal ( #PCDATA ) >

]
>
<Report ver="2.0" tmZone="India Standard Time">
<General productName="Vugen" productVer="12" os="" host="DESKTOP-KIBHQB1"><DocLocation><![CDATA[D:\Users\ST55296\Desktop\LR Scripts\Maximo\Maximo_EmergencyWO_FSCH]]></DocLocation></General>
<Doc rID="T1"   productName= "Vugen"  >
<DName><![CDATA[Maximo_EmergencyWO_FSCH]]></DName>
<Res><![CDATA[result1]]></Res>
<Action rID="T2">
<AName><![CDATA[vuser_init]]></AName>
<Summary sTime="21/05/2018 - 15:47:11" eTime="21/05/2018 - 15:47:11" passed="0" failed="0" warnings="0" ></Summary>
<NodeArgs eType="StartAction" icon="2" nRep="5" >
<Disp><![CDATA[vuser_init Summary]]></Disp>
</NodeArgs>
</Action>
<DIter rID="T3" iterID="1" >
<Action rID="T4">
<AName><![CDATA[Action]]></AName>
<Step rID="T5">
<Obj plainTxt="False" ><![CDATA[Service: Set Max Html Param Len]]></Obj>
<Details plainTxt="False" ><![CDATA[<CENTER>Maximum length of a HTML string that can be retrieved and saved set to <STRONG><FONT COLOR=#00AF00>1026</FONT></STRONG> characters</CENTER>]]></Details>
<Time><![CDATA[21/05/2018 - 15:47:11]]></Time>
<TimeTick>1526897831</TimeTick>
<NodeArgs eType="General" icon="4" nRep="9" >
<Disp><![CDATA[Service: Set Max Html Param Len]]></Disp>
</NodeArgs>
</Step>
<Step rID="T6">
<Obj plainTxt="False" ><![CDATA[Service: Reg Save Param Attrib]]></Obj>
<Details plainTxt="False" ><![CDATA[<CENTER>ParamName = <STRONG><FONT COLOR=#00AF00>loginstamp</FONT></STRONG><BR>TagName = <STRONG><FONT COLOR=#00AF00>input</FONT></STRONG><BR>Extract = <STRONG><FONT COLOR=#00AF00>value</FONT></STRONG></CENTER>]]></Details>
<Time><![CDATA[21/05/2018 - 15:47:11]]></Time>
<TimeTick>1526897831</TimeTick>
<NodeArgs eType="General" icon="5" nRep="10" >
<Disp><![CDATA[Service: Reg Save Param Attrib]]></Disp>
</NodeArgs>
</Step>
<Step rID="T7">
<Obj plainTxt="False" ><![CDATA[Url: login.jsp]]></Obj>
<Details plainTxt="False" ><![CDATA[<CENTER><STRONG><FONT COLOR=#009A63>Step completed successfully</FONT></STRONG></CENTER>]]></Details>
<Time><![CDATA[21/05/2018 - 15:47:12]]></Time>
<TimeTick>1526897832</TimeTick>
<NodeArgs eType="General" icon="6" nRep="11" status="Passed" >
<Disp><![CDATA[Url: login.jsp]]></Disp>
<BtmPane vType="HTMLSNSH" >
<Path><![CDATA[\Iteration1\t2.inf]]></Path>
</BtmPane>
</NodeArgs>
</Step>
<Step rID="T8">
<Obj plainTxt="False" ><![CDATA[Service: Reg Save Param RegExp]]></Obj>
<Details plainTxt="False" ><![CDATA[<CENTER>ParamName = <STRONG><FONT COLOR=#00AF00>csrftoken</FONT></STRONG><BR>RegExp = <STRONG><FONT COLOR=#00AF00>csrftoken=(.*?)";\
\	\	\	var\ XHRACTION\ </FONT></STRONG><BR>Instance = <STRONG><FONT COLOR=#00AF00>[param not passed in call]</FONT></STRONG></CENTER>]]></Details>
<Time><![CDATA[21/05/2018 - 15:47:12]]></Time>
<TimeTick>1526897832</TimeTick>
<NodeArgs eType="General" icon="5" nRep="12" >
<Disp><![CDATA[Service: Reg Save Param RegExp]]></Disp>
</NodeArgs>
</Step>
<Step rID="T9">
<Obj plainTxt="False" ><![CDATA[Service: Reg Save Param]]></Obj>
<Details plainTxt="False" ><![CDATA[<CENTER>ParamName =<STRONG><FONT COLOR=#00AF00>uisessionid</FONT></STRONG><BR>Left Boundary = <STRONG><FONT COLOR=#00AF00>LB=maximo.jsp?uisessionid=</FONT></STRONG><BR>Right Boundary = <STRONG><FONT COLOR=#00AF00>RB=&</FONT></STRONG><BR>Instance = <STRONG><FONT COLOR=#00AF00></FONT></STRONG></CENTER>]]></Details>
<Time><![CDATA[21/05/2018 - 15:47:12]]></Time>
<TimeTick>1526897832</TimeTick>
<NodeArgs eType="General" icon="5" nRep="13" >
<Disp><![CDATA[Service: Reg Save Param]]></Disp>
</NodeArgs>
</Step>
<Step rID="T10">
<Obj plainTxt="False" ><![CDATA[Submit Data: login]]></Obj>
<Details plainTxt="False" ><![CDATA[<CENTER><STRONG><FONT COLOR=#009A63>Step completed successfully</FONT></STRONG></CENTER>]]></Details>
<Time><![CDATA[21/05/2018 - 15:47:17]]></Time>
<TimeTick>1526897837</TimeTick>
<NodeArgs eType="General" icon="7" nRep="14" status="Passed" >
<Disp><![CDATA[Submit Data: login]]></Disp>
<BtmPane vType="HTMLSNSH" >
<Path><![CDATA[\Iteration1\t4.inf]]></Path>
</BtmPane>
</NodeArgs>
</Step>
<Step rID="T11">
<Obj plainTxt="False" ><![CDATA[Service: Set Sockets Option]]></Obj>
<Details plainTxt="False" ><![CDATA[<CENTER>Set socket option <STRONG><FONT COLOR=#00AF00>SSL_VERSION</FONT></STRONG> with value <STRONG><FONT COLOR=#00AF00>2&3</FONT></STRONG></CENTER>]]></Details>
<Time><![CDATA[21/05/2018 - 15:47:17]]></Time>
<TimeTick>1526897837</TimeTick>
<NodeArgs eType="General" icon="8" nRep="15" >
<Disp><![CDATA[Service: Set Sockets Option]]></Disp>
</NodeArgs>
</Step>
<Step rID="T12">
<Obj plainTxt="False" ><![CDATA[Service: Add Header]]></Obj>
<Details plainTxt="False" ><![CDATA[<CENTER>Add the following header to the next HTTP request :<BR><STRONG><FONT COLOR=#00AF00>X-Requested-With: XMLHttpRequest</FONT></STRONG></CENTER>]]></Details>
<Time><![CDATA[21/05/2018 - 15:47:17]]></Time>
<TimeTick>1526897837</TimeTick>
<NodeArgs eType="General" icon="9" nRep="16" >
<Disp><![CDATA[Service: Add Header]]></Disp>
</NodeArgs>
</Step>
<Step rID="T13">
<Obj plainTxt="False" ><![CDATA[Service: Add Header]]></Obj>
<Details plainTxt="False" ><![CDATA[<CENTER>Add the following header to the next HTTP request :<BR><STRONG><FONT COLOR=#00AF00>_QM_Try: 1</FONT></STRONG></CENTER>]]></Details>
<Time><![CDATA[21/05/2018 - 15:47:17]]></Time>
<TimeTick>1526897837</TimeTick>
<NodeArgs eType="General" icon="9" nRep="17" >
<Disp><![CDATA[Service: Add Header]]></Disp>
</NodeArgs>
</Step>
<Step rID="T14">
<Obj plainTxt="False" ><![CDATA[Service: Add Header]]></Obj>
<Details plainTxt="False" ><![CDATA[<CENTER>Add the following header to the next HTTP request :<BR><STRONG><FONT COLOR=#00AF00>pageseqnum: 1</FONT></STRONG></CENTER>]]></Details>
<Time><![CDATA[21/05/2018 - 15:47:17]]></Time>
<TimeTick>1526897837</TimeTick>
<NodeArgs eType="General" icon="9" nRep="18" >
<Disp><![CDATA[Service: Add Header]]></Disp>
</NodeArgs>
</Step>
<Step rID="T15">
<Obj plainTxt="False" ><![CDATA[Service: Add Header]]></Obj>
<Details plainTxt="False" ><![CDATA[<CENTER>Add the following header to the next HTTP request :<BR><STRONG><FONT COLOR=#00AF00>xhrseqnum: 1</FONT></STRONG></CENTER>]]></Details>
<Time><![CDATA[21/05/2018 - 15:47:17]]></Time>
<TimeTick>1526897837</TimeTick>
<NodeArgs eType="General" icon="9" nRep="19" >
<Disp><![CDATA[Service: Add Header]]></Disp>
</NodeArgs>
</Step>
<Step rID="T16">
<Obj plainTxt="False" ><![CDATA[Submit Data: maximo.jsp]]></Obj>
<Details plainTxt="False" ><![CDATA[<CENTER><STRONG><FONT COLOR=#009A63>Step completed successfully</FONT></STRONG></CENTER>]]></Details>
<Time><![CDATA[21/05/2018 - 15:47:18]]></Time>
<TimeTick>1526897838</TimeTick>
<NodeArgs eType="General" icon="7" nRep="20" status="Passed" >
<Disp><![CDATA[Submit Data: maximo.jsp]]></Disp>
<BtmPane vType="HTMLSNSH" >
<Path><![CDATA[\Iteration1\t5.inf]]></Path>
</BtmPane>
</NodeArgs>
</Step>
<Step rID="T17">
<Obj plainTxt="False" ><![CDATA[Url: ui]]></Obj>
<Details plainTxt="False" ><![CDATA[<CENTER><STRONG><FONT COLOR=#009A63>Step completed successfully</FONT></STRONG></CENTER>]]></Details>
<Time><![CDATA[21/05/2018 - 15:47:19]]></Time>
<TimeTick>1526897839</TimeTick>
<NodeArgs eType="General" icon="6" nRep="21" status="Passed" >
<Disp><![CDATA[Url: ui]]></Disp>
<BtmPane vType="HTMLSNSH" >
<Path><![CDATA[\Iteration1\t6.inf]]></Path>
</BtmPane>
</NodeArgs>
</Step>
<Step rID="T18">
<Obj plainTxt="False" ><![CDATA[Service: Reg Save Param]]></Obj>
<Details plainTxt="False" ><![CDATA[<CENTER>ParamName =<STRONG><FONT COLOR=#00AF00>WorkOrder</FONT></STRONG><BR>Left Boundary = <STRONG><FONT COLOR=#00AF00>LB=title="Work Order: </FONT></STRONG><BR>Right Boundary = <STRONG><FONT COLOR=#00AF00>RB=" value="</FONT></STRONG><BR>Instance = <STRONG><FONT COLOR=#00AF00></FONT></STRONG></CENTER>]]></Details>
<Time><![CDATA[21/05/2018 - 15:47:19]]></Time>
<TimeTick>1526897839</TimeTick>
<NodeArgs eType="General" icon="5" nRep="22" >
<Disp><![CDATA[Service: Reg Save Param]]></Disp>
</NodeArgs>
</Step>
<Step rID="T19">
<Obj plainTxt="False" ><![CDATA[Service: Add Header]]></Obj>
<Details plainTxt="False" ><![CDATA[<CENTER>Add the following header to the next HTTP request :<BR><STRONG><FONT COLOR=#00AF00>xhrseqnum: 1</FONT></STRONG></CENTER>]]></Details>
<Time><![CDATA[21/05/2018 - 15:47:19]]></Time>
<TimeTick>1526897839</TimeTick>
<NodeArgs eType="General" icon="9" nRep="23" >
<Disp><![CDATA[Service: Add Header]]></Disp>
</NodeArgs>
</Step>
<Step rID="T20">
<Obj plainTxt="False" ><![CDATA[Service: Add Auto Header]]></Obj>
<Details plainTxt="False" ><![CDATA[<CENTER>Add the following header to all subsequent HTTP requests :<BR><STRONG><FONT COLOR=#00AF00>X-Requested-With: XMLHttpRequest</FONT></STRONG></CENTER>]]></Details>
<Time><![CDATA[21/05/2018 - 15:47:19]]></Time>
<TimeTick>1526897839</TimeTick>
<NodeArgs eType="General" icon="10" nRep="24" >
<Disp><![CDATA[Service: Add Auto Header]]></Disp>
</NodeArgs>
</Step>
<Step rID="T21">
<Obj plainTxt="False" ><![CDATA[Service: Add Auto Header]]></Obj>
<Details plainTxt="False" ><![CDATA[<CENTER>Add the following header to all subsequent HTTP requests :<BR><STRONG><FONT COLOR=#00AF00>_QM_Try: 1</FONT></STRONG></CENTER>]]></Details>
<Time><![CDATA[21/05/2018 - 15:47:19]]></Time>
<TimeTick>1526897839</TimeTick>
<NodeArgs eType="General" icon="10" nRep="25" >
<Disp><![CDATA[Service: Add Auto Header]]></Disp>
</NodeArgs>
</Step>
<Step rID="T22">
<Obj plainTxt="False" ><![CDATA[Service: Add Auto Header]]></Obj>
<Details plainTxt="False" ><![CDATA[<CENTER>Add the following header to all subsequent HTTP requests :<BR><STRONG><FONT COLOR=#00AF00>pageseqnum: 2</FONT></STRONG></CENTER>]]></Details>
<Time><![CDATA[21/05/2018 - 15:47:19]]></Time>
<TimeTick>1526897839</TimeTick>
<NodeArgs eType="General" icon="10" nRep="26" >
<Disp><![CDATA[Service: Add Auto Header]]></Disp>
</NodeArgs>
</Step>
<Step rID="T23">
<Obj plainTxt="False" ><![CDATA[Submit Data: maximo.jsp_2]]></Obj>
<Details plainTxt="False" ><![CDATA[<CENTER><STRONG><FONT COLOR=#009A63>Step completed successfully</FONT></STRONG></CENTER>]]></Details>
<Time><![CDATA[21/05/2018 - 15:47:20]]></Time>
<TimeTick>1526897840</TimeTick>
<NodeArgs eType="General" icon="7" nRep="27" status="Passed" >
<Disp><![CDATA[Submit Data: maximo.jsp_2]]></Disp>
<BtmPane vType="HTMLSNSH" >
<Path><![CDATA[\Iteration1\t7.inf]]></Path>
</BtmPane>
</NodeArgs>
</Step>
<Step rID="T24">
<Obj plainTxt="False" ><![CDATA[Service: Add Header]]></Obj>
<Details plainTxt="False" ><![CDATA[<CENTER>Add the following header to the next HTTP request :<BR><STRONG><FONT COLOR=#00AF00>xhrseqnum: 2</FONT></STRONG></CENTER>]]></Details>
<Time><![CDATA[21/05/2018 - 15:47:20]]></Time>
<TimeTick>1526897840</TimeTick>
<NodeArgs eType="General" icon="9" nRep="28" >
<Disp><![CDATA[Service: Add Header]]></Disp>
</NodeArgs>
</Step>
<Step rID="T25">
<Obj plainTxt="False" ><![CDATA[Submit Data: maximo.jsp_3]]></Obj>
<Details plainTxt="False" ><![CDATA[<CENTER><STRONG><FONT COLOR=#009A63>Step completed successfully</FONT></STRONG></CENTER>]]></Details>
<Time><![CDATA[21/05/2018 - 15:47:20]]></Time>
<TimeTick>1526897840</TimeTick>
<NodeArgs eType="General" icon="7" nRep="29" status="Passed" >
<Disp><![CDATA[Submit Data: maximo.jsp_3]]></Disp>
<BtmPane vType="HTMLSNSH" >
<Path><![CDATA[\Iteration1\t8.inf]]></Path>
</BtmPane>
</NodeArgs>
</Step>
<Step rID="T26">
<Obj plainTxt="False" ><![CDATA[Service: Add Header]]></Obj>
<Details plainTxt="False" ><![CDATA[<CENTER>Add the following header to the next HTTP request :<BR><STRONG><FONT COLOR=#00AF00>xhrseqnum: 3</FONT></STRONG></CENTER>]]></Details>
<Time><![CDATA[21/05/2018 - 15:47:20]]></Time>
<TimeTick>1526897840</TimeTick>
<NodeArgs eType="General" icon="9" nRep="30" >
<Disp><![CDATA[Service: Add Header]]></Disp>
</NodeArgs>
</Step>
<Step rID="T27">
<Obj plainTxt="False" ><![CDATA[Submit Data: maximo.jsp_4]]></Obj>
<Details plainTxt="False" ><![CDATA[<CENTER><STRONG><FONT COLOR=#009A63>Step completed successfully</FONT></STRONG></CENTER>]]></Details>
<Time><![CDATA[21/05/2018 - 15:47:20]]></Time>
<TimeTick>1526897840</TimeTick>
<NodeArgs eType="General" icon="7" nRep="31" status="Passed" >
<Disp><![CDATA[Submit Data: maximo.jsp_4]]></Disp>
<BtmPane vType="HTMLSNSH" >
<Path><![CDATA[\Iteration1\t9.inf]]></Path>
</BtmPane>
</NodeArgs>
</Step>
<Step rID="T28">
<Obj plainTxt="False" ><![CDATA[Service: Add Header]]></Obj>
<Details plainTxt="False" ><![CDATA[<CENTER>Add the following header to the next HTTP request :<BR><STRONG><FONT COLOR=#00AF00>xhrseqnum: 4</FONT></STRONG></CENTER>]]></Details>
<Time><![CDATA[21/05/2018 - 15:47:20]]></Time>
<TimeTick>1526897840</TimeTick>
<NodeArgs eType="General" icon="9" nRep="32" >
<Disp><![CDATA[Service: Add Header]]></Disp>
</NodeArgs>
</Step>
<Step rID="T29">
<Obj plainTxt="False" ><![CDATA[Submit Data: maximo.jsp_5]]></Obj>
<Details plainTxt="False" ><![CDATA[<CENTER><STRONG><FONT COLOR=#009A63>Step completed successfully</FONT></STRONG></CENTER>]]></Details>
<Time><![CDATA[21/05/2018 - 15:47:21]]></Time>
<TimeTick>1526897841</TimeTick>
<NodeArgs eType="General" icon="7" nRep="33" status="Passed" >
<Disp><![CDATA[Submit Data: maximo.jsp_5]]></Disp>
<BtmPane vType="HTMLSNSH" >
<Path><![CDATA[\Iteration1\t10.inf]]></Path>
</BtmPane>
</NodeArgs>
</Step>
<Step rID="T30">
<Obj plainTxt="False" ><![CDATA[Service: Add Header]]></Obj>
<Details plainTxt="False" ><![CDATA[<CENTER>Add the following header to the next HTTP request :<BR><STRONG><FONT COLOR=#00AF00>xhrseqnum: 5</FONT></STRONG></CENTER>]]></Details>
<Time><![CDATA[21/05/2018 - 15:47:21]]></Time>
<TimeTick>1526897841</TimeTick>
<NodeArgs eType="General" icon="9" nRep="34" >
<Disp><![CDATA[Service: Add Header]]></Disp>
</NodeArgs>
</Step>
<Step rID="T31">
<Obj plainTxt="False" ><![CDATA[Submit Data: maximo.jsp_6]]></Obj>
<Details plainTxt="False" ><![CDATA[<CENTER><STRONG><FONT COLOR=#009A63>Step completed successfully</FONT></STRONG></CENTER>]]></Details>
<Time><![CDATA[21/05/2018 - 15:47:21]]></Time>
<TimeTick>1526897841</TimeTick>
<NodeArgs eType="General" icon="7" nRep="35" status="Passed" >
<Disp><![CDATA[Submit Data: maximo.jsp_6]]></Disp>
<BtmPane vType="HTMLSNSH" >
<Path><![CDATA[\Iteration1\t11.inf]]></Path>
</BtmPane>
</NodeArgs>
</Step>
<Step rID="T32">
<Obj plainTxt="False" ><![CDATA[Service: Remove/Revert Auto Header]]></Obj>
<Details plainTxt="False" ><![CDATA[<CENTER>Remove/revert <BR><STRONG><FONT COLOR=#00AF00>X-Requested-With</FONT></STRONG> header, implicit generation: <STRONG>Yes</STRONG></CENTER>]]></Details>
<Time><![CDATA[21/05/2018 - 15:47:21]]></Time>
<TimeTick>1526897841</TimeTick>
<NodeArgs eType="General" icon="8" nRep="36" >
<Disp><![CDATA[Service: Remove/Revert Auto Header]]></Disp>
</NodeArgs>
</Step>
<Step rID="T33">
<Obj plainTxt="False" ><![CDATA[Service: Remove/Revert Auto Header]]></Obj>
<Details plainTxt="False" ><![CDATA[<CENTER>Remove/revert <BR><STRONG><FONT COLOR=#00AF00>_QM_Try</FONT></STRONG> header, implicit generation: <STRONG>Yes</STRONG></CENTER>]]></Details>
<Time><![CDATA[21/05/2018 - 15:47:21]]></Time>
<TimeTick>1526897841</TimeTick>
<NodeArgs eType="General" icon="8" nRep="37" >
<Disp><![CDATA[Service: Remove/Revert Auto Header]]></Disp>
</NodeArgs>
</Step>
<Step rID="T34">
<Obj plainTxt="False" ><![CDATA[Service: Remove/Revert Auto Header]]></Obj>
<Details plainTxt="False" ><![CDATA[<CENTER>Remove/revert <BR><STRONG><FONT COLOR=#00AF00>pageseqnum</FONT></STRONG> header, implicit generation: <STRONG>Yes</STRONG></CENTER>]]></Details>
<Time><![CDATA[21/05/2018 - 15:47:21]]></Time>
<TimeTick>1526897841</TimeTick>
<NodeArgs eType="General" icon="8" nRep="38" >
<Disp><![CDATA[Service: Remove/Revert Auto Header]]></Disp>
</NodeArgs>
</Step>
<Step rID="T35">
<Obj plainTxt="False" ><![CDATA[Url: blank.html]]></Obj>
<Details plainTxt="False" ><![CDATA[<CENTER><STRONG><FONT COLOR=#009A63>Step completed successfully</FONT></STRONG></CENTER>]]></Details>
<Time><![CDATA[21/05/2018 - 15:47:21]]></Time>
<TimeTick>1526897841</TimeTick>
<NodeArgs eType="General" icon="6" nRep="39" status="Passed" >
<Disp><![CDATA[Url: blank.html]]></Disp>
<BtmPane vType="HTMLSNSH" >
<Path><![CDATA[\Iteration1\t12.inf]]></Path>
</BtmPane>
</NodeArgs>
</Step>
<Step rID="T36">
<Obj plainTxt="False" ><![CDATA[Service: Add Header]]></Obj>
<Details plainTxt="False" ><![CDATA[<CENTER>Add the following header to the next HTTP request :<BR><STRONG><FONT COLOR=#00AF00>xhrseqnum: 6</FONT></STRONG></CENTER>]]></Details>
<Time><![CDATA[21/05/2018 - 15:47:21]]></Time>
<TimeTick>1526897841</TimeTick>
<NodeArgs eType="General" icon="9" nRep="40" >
<Disp><![CDATA[Service: Add Header]]></Disp>
</NodeArgs>
</Step>
<Step rID="T37">
<Obj plainTxt="False" ><![CDATA[Service: Add Auto Header]]></Obj>
<Details plainTxt="False" ><![CDATA[<CENTER>Add the following header to all subsequent HTTP requests :<BR><STRONG><FONT COLOR=#00AF00>X-Requested-With: XMLHttpRequest</FONT></STRONG></CENTER>]]></Details>
<Time><![CDATA[21/05/2018 - 15:47:21]]></Time>
<TimeTick>1526897841</TimeTick>
<NodeArgs eType="General" icon="10" nRep="41" >
<Disp><![CDATA[Service: Add Auto Header]]></Disp>
</NodeArgs>
</Step>
<Step rID="T38">
<Obj plainTxt="False" ><![CDATA[Service: Add Auto Header]]></Obj>
<Details plainTxt="False" ><![CDATA[<CENTER>Add the following header to all subsequent HTTP requests :<BR><STRONG><FONT COLOR=#00AF00>_QM_Try: 1</FONT></STRONG></CENTER>]]></Details>
<Time><![CDATA[21/05/2018 - 15:47:21]]></Time>
<TimeTick>1526897841</TimeTick>
<NodeArgs eType="General" icon="10" nRep="42" >
<Disp><![CDATA[Service: Add Auto Header]]></Disp>
</NodeArgs>
</Step>
<Step rID="T39">
<Obj plainTxt="False" ><![CDATA[Service: Add Auto Header]]></Obj>
<Details plainTxt="False" ><![CDATA[<CENTER>Add the following header to all subsequent HTTP requests :<BR><STRONG><FONT COLOR=#00AF00>pageseqnum: 2</FONT></STRONG></CENTER>]]></Details>
<Time><![CDATA[21/05/2018 - 15:47:21]]></Time>
<TimeTick>1526897841</TimeTick>
<NodeArgs eType="General" icon="10" nRep="43" >
<Disp><![CDATA[Service: Add Auto Header]]></Disp>
</NodeArgs>
</Step>
<Step rID="T40">
<Obj plainTxt="False" ><![CDATA[Custom Request: maximo.jsp_7]]></Obj>
<Details plainTxt="False" ><![CDATA[<CENTER><STRONG><FONT COLOR=#009A63>Step completed successfully</FONT></STRONG></CENTER>]]></Details>
<Time><![CDATA[21/05/2018 - 15:47:22]]></Time>
<TimeTick>1526897842</TimeTick>
<NodeArgs eType="General" icon="11" nRep="44" status="Passed" >
<Disp><![CDATA[Custom Request: maximo.jsp_7]]></Disp>
<BtmPane vType="HTMLSNSH" >
<Path><![CDATA[\Iteration1\t13.inf]]></Path>
</BtmPane>
</NodeArgs>
</Step>
<Step rID="T41">
<Obj plainTxt="False" ><![CDATA[Service: Add Header]]></Obj>
<Details plainTxt="False" ><![CDATA[<CENTER>Add the following header to the next HTTP request :<BR><STRONG><FONT COLOR=#00AF00>xhrseqnum: 7</FONT></STRONG></CENTER>]]></Details>
<Time><![CDATA[21/05/2018 - 15:47:22]]></Time>
<TimeTick>1526897842</TimeTick>
<NodeArgs eType="General" icon="9" nRep="45" >
<Disp><![CDATA[Service: Add Header]]></Disp>
</NodeArgs>
</Step>
<Step rID="T42">
<Obj plainTxt="False" ><![CDATA[Custom Request: maximo.jsp_8]]></Obj>
<Details plainTxt="False" ><![CDATA[<CENTER><STRONG><FONT COLOR=#009A63>Step completed successfully</FONT></STRONG></CENTER>]]></Details>
<Time><![CDATA[21/05/2018 - 15:47:22]]></Time>
<TimeTick>1526897842</TimeTick>
<NodeArgs eType="General" icon="11" nRep="46" status="Passed" >
<Disp><![CDATA[Custom Request: maximo.jsp_8]]></Disp>
<BtmPane vType="HTMLSNSH" >
<Path><![CDATA[\Iteration1\t14.inf]]></Path>
</BtmPane>
</NodeArgs>
</Step>
<Step rID="T43">
<Obj plainTxt="False" ><![CDATA[Service: Add Header]]></Obj>
<Details plainTxt="False" ><![CDATA[<CENTER>Add the following header to the next HTTP request :<BR><STRONG><FONT COLOR=#00AF00>xhrseqnum: 8</FONT></STRONG></CENTER>]]></Details>
<Time><![CDATA[21/05/2018 - 15:47:22]]></Time>
<TimeTick>1526897842</TimeTick>
<NodeArgs eType="General" icon="9" nRep="47" >
<Disp><![CDATA[Service: Add Header]]></Disp>
</NodeArgs>
</Step>
<Step rID="T44">
<Obj plainTxt="False" ><![CDATA[Submit Data: maximo.jsp_9]]></Obj>
<Details plainTxt="False" ><![CDATA[<CENTER><STRONG><FONT COLOR=#009A63>Step completed successfully</FONT></STRONG></CENTER>]]></Details>
<Time><![CDATA[21/05/2018 - 15:47:22]]></Time>
<TimeTick>1526897842</TimeTick>
<NodeArgs eType="General" icon="7" nRep="48" status="Passed" >
<Disp><![CDATA[Submit Data: maximo.jsp_9]]></Disp>
<BtmPane vType="HTMLSNSH" >
<Path><![CDATA[\Iteration1\t15.inf]]></Path>
</BtmPane>
</NodeArgs>
</Step>
<Step rID="T45">
<Obj plainTxt="False" ><![CDATA[Service: Add Header]]></Obj>
<Details plainTxt="False" ><![CDATA[<CENTER>Add the following header to the next HTTP request :<BR><STRONG><FONT COLOR=#00AF00>xhrseqnum: 9</FONT></STRONG></CENTER>]]></Details>
<Time><![CDATA[21/05/2018 - 15:47:22]]></Time>
<TimeTick>1526897842</TimeTick>
<NodeArgs eType="General" icon="9" nRep="49" >
<Disp><![CDATA[Service: Add Header]]></Disp>
</NodeArgs>
</Step>
<Step rID="T46">
<Obj plainTxt="False" ><![CDATA[Service: Reg Save Param XPath]]></Obj>
<Details plainTxt="False" ><![CDATA[<CENTER>ParamName = <STRONG><FONT COLOR=#00AF00>currentfocus_4</FONT></STRONG><BR>QueryString = <STRONG><FONT COLOR=#00AF00>/server_response/compvalue/@id</FONT></STRONG></CENTER>]]></Details>
<Time><![CDATA[21/05/2018 - 15:47:22]]></Time>
<TimeTick>1526897842</TimeTick>
<NodeArgs eType="General" icon="5" nRep="50" >
<Disp><![CDATA[Service: Reg Save Param XPath]]></Disp>
</NodeArgs>
</Step>
<Step rID="T47">
<Obj plainTxt="False" ><![CDATA[Submit Data: maximo.jsp_10]]></Obj>
<Details plainTxt="False" ><![CDATA[<CENTER><STRONG><FONT COLOR=#009A63>Step completed successfully</FONT></STRONG></CENTER>]]></Details>
<Time><![CDATA[21/05/2018 - 15:47:22]]></Time>
<TimeTick>1526897842</TimeTick>
<NodeArgs eType="General" icon="7" nRep="51" status="Passed" >
<Disp><![CDATA[Submit Data: maximo.jsp_10]]></Disp>
<BtmPane vType="HTMLSNSH" >
<Path><![CDATA[\Iteration1\t17.inf]]></Path>
</BtmPane>
</NodeArgs>
</Step>
<Step rID="T48">
<Obj plainTxt="False" ><![CDATA[Service: Add Header]]></Obj>
<Details plainTxt="False" ><![CDATA[<CENTER>Add the following header to the next HTTP request :<BR><STRONG><FONT COLOR=#00AF00>xhrseqnum: 10</FONT></STRONG></CENTER>]]></Details>
<Time><![CDATA[21/05/2018 - 15:47:23]]></Time>
<TimeTick>1526897843</TimeTick>
<NodeArgs eType="General" icon="9" nRep="52" >
<Disp><![CDATA[Service: Add Header]]></Disp>
</NodeArgs>
</Step>
<Step rID="T49">
<Obj plainTxt="False" ><![CDATA[Submit Data: maximo.jsp_11]]></Obj>
<Details plainTxt="False" ><![CDATA[<CENTER><STRONG><FONT COLOR=#009A63>Step completed successfully</FONT></STRONG></CENTER>]]></Details>
<Time><![CDATA[21/05/2018 - 15:47:23]]></Time>
<TimeTick>1526897843</TimeTick>
<NodeArgs eType="General" icon="7" nRep="53" status="Passed" >
<Disp><![CDATA[Submit Data: maximo.jsp_11]]></Disp>
<BtmPane vType="HTMLSNSH" >
<Path><![CDATA[\Iteration1\t18.inf]]></Path>
</BtmPane>
</NodeArgs>
</Step>
<Step rID="T50">
<Obj plainTxt="False" ><![CDATA[Service: Add Header]]></Obj>
<Details plainTxt="False" ><![CDATA[<CENTER>Add the following header to the next HTTP request :<BR><STRONG><FONT COLOR=#00AF00>xhrseqnum: 11</FONT></STRONG></CENTER>]]></Details>
<Time><![CDATA[21/05/2018 - 15:47:23]]></Time>
<TimeTick>1526897843</TimeTick>
<NodeArgs eType="General" icon="9" nRep="54" >
<Disp><![CDATA[Service: Add Header]]></Disp>
</NodeArgs>
</Step>
<Step rID="T51">
<Obj plainTxt="False" ><![CDATA[Submit Data: maximo.jsp_12]]></Obj>
<Details plainTxt="False" ><![CDATA[<CENTER><STRONG><FONT COLOR=#009A63>Step completed successfully</FONT></STRONG></CENTER>]]></Details>
<Time><![CDATA[21/05/2018 - 15:47:23]]></Time>
<TimeTick>1526897843</TimeTick>
<NodeArgs eType="General" icon="7" nRep="55" status="Passed" >
<Disp><![CDATA[Submit Data: maximo.jsp_12]]></Disp>
<BtmPane vType="HTMLSNSH" >
<Path><![CDATA[\Iteration1\t19.inf]]></Path>
</BtmPane>
</NodeArgs>
</Step>
<Step rID="T52">
<Obj plainTxt="False" ><![CDATA[Service: Remove/Revert Auto Header]]></Obj>
<Details plainTxt="False" ><![CDATA[<CENTER>Remove/revert <BR><STRONG><FONT COLOR=#00AF00>X-Requested-With</FONT></STRONG> header, implicit generation: <STRONG>Yes</STRONG></CENTER>]]></Details>
<Time><![CDATA[21/05/2018 - 15:47:23]]></Time>
<TimeTick>1526897843</TimeTick>
<NodeArgs eType="General" icon="8" nRep="56" >
<Disp><![CDATA[Service: Remove/Revert Auto Header]]></Disp>
</NodeArgs>
</Step>
<Step rID="T53">
<Obj plainTxt="False" ><![CDATA[Service: Remove/Revert Auto Header]]></Obj>
<Details plainTxt="False" ><![CDATA[<CENTER>Remove/revert <BR><STRONG><FONT COLOR=#00AF00>_QM_Try</FONT></STRONG> header, implicit generation: <STRONG>Yes</STRONG></CENTER>]]></Details>
<Time><![CDATA[21/05/2018 - 15:47:23]]></Time>
<TimeTick>1526897843</TimeTick>
<NodeArgs eType="General" icon="8" nRep="57" >
<Disp><![CDATA[Service: Remove/Revert Auto Header]]></Disp>
</NodeArgs>
</Step>
<Step rID="T54">
<Obj plainTxt="False" ><![CDATA[Service: Remove/Revert Auto Header]]></Obj>
<Details plainTxt="False" ><![CDATA[<CENTER>Remove/revert <BR><STRONG><FONT COLOR=#00AF00>pageseqnum</FONT></STRONG> header, implicit generation: <STRONG>Yes</STRONG></CENTER>]]></Details>
<Time><![CDATA[21/05/2018 - 15:47:23]]></Time>
<TimeTick>1526897843</TimeTick>
<NodeArgs eType="General" icon="8" nRep="58" >
<Disp><![CDATA[Service: Remove/Revert Auto Header]]></Disp>
</NodeArgs>
</Step>
<Step rID="T55">
<Obj plainTxt="False" ><![CDATA[Url: maximo.jsp_13]]></Obj>
<Details plainTxt="False" ><![CDATA[<CENTER><STRONG><FONT COLOR=#009A63>Step completed successfully</FONT></STRONG></CENTER>]]></Details>
<Time><![CDATA[21/05/2018 - 15:47:24]]></Time>
<TimeTick>1526897844</TimeTick>
<NodeArgs eType="General" icon="6" nRep="59" status="Passed" >
<Disp><![CDATA[Url: maximo.jsp_13]]></Disp>
<BtmPane vType="HTMLSNSH" >
<Path><![CDATA[\Iteration1\t20.inf]]></Path>
</BtmPane>
</NodeArgs>
</Step>
<Step rID="T56">
<Obj plainTxt="False" ><![CDATA[Service: Add Auto Header]]></Obj>
<Details plainTxt="False" ><![CDATA[<CENTER>Add the following header to all subsequent HTTP requests :<BR><STRONG><FONT COLOR=#00AF00>X-Requested-With: XMLHttpRequest</FONT></STRONG></CENTER>]]></Details>
<Time><![CDATA[21/05/2018 - 15:47:24]]></Time>
<TimeTick>1526897844</TimeTick>
<NodeArgs eType="General" icon="10" nRep="60" >
<Disp><![CDATA[Service: Add Auto Header]]></Disp>
</NodeArgs>
</Step>
<Step rID="T57">
<Obj plainTxt="False" ><![CDATA[Service: Add Header]]></Obj>
<Details plainTxt="False" ><![CDATA[<CENTER>Add the following header to the next HTTP request :<BR><STRONG><FONT COLOR=#00AF00>_QM_Try: 1</FONT></STRONG></CENTER>]]></Details>
<Time><![CDATA[21/05/2018 - 15:47:24]]></Time>
<TimeTick>1526897844</TimeTick>
<NodeArgs eType="General" icon="9" nRep="61" >
<Disp><![CDATA[Service: Add Header]]></Disp>
</NodeArgs>
</Step>
<Step rID="T58">
<Obj plainTxt="False" ><![CDATA[Service: Add Header]]></Obj>
<Details plainTxt="False" ><![CDATA[<CENTER>Add the following header to the next HTTP request :<BR><STRONG><FONT COLOR=#00AF00>pageseqnum: 3</FONT></STRONG></CENTER>]]></Details>
<Time><![CDATA[21/05/2018 - 15:47:24]]></Time>
<TimeTick>1526897844</TimeTick>
<NodeArgs eType="General" icon="9" nRep="62" >
<Disp><![CDATA[Service: Add Header]]></Disp>
</NodeArgs>
</Step>
<Step rID="T59">
<Obj plainTxt="False" ><![CDATA[Service: Add Header]]></Obj>
<Details plainTxt="False" ><![CDATA[<CENTER>Add the following header to the next HTTP request :<BR><STRONG><FONT COLOR=#00AF00>xhrseqnum: 1</FONT></STRONG></CENTER>]]></Details>
<Time><![CDATA[21/05/2018 - 15:47:24]]></Time>
<TimeTick>1526897844</TimeTick>
<NodeArgs eType="General" icon="9" nRep="63" >
<Disp><![CDATA[Service: Add Header]]></Disp>
</NodeArgs>
</Step>
<Step rID="T60">
<Obj plainTxt="False" ><![CDATA[Service: Reg Save Param]]></Obj>
<Details plainTxt="False" ><![CDATA[<CENTER>ParamName =<STRONG><FONT COLOR=#00AF00>Address</FONT></STRONG><BR>Left Boundary = <STRONG><FONT COLOR=#00AF00>LB=5px;;cursor:pointer;;;;" title="</FONT></STRONG><BR>Right Boundary = <STRONG><FONT COLOR=#00AF00>RB="></FONT></STRONG><BR>Instance = <STRONG><FONT COLOR=#00AF00>ORD=All</FONT></STRONG></CENTER>]]></Details>
<Time><![CDATA[21/05/2018 - 15:47:24]]></Time>
<TimeTick>1526897844</TimeTick>
<NodeArgs eType="General" icon="5" nRep="64" >
<Disp><![CDATA[Service: Reg Save Param]]></Disp>
</NodeArgs>
</Step>
<Step rID="T61">
<Obj plainTxt="False" ><![CDATA[Submit Data: maximo.jsp_14]]></Obj>
<Details plainTxt="False" ><![CDATA[<CENTER><STRONG><FONT COLOR=#009A63>Step completed successfully</FONT></STRONG></CENTER>]]></Details>
<Time><![CDATA[21/05/2018 - 15:47:26]]></Time>
<TimeTick>1526897846</TimeTick>
<NodeArgs eType="General" icon="7" nRep="65" status="Passed" >
<Disp><![CDATA[Submit Data: maximo.jsp_14]]></Disp>
<BtmPane vType="HTMLSNSH" >
<Path><![CDATA[\Iteration1\t21.inf]]></Path>
</BtmPane>
</NodeArgs>
</Step>
<Step rID="T62">
<Obj plainTxt="False" ><![CDATA[Submit Data: 1526721769925]]></Obj>
<Details plainTxt="False" ><![CDATA[<CENTER><STRONG><FONT COLOR=#009A63>Step completed successfully</FONT></STRONG></CENTER>]]></Details>
<Time><![CDATA[21/05/2018 - 15:47:26]]></Time>
<TimeTick>1526897846</TimeTick>
<NodeArgs eType="General" icon="7" nRep="66" status="Passed" >
<Disp><![CDATA[Submit Data: 1526721769925]]></Disp>
<BtmPane vType="HTMLSNSH" >
<Path><![CDATA[\Iteration1\t22.inf]]></Path>
</BtmPane>
</NodeArgs>
</Step>
<Step rID="T63">
<Obj plainTxt="False" ><![CDATA[Service: Add Header]]></Obj>
<Details plainTxt="False" ><![CDATA[<CENTER>Add the following header to the next HTTP request :<BR><STRONG><FONT COLOR=#00AF00>xhrseqnum: 2</FONT></STRONG></CENTER>]]></Details>
<Time><![CDATA[21/05/2018 - 15:47:26]]></Time>
<TimeTick>1526897846</TimeTick>
<NodeArgs eType="General" icon="9" nRep="67" >
<Disp><![CDATA[Service: Add Header]]></Disp>
</NodeArgs>
</Step>
<Step rID="T64">
<Obj plainTxt="False" ><![CDATA[Service: Add Auto Header]]></Obj>
<Details plainTxt="False" ><![CDATA[<CENTER>Add the following header to all subsequent HTTP requests :<BR><STRONG><FONT COLOR=#00AF00>_QM_Try: 1</FONT></STRONG></CENTER>]]></Details>
<Time><![CDATA[21/05/2018 - 15:47:26]]></Time>
<TimeTick>1526897846</TimeTick>
<NodeArgs eType="General" icon="10" nRep="68" >
<Disp><![CDATA[Service: Add Auto Header]]></Disp>
</NodeArgs>
</Step>
<Step rID="T65">
<Obj plainTxt="False" ><![CDATA[Service: Add Auto Header]]></Obj>
<Details plainTxt="False" ><![CDATA[<CENTER>Add the following header to all subsequent HTTP requests :<BR><STRONG><FONT COLOR=#00AF00>pageseqnum: 3</FONT></STRONG></CENTER>]]></Details>
<Time><![CDATA[21/05/2018 - 15:47:26]]></Time>
<TimeTick>1526897846</TimeTick>
<NodeArgs eType="General" icon="10" nRep="69" >
<Disp><![CDATA[Service: Add Auto Header]]></Disp>
</NodeArgs>
</Step>
<Step rID="T66">
<Obj plainTxt="False" ><![CDATA[Submit Data: maximo.jsp_15]]></Obj>
<Details plainTxt="False" ><![CDATA[<CENTER><STRONG><FONT COLOR=#009A63>Step completed successfully</FONT></STRONG></CENTER>]]></Details>
<Time><![CDATA[21/05/2018 - 15:47:26]]></Time>
<TimeTick>1526897846</TimeTick>
<NodeArgs eType="General" icon="7" nRep="70" status="Passed" >
<Disp><![CDATA[Submit Data: maximo.jsp_15]]></Disp>
<BtmPane vType="HTMLSNSH" >
<Path><![CDATA[\Iteration1\t23.inf]]></Path>
</BtmPane>
</NodeArgs>
</Step>
<Step rID="T67">
<Obj plainTxt="False" ><![CDATA[Service: Add Header]]></Obj>
<Details plainTxt="False" ><![CDATA[<CENTER>Add the following header to the next HTTP request :<BR><STRONG><FONT COLOR=#00AF00>xhrseqnum: 5</FONT></STRONG></CENTER>]]></Details>
<Time><![CDATA[21/05/2018 - 15:47:26]]></Time>
<TimeTick>1526897846</TimeTick>
<NodeArgs eType="General" icon="9" nRep="71" >
<Disp><![CDATA[Service: Add Header]]></Disp>
</NodeArgs>
</Step>
<Step rID="T68">
<Obj plainTxt="False" ><![CDATA[Submit Data: maximo.jsp_18]]></Obj>
<Details plainTxt="False" ><![CDATA[<CENTER><STRONG><FONT COLOR=#009A63>Step completed successfully</FONT></STRONG></CENTER>]]></Details>
<Time><![CDATA[21/05/2018 - 15:47:26]]></Time>
<TimeTick>1526897846</TimeTick>
<NodeArgs eType="General" icon="7" nRep="72" status="Passed" >
<Disp><![CDATA[Submit Data: maximo.jsp_18]]></Disp>
<BtmPane vType="HTMLSNSH" >
<Path><![CDATA[\Iteration1\t24.inf]]></Path>
</BtmPane>
</NodeArgs>
</Step>
<Step rID="T69">
<Obj plainTxt="False" ><![CDATA[Service: Add Header]]></Obj>
<Details plainTxt="False" ><![CDATA[<CENTER>Add the following header to the next HTTP request :<BR><STRONG><FONT COLOR=#00AF00>xhrseqnum: 6</FONT></STRONG></CENTER>]]></Details>
<Time><![CDATA[21/05/2018 - 15:47:26]]></Time>
<TimeTick>1526897846</TimeTick>
<NodeArgs eType="General" icon="9" nRep="73" >
<Disp><![CDATA[Service: Add Header]]></Disp>
</NodeArgs>
</Step>
<Step rID="T70">
<Obj plainTxt="False" ><![CDATA[Submit Data: maximo.jsp_19]]></Obj>
<Details plainTxt="False" ><![CDATA[<CENTER><STRONG><FONT COLOR=#009A63>Step completed successfully</FONT></STRONG></CENTER>]]></Details>
<Time><![CDATA[21/05/2018 - 15:47:27]]></Time>
<TimeTick>1526897847</TimeTick>
<NodeArgs eType="General" icon="7" nRep="74" status="Passed" >
<Disp><![CDATA[Submit Data: maximo.jsp_19]]></Disp>
<BtmPane vType="HTMLSNSH" >
<Path><![CDATA[\Iteration1\t25.inf]]></Path>
</BtmPane>
</NodeArgs>
</Step>
<Step rID="T71">
<Obj plainTxt="False" ><![CDATA[Service: Add Header]]></Obj>
<Details plainTxt="False" ><![CDATA[<CENTER>Add the following header to the next HTTP request :<BR><STRONG><FONT COLOR=#00AF00>xhrseqnum: 7</FONT></STRONG></CENTER>]]></Details>
<Time><![CDATA[21/05/2018 - 15:47:27]]></Time>
<TimeTick>1526897847</TimeTick>
<NodeArgs eType="General" icon="9" nRep="75" >
<Disp><![CDATA[Service: Add Header]]></Disp>
</NodeArgs>
</Step>
<Step rID="T72">
<Obj plainTxt="False" ><![CDATA[Submit Data: maximo.jsp_20]]></Obj>
<Details plainTxt="False" ><![CDATA[<CENTER><STRONG><FONT COLOR=#009A63>Step completed successfully</FONT></STRONG></CENTER>]]></Details>
<Time><![CDATA[21/05/2018 - 15:47:29]]></Time>
<TimeTick>1526897849</TimeTick>
<NodeArgs eType="General" icon="7" nRep="76" status="Passed" >
<Disp><![CDATA[Submit Data: maximo.jsp_20]]></Disp>
<BtmPane vType="HTMLSNSH" >
<Path><![CDATA[\Iteration1\t26.inf]]></Path>
</BtmPane>
</NodeArgs>
</Step>
<Step rID="T73">
<Obj plainTxt="False" ><![CDATA[Service: Remove/Revert Auto Header]]></Obj>
<Details plainTxt="False" ><![CDATA[<CENTER>Remove/revert <BR><STRONG><FONT COLOR=#00AF00>X-Requested-With</FONT></STRONG> header, implicit generation: <STRONG>Yes</STRONG></CENTER>]]></Details>
<Time><![CDATA[21/05/2018 - 15:47:29]]></Time>
<TimeTick>1526897849</TimeTick>
<NodeArgs eType="General" icon="8" nRep="77" >
<Disp><![CDATA[Service: Remove/Revert Auto Header]]></Disp>
</NodeArgs>
</Step>
<Step rID="T74">
<Obj plainTxt="False" ><![CDATA[Service: Remove/Revert Auto Header]]></Obj>
<Details plainTxt="False" ><![CDATA[<CENTER>Remove/revert <BR><STRONG><FONT COLOR=#00AF00>_QM_Try</FONT></STRONG> header, implicit generation: <STRONG>Yes</STRONG></CENTER>]]></Details>
<Time><![CDATA[21/05/2018 - 15:47:29]]></Time>
<TimeTick>1526897849</TimeTick>
<NodeArgs eType="General" icon="8" nRep="78" >
<Disp><![CDATA[Service: Remove/Revert Auto Header]]></Disp>
</NodeArgs>
</Step>
<Step rID="T75">
<Obj plainTxt="False" ><![CDATA[Service: Remove/Revert Auto Header]]></Obj>
<Details plainTxt="False" ><![CDATA[<CENTER>Remove/revert <BR><STRONG><FONT COLOR=#00AF00>pageseqnum</FONT></STRONG> header, implicit generation: <STRONG>Yes</STRONG></CENTER>]]></Details>
<Time><![CDATA[21/05/2018 - 15:47:29]]></Time>
<TimeTick>1526897849</TimeTick>
<NodeArgs eType="General" icon="8" nRep="79" >
<Disp><![CDATA[Service: Remove/Revert Auto Header]]></Disp>
</NodeArgs>
</Step>
<Step rID="T76">
<Obj plainTxt="False" ><![CDATA[Service: Reg Save Param RegExp]]></Obj>
<Details plainTxt="False" ><![CDATA[<CENTER>ParamName = <STRONG><FONT COLOR=#00AF00>currentfocus_2</FONT></STRONG><BR>RegExp = <STRONG><FONT COLOR=#00AF00>tr\ id="(.*?)"\ \ control</FONT></STRONG><BR>Instance = <STRONG><FONT COLOR=#00AF00>[param not passed in call]</FONT></STRONG></CENTER>]]></Details>
<Time><![CDATA[21/05/2018 - 15:47:29]]></Time>
<TimeTick>1526897849</TimeTick>
<NodeArgs eType="General" icon="5" nRep="80" >
<Disp><![CDATA[Service: Reg Save Param RegExp]]></Disp>
</NodeArgs>
</Step>
<Step rID="T77">
<Obj plainTxt="False" ><![CDATA[Url: maximo.jsp_21]]></Obj>
<Details plainTxt="False" ><![CDATA[<CENTER><STRONG><FONT COLOR=#009A63>Step completed successfully</FONT></STRONG></CENTER>]]></Details>
<Time><![CDATA[21/05/2018 - 15:47:29]]></Time>
<TimeTick>1526897849</TimeTick>
<NodeArgs eType="General" icon="6" nRep="81" status="Passed" >
<Disp><![CDATA[Url: maximo.jsp_21]]></Disp>
<BtmPane vType="HTMLSNSH" >
<Path><![CDATA[\Iteration1\t28.inf]]></Path>
</BtmPane>
</NodeArgs>
</Step>
<Step rID="T78">
<Obj plainTxt="False" ><![CDATA[Service: Add Header]]></Obj>
<Details plainTxt="False" ><![CDATA[<CENTER>Add the following header to the next HTTP request :<BR><STRONG><FONT COLOR=#00AF00>xhrseqnum: 1</FONT></STRONG></CENTER>]]></Details>
<Time><![CDATA[21/05/2018 - 15:47:29]]></Time>
<TimeTick>1526897849</TimeTick>
<NodeArgs eType="General" icon="9" nRep="82" >
<Disp><![CDATA[Service: Add Header]]></Disp>
</NodeArgs>
</Step>
<Step rID="T79">
<Obj plainTxt="False" ><![CDATA[Service: Add Auto Header]]></Obj>
<Details plainTxt="False" ><![CDATA[<CENTER>Add the following header to all subsequent HTTP requests :<BR><STRONG><FONT COLOR=#00AF00>X-Requested-With: XMLHttpRequest</FONT></STRONG></CENTER>]]></Details>
<Time><![CDATA[21/05/2018 - 15:47:29]]></Time>
<TimeTick>1526897849</TimeTick>
<NodeArgs eType="General" icon="10" nRep="83" >
<Disp><![CDATA[Service: Add Auto Header]]></Disp>
</NodeArgs>
</Step>
<Step rID="T80">
<Obj plainTxt="False" ><![CDATA[Service: Add Auto Header]]></Obj>
<Details plainTxt="False" ><![CDATA[<CENTER>Add the following header to all subsequent HTTP requests :<BR><STRONG><FONT COLOR=#00AF00>_QM_Try: 1</FONT></STRONG></CENTER>]]></Details>
<Time><![CDATA[21/05/2018 - 15:47:29]]></Time>
<TimeTick>1526897849</TimeTick>
<NodeArgs eType="General" icon="10" nRep="84" >
<Disp><![CDATA[Service: Add Auto Header]]></Disp>
</NodeArgs>
</Step>
<Step rID="T81">
<Obj plainTxt="False" ><![CDATA[Service: Add Auto Header]]></Obj>
<Details plainTxt="False" ><![CDATA[<CENTER>Add the following header to all subsequent HTTP requests :<BR><STRONG><FONT COLOR=#00AF00>pageseqnum: 4</FONT></STRONG></CENTER>]]></Details>
<Time><![CDATA[21/05/2018 - 15:47:29]]></Time>
<TimeTick>1526897849</TimeTick>
<NodeArgs eType="General" icon="10" nRep="85" >
<Disp><![CDATA[Service: Add Auto Header]]></Disp>
</NodeArgs>
</Step>
<Step rID="T82">
<Obj plainTxt="False" ><![CDATA[Submit Data: maximo.jsp_22]]></Obj>
<Details plainTxt="False" ><![CDATA[<CENTER><STRONG><FONT COLOR=#009A63>Step completed successfully</FONT></STRONG></CENTER>]]></Details>
<Time><![CDATA[21/05/2018 - 15:47:31]]></Time>
<TimeTick>1526897851</TimeTick>
<NodeArgs eType="General" icon="7" nRep="86" status="Passed" >
<Disp><![CDATA[Submit Data: maximo.jsp_22]]></Disp>
<BtmPane vType="HTMLSNSH" >
<Path><![CDATA[\Iteration1\t29.inf]]></Path>
</BtmPane>
</NodeArgs>
</Step>
<Step rID="T83">
<Obj plainTxt="False" ><![CDATA[Service: Add Header]]></Obj>
<Details plainTxt="False" ><![CDATA[<CENTER>Add the following header to the next HTTP request :<BR><STRONG><FONT COLOR=#00AF00>xhrseqnum: 2</FONT></STRONG></CENTER>]]></Details>
<Time><![CDATA[21/05/2018 - 15:47:31]]></Time>
<TimeTick>1526897851</TimeTick>
<NodeArgs eType="General" icon="9" nRep="87" >
<Disp><![CDATA[Service: Add Header]]></Disp>
</NodeArgs>
</Step>
<Step rID="T84">
<Obj plainTxt="False" ><![CDATA[Submit Data: maximo.jsp_23]]></Obj>
<Details plainTxt="False" ><![CDATA[<CENTER><STRONG><FONT COLOR=#009A63>Step completed successfully</FONT></STRONG></CENTER>]]></Details>
<Time><![CDATA[21/05/2018 - 15:47:31]]></Time>
<TimeTick>1526897851</TimeTick>
<NodeArgs eType="General" icon="7" nRep="88" status="Passed" >
<Disp><![CDATA[Submit Data: maximo.jsp_23]]></Disp>
<BtmPane vType="HTMLSNSH" >
<Path><![CDATA[\Iteration1\t30.inf]]></Path>
</BtmPane>
</NodeArgs>
</Step>
<Step rID="T85">
<Obj plainTxt="False" ><![CDATA[Service: Add Header]]></Obj>
<Details plainTxt="False" ><![CDATA[<CENTER>Add the following header to the next HTTP request :<BR><STRONG><FONT COLOR=#00AF00>xhrseqnum: 3</FONT></STRONG></CENTER>]]></Details>
<Time><![CDATA[21/05/2018 - 15:47:31]]></Time>
<TimeTick>1526897851</TimeTick>
<NodeArgs eType="General" icon="9" nRep="89" >
<Disp><![CDATA[Service: Add Header]]></Disp>
</NodeArgs>
</Step>
<Step rID="T86">
<Obj plainTxt="False" ><![CDATA[Submit Data: maximo.jsp_24]]></Obj>
<Details plainTxt="False" ><![CDATA[<CENTER><STRONG><FONT COLOR=#009A63>Step completed successfully</FONT></STRONG></CENTER>]]></Details>
<Time><![CDATA[21/05/2018 - 15:47:31]]></Time>
<TimeTick>1526897851</TimeTick>
<NodeArgs eType="General" icon="7" nRep="90" status="Passed" >
<Disp><![CDATA[Submit Data: maximo.jsp_24]]></Disp>
<BtmPane vType="HTMLSNSH" >
<Path><![CDATA[\Iteration1\t31.inf]]></Path>
</BtmPane>
</NodeArgs>
</Step>
<Step rID="T87">
<Obj plainTxt="False" ><![CDATA[Service: Remove/Revert Auto Header]]></Obj>
<Details plainTxt="False" ><![CDATA[<CENTER>Remove/revert <BR><STRONG><FONT COLOR=#00AF00>X-Requested-With</FONT></STRONG> header, implicit generation: <STRONG>Yes</STRONG></CENTER>]]></Details>
<Time><![CDATA[21/05/2018 - 15:47:31]]></Time>
<TimeTick>1526897851</TimeTick>
<NodeArgs eType="General" icon="8" nRep="91" >
<Disp><![CDATA[Service: Remove/Revert Auto Header]]></Disp>
</NodeArgs>
</Step>
<Step rID="T88">
<Obj plainTxt="False" ><![CDATA[Service: Remove/Revert Auto Header]]></Obj>
<Details plainTxt="False" ><![CDATA[<CENTER>Remove/revert <BR><STRONG><FONT COLOR=#00AF00>_QM_Try</FONT></STRONG> header, implicit generation: <STRONG>Yes</STRONG></CENTER>]]></Details>
<Time><![CDATA[21/05/2018 - 15:47:31]]></Time>
<TimeTick>1526897851</TimeTick>
<NodeArgs eType="General" icon="8" nRep="92" >
<Disp><![CDATA[Service: Remove/Revert Auto Header]]></Disp>
</NodeArgs>
</Step>
<Step rID="T89">
<Obj plainTxt="False" ><![CDATA[Service: Remove/Revert Auto Header]]></Obj>
<Details plainTxt="False" ><![CDATA[<CENTER>Remove/revert <BR><STRONG><FONT COLOR=#00AF00>pageseqnum</FONT></STRONG> header, implicit generation: <STRONG>Yes</STRONG></CENTER>]]></Details>
<Time><![CDATA[21/05/2018 - 15:47:32]]></Time>
<TimeTick>1526897852</TimeTick>
<NodeArgs eType="General" icon="8" nRep="93" >
<Disp><![CDATA[Service: Remove/Revert Auto Header]]></Disp>
</NodeArgs>
</Step>
<Step rID="T90">
<Obj plainTxt="False" ><![CDATA[Url: maximo.jsp_25]]></Obj>
<Details plainTxt="False" ><![CDATA[<CENTER><STRONG><FONT COLOR=#009A63>Step completed successfully</FONT></STRONG></CENTER>]]></Details>
<Time><![CDATA[21/05/2018 - 15:47:32]]></Time>
<TimeTick>1526897852</TimeTick>
<NodeArgs eType="General" icon="6" nRep="94" status="Passed" >
<Disp><![CDATA[Url: maximo.jsp_25]]></Disp>
<BtmPane vType="HTMLSNSH" >
<Path><![CDATA[\Iteration1\t32.inf]]></Path>
</BtmPane>
</NodeArgs>
</Step>
<Step rID="T91">
<Obj plainTxt="False" ><![CDATA[Service: Add Header]]></Obj>
<Details plainTxt="False" ><![CDATA[<CENTER>Add the following header to the next HTTP request :<BR><STRONG><FONT COLOR=#00AF00>xhrseqnum: 1</FONT></STRONG></CENTER>]]></Details>
<Time><![CDATA[21/05/2018 - 15:47:32]]></Time>
<TimeTick>1526897852</TimeTick>
<NodeArgs eType="General" icon="9" nRep="95" >
<Disp><![CDATA[Service: Add Header]]></Disp>
</NodeArgs>
</Step>
<Step rID="T92">
<Obj plainTxt="False" ><![CDATA[Service: Add Auto Header]]></Obj>
<Details plainTxt="False" ><![CDATA[<CENTER>Add the following header to all subsequent HTTP requests :<BR><STRONG><FONT COLOR=#00AF00>X-Requested-With: XMLHttpRequest</FONT></STRONG></CENTER>]]></Details>
<Time><![CDATA[21/05/2018 - 15:47:32]]></Time>
<TimeTick>1526897852</TimeTick>
<NodeArgs eType="General" icon="10" nRep="96" >
<Disp><![CDATA[Service: Add Auto Header]]></Disp>
</NodeArgs>
</Step>
<Step rID="T93">
<Obj plainTxt="False" ><![CDATA[Service: Add Auto Header]]></Obj>
<Details plainTxt="False" ><![CDATA[<CENTER>Add the following header to all subsequent HTTP requests :<BR><STRONG><FONT COLOR=#00AF00>_QM_Try: 1</FONT></STRONG></CENTER>]]></Details>
<Time><![CDATA[21/05/2018 - 15:47:32]]></Time>
<TimeTick>1526897852</TimeTick>
<NodeArgs eType="General" icon="10" nRep="97" >
<Disp><![CDATA[Service: Add Auto Header]]></Disp>
</NodeArgs>
</Step>
<Step rID="T94">
<Obj plainTxt="False" ><![CDATA[Service: Add Auto Header]]></Obj>
<Details plainTxt="False" ><![CDATA[<CENTER>Add the following header to all subsequent HTTP requests :<BR><STRONG><FONT COLOR=#00AF00>pageseqnum: 5</FONT></STRONG></CENTER>]]></Details>
<Time><![CDATA[21/05/2018 - 15:47:32]]></Time>
<TimeTick>1526897852</TimeTick>
<NodeArgs eType="General" icon="10" nRep="98" >
<Disp><![CDATA[Service: Add Auto Header]]></Disp>
</NodeArgs>
</Step>
<Step rID="T95">
<Obj plainTxt="False" ><![CDATA[Submit Data: maximo.jsp_26]]></Obj>
<Details plainTxt="False" ><![CDATA[<CENTER><STRONG><FONT COLOR=#009A63>Step completed successfully</FONT></STRONG></CENTER>]]></Details>
<Time><![CDATA[21/05/2018 - 15:47:35]]></Time>
<TimeTick>1526897855</TimeTick>
<NodeArgs eType="General" icon="7" nRep="99" status="Passed" >
<Disp><![CDATA[Submit Data: maximo.jsp_26]]></Disp>
<BtmPane vType="HTMLSNSH" >
<Path><![CDATA[\Iteration1\t33.inf]]></Path>
</BtmPane>
</NodeArgs>
</Step>
<Step rID="T96">
<Obj plainTxt="False" ><![CDATA[Service: Add Header]]></Obj>
<Details plainTxt="False" ><![CDATA[<CENTER>Add the following header to the next HTTP request :<BR><STRONG><FONT COLOR=#00AF00>xhrseqnum: 2</FONT></STRONG></CENTER>]]></Details>
<Time><![CDATA[21/05/2018 - 15:47:35]]></Time>
<TimeTick>1526897855</TimeTick>
<NodeArgs eType="General" icon="9" nRep="100" >
<Disp><![CDATA[Service: Add Header]]></Disp>
</NodeArgs>
</Step>
<Step rID="T97">
<Obj plainTxt="False" ><![CDATA[Submit Data: maximo.jsp_27]]></Obj>
<Details plainTxt="False" ><![CDATA[<CENTER><STRONG><FONT COLOR=#009A63>Step completed successfully</FONT></STRONG></CENTER>]]></Details>
<Time><![CDATA[21/05/2018 - 15:47:36]]></Time>
<TimeTick>1526897856</TimeTick>
<NodeArgs eType="General" icon="7" nRep="101" status="Passed" >
<Disp><![CDATA[Submit Data: maximo.jsp_27]]></Disp>
<BtmPane vType="HTMLSNSH" >
<Path><![CDATA[\Iteration1\t34.inf]]></Path>
</BtmPane>
</NodeArgs>
</Step>
<Step rID="T98">
<Obj plainTxt="False" ><![CDATA[Service: Add Header]]></Obj>
<Details plainTxt="False" ><![CDATA[<CENTER>Add the following header to the next HTTP request :<BR><STRONG><FONT COLOR=#00AF00>xhrseqnum: 3</FONT></STRONG></CENTER>]]></Details>
<Time><![CDATA[21/05/2018 - 15:47:36]]></Time>
<TimeTick>1526897856</TimeTick>
<NodeArgs eType="General" icon="9" nRep="102" >
<Disp><![CDATA[Service: Add Header]]></Disp>
</NodeArgs>
</Step>
<Step rID="T99">
<Obj plainTxt="False" ><![CDATA[Submit Data: maximo.jsp_28]]></Obj>
<Details plainTxt="False" ><![CDATA[<CENTER><STRONG><FONT COLOR=#009A63>Step completed successfully</FONT></STRONG></CENTER>]]></Details>
<Time><![CDATA[21/05/2018 - 15:47:37]]></Time>
<TimeTick>1526897857</TimeTick>
<NodeArgs eType="General" icon="7" nRep="103" status="Passed" >
<Disp><![CDATA[Submit Data: maximo.jsp_28]]></Disp>
<BtmPane vType="HTMLSNSH" >
<Path><![CDATA[\Iteration1\t35.inf]]></Path>
</BtmPane>
</NodeArgs>
</Step>
<Step rID="T100">
<Obj plainTxt="False" ><![CDATA[Service: Remove/Revert Auto Header]]></Obj>
<Details plainTxt="False" ><![CDATA[<CENTER>Remove/revert <BR><STRONG><FONT COLOR=#00AF00>X-Requested-With</FONT></STRONG> header, implicit generation: <STRONG>Yes</STRONG></CENTER>]]></Details>
<Time><![CDATA[21/05/2018 - 15:47:37]]></Time>
<TimeTick>1526897857</TimeTick>
<NodeArgs eType="General" icon="8" nRep="104" >
<Disp><![CDATA[Service: Remove/Revert Auto Header]]></Disp>
</NodeArgs>
</Step>
<Step rID="T101">
<Obj plainTxt="False" ><![CDATA[Service: Remove/Revert Auto Header]]></Obj>
<Details plainTxt="False" ><![CDATA[<CENTER>Remove/revert <BR><STRONG><FONT COLOR=#00AF00>_QM_Try</FONT></STRONG> header, implicit generation: <STRONG>Yes</STRONG></CENTER>]]></Details>
<Time><![CDATA[21/05/2018 - 15:47:37]]></Time>
<TimeTick>1526897857</TimeTick>
<NodeArgs eType="General" icon="8" nRep="105" >
<Disp><![CDATA[Service: Remove/Revert Auto Header]]></Disp>
</NodeArgs>
</Step>
<Step rID="T102">
<Obj plainTxt="False" ><![CDATA[Service: Remove/Revert Auto Header]]></Obj>
<Details plainTxt="False" ><![CDATA[<CENTER>Remove/revert <BR><STRONG><FONT COLOR=#00AF00>pageseqnum</FONT></STRONG> header, implicit generation: <STRONG>Yes</STRONG></CENTER>]]></Details>
<Time><![CDATA[21/05/2018 - 15:47:37]]></Time>
<TimeTick>1526897857</TimeTick>
<NodeArgs eType="General" icon="8" nRep="106" >
<Disp><![CDATA[Service: Remove/Revert Auto Header]]></Disp>
</NodeArgs>
</Step>
<Step rID="T103">
<Obj plainTxt="False" ><![CDATA[Url: maximo.jsp_29]]></Obj>
<Details plainTxt="False" ><![CDATA[<CENTER><STRONG><FONT COLOR=#009A63>Step completed successfully</FONT></STRONG></CENTER>]]></Details>
<Time><![CDATA[21/05/2018 - 15:47:37]]></Time>
<TimeTick>1526897857</TimeTick>
<NodeArgs eType="General" icon="6" nRep="107" status="Passed" >
<Disp><![CDATA[Url: maximo.jsp_29]]></Disp>
<BtmPane vType="HTMLSNSH" >
<Path><![CDATA[\Iteration1\t36.inf]]></Path>
</BtmPane>
</NodeArgs>
</Step>
<Step rID="T104">
<Obj plainTxt="False" ><![CDATA[Service: Add Header]]></Obj>
<Details plainTxt="False" ><![CDATA[<CENTER>Add the following header to the next HTTP request :<BR><STRONG><FONT COLOR=#00AF00>xhrseqnum: 1</FONT></STRONG></CENTER>]]></Details>
<Time><![CDATA[21/05/2018 - 15:47:37]]></Time>
<TimeTick>1526897857</TimeTick>
<NodeArgs eType="General" icon="9" nRep="108" >
<Disp><![CDATA[Service: Add Header]]></Disp>
</NodeArgs>
</Step>
<Step rID="T105">
<Obj plainTxt="False" ><![CDATA[Service: Add Auto Header]]></Obj>
<Details plainTxt="False" ><![CDATA[<CENTER>Add the following header to all subsequent HTTP requests :<BR><STRONG><FONT COLOR=#00AF00>X-Requested-With: XMLHttpRequest</FONT></STRONG></CENTER>]]></Details>
<Time><![CDATA[21/05/2018 - 15:47:37]]></Time>
<TimeTick>1526897857</TimeTick>
<NodeArgs eType="General" icon="10" nRep="109" >
<Disp><![CDATA[Service: Add Auto Header]]></Disp>
</NodeArgs>
</Step>
<Step rID="T106">
<Obj plainTxt="False" ><![CDATA[Service: Add Auto Header]]></Obj>
<Details plainTxt="False" ><![CDATA[<CENTER>Add the following header to all subsequent HTTP requests :<BR><STRONG><FONT COLOR=#00AF00>_QM_Try: 1</FONT></STRONG></CENTER>]]></Details>
<Time><![CDATA[21/05/2018 - 15:47:37]]></Time>
<TimeTick>1526897857</TimeTick>
<NodeArgs eType="General" icon="10" nRep="110" >
<Disp><![CDATA[Service: Add Auto Header]]></Disp>
</NodeArgs>
</Step>
<Step rID="T107">
<Obj plainTxt="False" ><![CDATA[Service: Add Auto Header]]></Obj>
<Details plainTxt="False" ><![CDATA[<CENTER>Add the following header to all subsequent HTTP requests :<BR><STRONG><FONT COLOR=#00AF00>pageseqnum: 6</FONT></STRONG></CENTER>]]></Details>
<Time><![CDATA[21/05/2018 - 15:47:37]]></Time>
<TimeTick>1526897857</TimeTick>
<NodeArgs eType="General" icon="10" nRep="111" >
<Disp><![CDATA[Service: Add Auto Header]]></Disp>
</NodeArgs>
</Step>
<Step rID="T108">
<Obj plainTxt="False" ><![CDATA[Submit Data: maximo.jsp_30]]></Obj>
<Details plainTxt="False" ><![CDATA[<CENTER><STRONG><FONT COLOR=#009A63>Step completed successfully</FONT></STRONG></CENTER>]]></Details>
<Time><![CDATA[21/05/2018 - 15:47:54]]></Time>
<TimeTick>1526897874</TimeTick>
<NodeArgs eType="General" icon="7" nRep="112" status="Passed" >
<Disp><![CDATA[Submit Data: maximo.jsp_30]]></Disp>
<BtmPane vType="HTMLSNSH" >
<Path><![CDATA[\Iteration1\t37.inf]]></Path>
</BtmPane>
</NodeArgs>
</Step>
<Step rID="T109">
<Obj plainTxt="False" ><![CDATA[Service: Add Header]]></Obj>
<Details plainTxt="False" ><![CDATA[<CENTER>Add the following header to the next HTTP request :<BR><STRONG><FONT COLOR=#00AF00>xhrseqnum: 2</FONT></STRONG></CENTER>]]></Details>
<Time><![CDATA[21/05/2018 - 15:47:54]]></Time>
<TimeTick>1526897874</TimeTick>
<NodeArgs eType="General" icon="9" nRep="113" >
<Disp><![CDATA[Service: Add Header]]></Disp>
</NodeArgs>
</Step>
<Step rID="T110">
<Obj plainTxt="False" ><![CDATA[Submit Data: maximo.jsp_31]]></Obj>
<Details plainTxt="False" ><![CDATA[<CENTER><STRONG><FONT COLOR=#009A63>Step completed successfully</FONT></STRONG></CENTER>]]></Details>
<Time><![CDATA[21/05/2018 - 15:47:55]]></Time>
<TimeTick>1526897875</TimeTick>
<NodeArgs eType="General" icon="7" nRep="114" status="Passed" >
<Disp><![CDATA[Submit Data: maximo.jsp_31]]></Disp>
<BtmPane vType="HTMLSNSH" >
<Path><![CDATA[\Iteration1\t38.inf]]></Path>
</BtmPane>
</NodeArgs>
</Step>
<Step rID="T111">
<Obj plainTxt="False" ><![CDATA[Service: Add Header]]></Obj>
<Details plainTxt="False" ><![CDATA[<CENTER>Add the following header to the next HTTP request :<BR><STRONG><FONT COLOR=#00AF00>xhrseqnum: 3</FONT></STRONG></CENTER>]]></Details>
<Time><![CDATA[21/05/2018 - 15:47:55]]></Time>
<TimeTick>1526897875</TimeTick>
<NodeArgs eType="General" icon="9" nRep="115" >
<Disp><![CDATA[Service: Add Header]]></Disp>
</NodeArgs>
</Step>
<Step rID="T112">
<Obj plainTxt="False" ><![CDATA[Submit Data: maximo.jsp_32]]></Obj>
<Details plainTxt="False" ><![CDATA[<CENTER><STRONG><FONT COLOR=#009A63>Step completed successfully</FONT></STRONG></CENTER>]]></Details>
<Time><![CDATA[21/05/2018 - 15:47:55]]></Time>
<TimeTick>1526897875</TimeTick>
<NodeArgs eType="General" icon="7" nRep="116" status="Passed" >
<Disp><![CDATA[Submit Data: maximo.jsp_32]]></Disp>
<BtmPane vType="HTMLSNSH" >
<Path><![CDATA[\Iteration1\t39.inf]]></Path>
</BtmPane>
</NodeArgs>
</Step>
<Step rID="T113">
<Obj plainTxt="False" ><![CDATA[Service: Reg Find]]></Obj>
<Details plainTxt="False" ><![CDATA[<CENTER><STRONG><FONT COLOR=#00AF00>Text=Please wait</FONT></STRONG></CENTER>]]></Details>
<Time><![CDATA[21/05/2018 - 15:47:55]]></Time>
<TimeTick>1526897875</TimeTick>
<NodeArgs eType="General" icon="12" nRep="117" >
<Disp><![CDATA[Service: Reg Find]]></Disp>
</NodeArgs>
</Step>
<Step rID="T114">
<Obj plainTxt="False" ><![CDATA[Service: Add Header]]></Obj>
<Details plainTxt="False" ><![CDATA[<CENTER>Add the following header to the next HTTP request :<BR><STRONG><FONT COLOR=#00AF00>xhrseqnum: 4</FONT></STRONG></CENTER>]]></Details>
<Time><![CDATA[21/05/2018 - 15:47:55]]></Time>
<TimeTick>1526897875</TimeTick>
<NodeArgs eType="General" icon="9" nRep="118" >
<Disp><![CDATA[Service: Add Header]]></Disp>
</NodeArgs>
</Step>
<Step rID="T115">
<Obj plainTxt="False" ><![CDATA[Submit Data: maximo.jsp_33]]></Obj>
<Details plainTxt="False" ><![CDATA[<CENTER><STRONG><FONT COLOR=#009A63>Step completed successfully</FONT></STRONG></CENTER>]]></Details>
<Time><![CDATA[21/05/2018 - 15:47:55]]></Time>
<TimeTick>1526897875</TimeTick>
<NodeArgs eType="General" icon="7" nRep="119" status="Passed" >
<Disp><![CDATA[Submit Data: maximo.jsp_33]]></Disp>
<BtmPane vType="HTMLSNSH" >
<Path><![CDATA[\Iteration1\t40.inf]]></Path>
</BtmPane>
</NodeArgs>
</Step>
<Step rID="T116">
<Obj plainTxt="False" ><![CDATA[Service: Reg Find]]></Obj>
<Details plainTxt="False" ><![CDATA[<CENTER><STRONG><FONT COLOR=#00AF00>Text=Status change(s) completed successfully</FONT></STRONG></CENTER>]]></Details>
<Time><![CDATA[21/05/2018 - 15:47:55]]></Time>
<TimeTick>1526897875</TimeTick>
<NodeArgs eType="General" icon="12" nRep="120" >
<Disp><![CDATA[Service: Reg Find]]></Disp>
</NodeArgs>
</Step>
<Step rID="T117">
<Obj plainTxt="False" ><![CDATA[Service: Add Header]]></Obj>
<Details plainTxt="False" ><![CDATA[<CENTER>Add the following header to the next HTTP request :<BR><STRONG><FONT COLOR=#00AF00>xhrseqnum: 5</FONT></STRONG></CENTER>]]></Details>
<Time><![CDATA[21/05/2018 - 15:47:55]]></Time>
<TimeTick>1526897875</TimeTick>
<NodeArgs eType="General" icon="9" nRep="121" >
<Disp><![CDATA[Service: Add Header]]></Disp>
</NodeArgs>
</Step>
<Step rID="T118">
<Obj plainTxt="False" ><![CDATA[Submit Data: maximo.jsp_34]]></Obj>
<Details plainTxt="False" ><![CDATA[<CENTER><STRONG><FONT COLOR=#009A63>Step completed successfully</FONT></STRONG></CENTER>]]></Details>
<Time><![CDATA[21/05/2018 - 15:47:55]]></Time>
<TimeTick>1526897875</TimeTick>
<NodeArgs eType="General" icon="7" nRep="122" status="Passed" >
<Disp><![CDATA[Submit Data: maximo.jsp_34]]></Disp>
<BtmPane vType="HTMLSNSH" >
<Path><![CDATA[\Iteration1\t41.inf]]></Path>
</BtmPane>
</NodeArgs>
</Step>
<Step rID="T119">
<Obj plainTxt="False" ><![CDATA[Service: Add Header]]></Obj>
<Details plainTxt="False" ><![CDATA[<CENTER>Add the following header to the next HTTP request :<BR><STRONG><FONT COLOR=#00AF00>xhrseqnum: 51</FONT></STRONG></CENTER>]]></Details>
<Time><![CDATA[21/05/2018 - 15:47:55]]></Time>
<TimeTick>1526897875</TimeTick>
<NodeArgs eType="General" icon="9" nRep="123" >
<Disp><![CDATA[Service: Add Header]]></Disp>
</NodeArgs>
</Step>
<Step rID="T120">
<Obj plainTxt="False" ><![CDATA[Submit Data: maximo.jsp_80]]></Obj>
<Details plainTxt="False" ><![CDATA[<CENTER><STRONG><FONT COLOR=#009A63>Step completed successfully</FONT></STRONG></CENTER>]]></Details>
<Time><![CDATA[21/05/2018 - 15:48:10]]></Time>
<TimeTick>1526897890</TimeTick>
<NodeArgs eType="General" icon="7" nRep="124" status="Passed" >
<Disp><![CDATA[Submit Data: maximo.jsp_80]]></Disp>
<BtmPane vType="HTMLSNSH" >
<Path><![CDATA[\Iteration1\t42.inf]]></Path>
</BtmPane>
</NodeArgs>
</Step>
<Step rID="T121">
<Obj plainTxt="False" ><![CDATA[Service: Remove/Revert Auto Header]]></Obj>
<Details plainTxt="False" ><![CDATA[<CENTER>Remove/revert <BR><STRONG><FONT COLOR=#00AF00>X-Requested-With</FONT></STRONG> header, implicit generation: <STRONG>Yes</STRONG></CENTER>]]></Details>
<Time><![CDATA[21/05/2018 - 15:48:10]]></Time>
<TimeTick>1526897890</TimeTick>
<NodeArgs eType="General" icon="8" nRep="125" >
<Disp><![CDATA[Service: Remove/Revert Auto Header]]></Disp>
</NodeArgs>
</Step>
<Step rID="T122">
<Obj plainTxt="False" ><![CDATA[Service: Remove/Revert Auto Header]]></Obj>
<Details plainTxt="False" ><![CDATA[<CENTER>Remove/revert <BR><STRONG><FONT COLOR=#00AF00>_QM_Try</FONT></STRONG> header, implicit generation: <STRONG>Yes</STRONG></CENTER>]]></Details>
<Time><![CDATA[21/05/2018 - 15:48:10]]></Time>
<TimeTick>1526897890</TimeTick>
<NodeArgs eType="General" icon="8" nRep="126" >
<Disp><![CDATA[Service: Remove/Revert Auto Header]]></Disp>
</NodeArgs>
</Step>
<Step rID="T123">
<Obj plainTxt="False" ><![CDATA[Service: Remove/Revert Auto Header]]></Obj>
<Details plainTxt="False" ><![CDATA[<CENTER>Remove/revert <BR><STRONG><FONT COLOR=#00AF00>pageseqnum</FONT></STRONG> header, implicit generation: <STRONG>Yes</STRONG></CENTER>]]></Details>
<Time><![CDATA[21/05/2018 - 15:48:10]]></Time>
<TimeTick>1526897890</TimeTick>
<NodeArgs eType="General" icon="8" nRep="127" >
<Disp><![CDATA[Service: Remove/Revert Auto Header]]></Disp>
</NodeArgs>
</Step>
<Step rID="T124">
<Obj plainTxt="False" ><![CDATA[Url: logout.jsp]]></Obj>
<Details plainTxt="False" ><![CDATA[<CENTER><STRONG><FONT COLOR=#009A63>Step completed successfully</FONT></STRONG></CENTER>]]></Details>
<Time><![CDATA[21/05/2018 - 15:48:11]]></Time>
<TimeTick>1526897891</TimeTick>
<NodeArgs eType="General" icon="6" nRep="128" status="Passed" >
<Disp><![CDATA[Url: logout.jsp]]></Disp>
<BtmPane vType="HTMLSNSH" >
<Path><![CDATA[\Iteration1\t43.inf]]></Path>
</BtmPane>
</NodeArgs>
</Step>
<Summary sTime="21/05/2018 - 15:47:11" eTime="21/05/2018 - 15:48:11" passed="39" failed="0" warnings="0" ></Summary>
<NodeArgs eType="StartAction" icon="2" nRep="8" status="Passed" >
<Disp><![CDATA[Action Summary]]></Disp>
</NodeArgs>
</Action>
<NodeArgs eType="StartIteration" icon="3" nRep="7" status="Passed" >
<Disp><![CDATA[Maximo_EmergencyWO_FSCH Iteration 1 (Row 1)]]></Disp>
</NodeArgs>
</DIter>
<Action rID="T125">
<AName><![CDATA[vuser_end]]></AName>
<Summary sTime="21/05/2018 - 15:48:11" eTime="21/05/2018 - 15:48:11" passed="0" failed="0" warnings="0" ></Summary>
<NodeArgs eType="StartAction" icon="2" nRep="131" >
<Disp><![CDATA[vuser_end Summary]]></Disp>
</NodeArgs>
</Action>
<Summary sTime="21/05/2018 - 15:47:10" eTime="21/05/2018 - 15:48:11" passed="39" failed="0" warnings="0" ></Summary>
<NodeArgs eType="StartTest" icon="1" nRep="4" status="Passed" >
<Disp><![CDATA[Test Maximo_EmergencyWO_FSCH Summary]]></Disp>
</NodeArgs>
</Doc>
</Report>