{
  "FilterHeaders": [
    {
      "Header": "user-agent",
      "IncludeInScript": false
    },
    {
      "Header": "ua-cpu",
      "IncludeInScript": true
    },
    {
      "Header": "cache-control",
      "IncludeInScript": false
    },
    {
      "Header": "accept-language",
      "IncludeInScript": false
    },
    {
      "Header": "accept-encoding",
      "IncludeInScript": false
    },
    {
      "Header": "accept",
      "IncludeInScript": false
    }
  ],
  "FilterResources": [
    {
      "IsNonResource": true,
      "type": "text/xml"
    },
    {
      "IsNonResource": true,
      "type": "text/html"
    },
    {
      "IsNonResource": false,
      "type": "text/css"
    },
    {
      "IsNonResource": false,
      "type": "image/png"
    },
    {
      "IsNonResource": false,
      "type": "image/gif"
    },
    {
      "IsNonResource": false,
      "type": "application/javascript"
    }
  ],
  "GeneralInfo": {
    "BrowserVersion": "",
    "MaxUsedConnections": 7,
    "RecordedBrowser": "Internet Explorer",
    "RecordingDate": "Jun-07-2018",
    "RecordingDuration": 263297,
    "RecordingTimeStamp": 1528353246,
    "TotalBytesReceived": 1419151,
    "TotalBytesSent": 272744,
    "TotalRequests": 113
  },
  "HostInfo": [
    {
      "DomainName": "sgndevtest.com",
      "Domains": [
        {
          "HTTPVersion": "HTTP/1.1",
          "IP": "10.184.8.47",
          "IncludeInScript": true,
          "Name": "cognos.sgndevtest.com",
          "Port": 80,
          "Requests": [
            {
              "CompressionType": "",
              "DataType": "text/html",
              "DownloadTime": 78,
              "EventId": 1482,
              "HttpStatus": 200,
              "Size": 4030,
              "URL": "http://cognos.sgndevtest.com/ibmcognos/cgi-bin/cognos.cgi?b_action=xts.run&m=portal/logoff.xts&h_CAM_action=logoff"
            },
            {
              "CompressionType": "",
              "DataType": "image/png",
              "DownloadTime": 0,
              "EventId": 1468,
              "HttpStatus": 200,
              "Size": 479,
              "URL": "http://cognos.sgndevtest.com/ibmcognos/reportstyles/images/silver_grad.png"
            },
            {
              "CompressionType": "",
              "DataType": "",
              "DownloadTime": 47,
              "EventId": 1466,
              "HttpStatus": 302,
              "Size": 0,
              "URL": "http://cognos.sgndevtest.com/ibmcognos/cgi-bin/cognos.cgi/repository/sid/cm/oid/reportstyles/images/silver_grad.png"
            },
            {
              "CompressionType": "",
              "DataType": "text/css",
              "DownloadTime": 16,
              "EventId": 1463,
              "HttpStatus": 200,
              "Size": 25351,
              "URL": "http://cognos.sgndevtest.com/ibmcognos/schemas/GlobalReportStyles_10.css"
            },
            {
              "CompressionType": "",
              "DataType": "text/css",
              "DownloadTime": 16,
              "EventId": 1461,
              "HttpStatus": 200,
              "Size": 1445,
              "URL": "http://cognos.sgndevtest.com/ibmcognos/skins/corporate/viewer/QSRVSelection.css"
            },
            {
              "CompressionType": "",
              "DataType": "",
              "DownloadTime": 62,
              "EventId": 1459,
              "HttpStatus": 302,
              "Size": 0,
              "URL": "http://cognos.sgndevtest.com/ibmcognos/cgi-bin/cognos.cgi/repository/sid/cm/oid/schemas/GlobalReportStyles_10.css"
            },
            {
              "CompressionType": "",
              "DataType": "",
              "DownloadTime": 78,
              "EventId": 1457,
              "HttpStatus": 302,
              "Size": 0,
              "URL": "http://cognos.sgndevtest.com/ibmcognos/cgi-bin/cognos.cgi/repository/sid/cm/oid/skins/corporate/viewer/QSRVSelection.css"
            },
            {
              "CompressionType": "gzip",
              "DataType": "text/html",
              "DownloadTime": 47,
              "EventId": 1453,
              "HttpStatus": 200,
              "Size": 3079,
              "URL": "http://cognos.sgndevtest.com/ibmcognos/cgi-bin/cognos.cgi/repository/sid/cm/oid/i3754e42a09ca4118892b9d3bf3559081/content?cv.id=_THIS_"
            },
            {
              "CompressionType": "",
              "DataType": "image/gif",
              "DownloadTime": 15,
              "EventId": 1451,
              "HttpStatus": 200,
              "Size": 212,
              "URL": "http://cognos.sgndevtest.com/ibmcognos/skins/corporate/shared/images/action_return.gif"
            },
            {
              "CompressionType": "",
              "DataType": "image/gif",
              "DownloadTime": 31,
              "EventId": 1449,
              "HttpStatus": 200,
              "Size": 42,
              "URL": "http://cognos.sgndevtest.com/ibmcognos/common/images/spacer.gif"
            },
            {
              "CompressionType": "",
              "DataType": "image/gif",
              "DownloadTime": 16,
              "EventId": 1447,
              "HttpStatus": 200,
              "Size": 51,
              "URL": "http://cognos.sgndevtest.com/ibmcognos/skins/corporate/viewer/images/tool_sep_dot_line.gif"
            },
            {
              "CompressionType": "",
              "DataType": "image/gif",
              "DownloadTime": 47,
              "EventId": 1445,
              "HttpStatus": 200,
              "Size": 360,
              "URL": "http://cognos.sgndevtest.com/ibmcognos/rv/images/action_add_report.gif"
            },
            {
              "CompressionType": "",
              "DataType": "image/gif",
              "DownloadTime": 31,
              "EventId": 1443,
              "HttpStatus": 200,
              "Size": 252,
              "URL": "http://cognos.sgndevtest.com/ibmcognos/rv/images/action_view_html.gif"
            },
            {
              "CompressionType": "",
              "DataType": "image/gif",
              "DownloadTime": 31,
              "EventId": 1441,
              "HttpStatus": 200,
              "Size": 339,
              "URL": "http://cognos.sgndevtest.com/ibmcognos/rv/images/action_comment_add.gif"
            },
            {
              "CompressionType": "",
              "DataType": "image/gif",
              "DownloadTime": 31,
              "EventId": 1439,
              "HttpStatus": 200,
              "Size": 376,
              "URL": "http://cognos.sgndevtest.com/ibmcognos/rv/images/action_subscribe.gif"
            },
            {
              "CompressionType": "",
              "DataType": "image/gif",
              "DownloadTime": 32,
              "EventId": 1437,
              "HttpStatus": 200,
              "Size": 590,
              "URL": "http://cognos.sgndevtest.com/ibmcognos/rv/images/action_go_to.gif"
            },
            {
              "CompressionType": "",
              "DataType": "image/gif",
              "DownloadTime": 62,
              "EventId": 1435,
              "HttpStatus": 200,
              "Size": 102,
              "URL": "http://cognos.sgndevtest.com/ibmcognos/skins/corporate/portal/images/dropdown_arrow_narrow.gif"
            },
            {
              "CompressionType": "",
              "DataType": "image/gif",
              "DownloadTime": 31,
              "EventId": 1433,
              "HttpStatus": 200,
              "Size": 355,
              "URL": "http://cognos.sgndevtest.com/ibmcognos/rv/images/dis_action_drill_up.gif"
            },
            {
              "CompressionType": "",
              "DataType": "image/gif",
              "DownloadTime": 31,
              "EventId": 1431,
              "HttpStatus": 200,
              "Size": 355,
              "URL": "http://cognos.sgndevtest.com/ibmcognos/rv/images/dis_action_drill_down.gif"
            },
            {
              "CompressionType": "",
              "DataType": "image/gif",
              "DownloadTime": 31,
              "EventId": 1429,
              "HttpStatus": 200,
              "Size": 561,
              "URL": "http://cognos.sgndevtest.com/ibmcognos/rv/images/action_keep_report.gif"
            },
            {
              "CompressionType": "",
              "DataType": "image/gif",
              "DownloadTime": 31,
              "EventId": 1427,
              "HttpStatus": 200,
              "Size": 309,
              "URL": "http://cognos.sgndevtest.com/ibmcognos/rv/images/action_run.gif"
            },
            {
              "CompressionType": "",
              "DataType": "text/css",
              "DownloadTime": 0,
              "EventId": 1424,
              "HttpStatus": 200,
              "Size": 1984,
              "URL": "http://cognos.sgndevtest.com/ibmcognos/skins/corporate/viewer/QSRVCommon.css"
            },
            {
              "CompressionType": "",
              "DataType": "text/css",
              "DownloadTime": 32,
              "EventId": 1381,
              "HttpStatus": 200,
              "Size": 5813,
              "URL": "http://cognos.sgndevtest.com/ibmcognos/skins/corporate/viewer/QSRVall.css"
            },
            {
              "CompressionType": "",
              "DataType": "text/css",
              "DownloadTime": 16,
              "EventId": 1378,
              "HttpStatus": 200,
              "Size": 6701,
              "URL": "http://cognos.sgndevtest.com/ibmcognos/skins/corporate/viewer/CRN.css"
            },
            {
              "CompressionType": "",
              "DataType": "text/css",
              "DownloadTime": 16,
              "EventId": 1376,
              "HttpStatus": 200,
              "Size": 6012,
              "URL": "http://cognos.sgndevtest.com/ibmcognos/skins/corporate/viewer/QSRVCommonUI.css"
            },
            {
              "CompressionType": "",
              "DataType": "text/css",
              "DownloadTime": 32,
              "EventId": 1371,
              "HttpStatus": 200,
              "Size": 1301,
              "URL": "http://cognos.sgndevtest.com/ibmcognos/skins/corporate/viewer/RVReport.css"
            },
            {
              "CompressionType": "",
              "DataType": "application/javascript",
              "DownloadTime": 62,
              "EventId": 1367,
              "HttpStatus": 200,
              "Size": 731751,
              "URL": "http://cognos.sgndevtest.com/ibmcognos/rv/viewer.standalone.core.js"
            },
            {
              "CompressionType": "",
              "DataType": "application/javascript",
              "DownloadTime": 31,
              "EventId": 1364,
              "HttpStatus": 200,
              "Size": 20277,
              "URL": "http://cognos.sgndevtest.com/ibmcognos/mdsrv/lineage.js"
            },
            {
              "CompressionType": "",
              "DataType": "application/javascript",
              "DownloadTime": 47,
              "EventId": 1362,
              "HttpStatus": 200,
              "Size": 34498,
              "URL": "http://cognos.sgndevtest.com/ibmcognos/drill/CSelectionContextBuilder.js"
            },
            {
              "CompressionType": "",
              "DataType": "application/javascript",
              "DownloadTime": 31,
              "EventId": 1360,
              "HttpStatus": 200,
              "Size": 6906,
              "URL": "http://cognos.sgndevtest.com/ibmcognos/rv/serverrequest/requests/standalone/ViewerDispatcherEntry.js"
            },
            {
              "CompressionType": "",
              "DataType": "application/javascript",
              "DownloadTime": 32,
              "EventId": 1358,
              "HttpStatus": 200,
              "Size": 19577,
              "URL": "http://cognos.sgndevtest.com/ibmcognos/rv/res/viewer_en.js"
            },
            {
              "CompressionType": "gzip",
              "DataType": "text/html",
              "DownloadTime": 78,
              "EventId": 1355,
              "HttpStatus": 200,
              "Size": 3843,
              "URL": "http://cognos.sgndevtest.com/ibmcognos/cgi-bin/cognos.cgi?b_action=cognosViewer&ui.action=view&ui.object=defaultOutput(%2fcontent%2ffolder%5b%40name%3d%27Maintenance%27%5d%2freportView%5b%40name%3d%27Report%20View%20of%20RW1_PEP_0015%20-%20Records%20corrections%20that%20result%20in%20change%20in%20risk%20to%20be%20updated%20within%20D%2b90%20days%27%5d)&ui.name=Report%20View%20of%20RW1_PEP_0015%20-%20Records%20corrections%20that%20result%20in%20change%20in%20risk%20to%20be%20updated%20within%20D%2b90%20days&ui.format=HTML&ui.backURL=%2fibmcognos%2fcgi-bin%2fcognos.cgi%3fb_action%3dxts.run%26m%3dportal%2fcc.xts%26m_folder%3di1B93573081994031B1004C11425DE991%26m_folder2%3dm-i937E6052F9724D988EF69846A3CD4D2F"
            },
            {
              "CompressionType": "",
              "DataType": "image/gif",
              "DownloadTime": 15,
              "EventId": 1352,
              "HttpStatus": 200,
              "Size": 358,
              "URL": "http://cognos.sgndevtest.com/ibmcognos/ps/portal/images/icon_result_html_sub.gif"
            },
            {
              "CompressionType": "",
              "DataType": "image/gif",
              "DownloadTime": 15,
              "EventId": 1350,
              "HttpStatus": 200,
              "Size": 376,
              "URL": "http://cognos.sgndevtest.com/ibmcognos/ps/portal/images/action_schedule.gif"
            },
            {
              "CompressionType": "",
              "DataType": "image/gif",
              "DownloadTime": 32,
              "EventId": 1348,
              "HttpStatus": 200,
              "Size": 581,
              "URL": "http://cognos.sgndevtest.com/ibmcognos/ps/portal/images/action_new_custom_view.gif"
            },
            {
              "CompressionType": "",
              "DataType": "image/gif",
              "DownloadTime": 16,
              "EventId": 1346,
              "HttpStatus": 200,
              "Size": 353,
              "URL": "http://cognos.sgndevtest.com/ibmcognos/ps/portal/images/action_view_report_output.gif"
            },
            {
              "CompressionType": "",
              "DataType": "image/gif",
              "DownloadTime": 31,
              "EventId": 1344,
              "HttpStatus": 200,
              "Size": 309,
              "URL": "http://cognos.sgndevtest.com/ibmcognos/ps/portal/images/action_run_16.gif"
            },
            {
              "CompressionType": "",
              "DataType": "image/gif",
              "DownloadTime": 15,
              "EventId": 1342,
              "HttpStatus": 200,
              "Size": 189,
              "URL": "http://cognos.sgndevtest.com/ibmcognos/ps/portal/images/action_run.gif"
            },
            {
              "CompressionType": "",
              "DataType": "image/gif",
              "DownloadTime": 16,
              "EventId": 1340,
              "HttpStatus": 200,
              "Size": 252,
              "URL": "http://cognos.sgndevtest.com/ibmcognos/ps/portal/images/icon_result_html.gif"
            },
            {
              "CompressionType": "",
              "DataType": "text/html",
              "DownloadTime": 110,
              "EventId": 1333,
              "HttpStatus": 200,
              "Size": 72077,
              "URL": "http://cognos.sgndevtest.com/ibmcognos/cgi-bin/cognos.cgi?b_action=xts.run&m=portal/cc.xts&m_folder=i1B93573081994031B1004C11425DE991&m_folder2=m-i937E6052F9724D988EF69846A3CD4D2F"
            },
            {
              "CompressionType": "",
              "DataType": "image/gif",
              "DownloadTime": 31,
              "EventId": 1232,
              "HttpStatus": 200,
              "Size": 321,
              "URL": "http://cognos.sgndevtest.com/ibmcognos/skins/corporate/branding/tools_query_studio.gif"
            },
            {
              "CompressionType": "",
              "DataType": "image/gif",
              "DownloadTime": 16,
              "EventId": 1230,
              "HttpStatus": 200,
              "Size": 1055,
              "URL": "http://cognos.sgndevtest.com/ibmcognos/skins/corporate/branding/tools_dashboard.gif"
            },
            {
              "CompressionType": "",
              "DataType": "image/gif",
              "DownloadTime": 15,
              "EventId": 1228,
              "HttpStatus": 200,
              "Size": 73,
              "URL": "http://cognos.sgndevtest.com/ibmcognos/ps/portal/images/checkmark.gif"
            },
            {
              "CompressionType": "",
              "DataType": "text/html",
              "DownloadTime": 15,
              "EventId": 1226,
              "HttpStatus": 404,
              "Size": 209,
              "URL": "http://cognos.sgndevtest.com/favicon.ico"
            },
            {
              "CompressionType": "",
              "DataType": "image/gif",
              "DownloadTime": 32,
              "EventId": 1224,
              "HttpStatus": 200,
              "Size": 102,
              "URL": "http://cognos.sgndevtest.com/ibmcognos/skins/corporate/shared/images/action_scroll_left_disabled.gif"
            },
            {
              "CompressionType": "",
              "DataType": "image/gif",
              "DownloadTime": 0,
              "EventId": 1222,
              "HttpStatus": 200,
              "Size": 103,
              "URL": "http://cognos.sgndevtest.com/ibmcognos/skins/corporate/shared/images/action_scroll_right_disabled.gif"
            },
            {
              "CompressionType": "",
              "DataType": "image/gif",
              "DownloadTime": 31,
              "EventId": 1220,
              "HttpStatus": 200,
              "Size": 578,
              "URL": "http://cognos.sgndevtest.com/ibmcognos/ps/portal/images/action_properties.gif"
            },
            {
              "CompressionType": "",
              "DataType": "image/gif",
              "DownloadTime": 31,
              "EventId": 1218,
              "HttpStatus": 200,
              "Size": 596,
              "URL": "http://cognos.sgndevtest.com/ibmcognos/ps/portal/images/icon_folder.gif"
            },
            {
              "CompressionType": "",
              "DataType": "image/gif",
              "DownloadTime": 47,
              "EventId": 1216,
              "HttpStatus": 200,
              "Size": 82,
              "URL": "http://cognos.sgndevtest.com/ibmcognos/skins/corporate/portal/images/list_sort_no.gif"
            },
            {
              "CompressionType": "",
              "DataType": "image/gif",
              "DownloadTime": 32,
              "EventId": 1214,
              "HttpStatus": 200,
              "Size": 74,
              "URL": "http://cognos.sgndevtest.com/ibmcognos/skins/corporate/portal/images/control_btn_bottom_disabled.gif"
            },
            {
              "CompressionType": "",
              "DataType": "image/gif",
              "DownloadTime": 47,
              "EventId": 1212,
              "HttpStatus": 200,
              "Size": 1280,
              "URL": "http://cognos.sgndevtest.com/ibmcognos/skins/corporate/portal/images/action_go_ani.gif"
            },
            {
              "CompressionType": "",
              "DataType": "image/gif",
              "DownloadTime": 78,
              "EventId": 1210,
              "HttpStatus": 200,
              "Size": 579,
              "URL": "http://cognos.sgndevtest.com/ibmcognos/ps/portal/images/action_properties_path.gif"
            },
            {
              "CompressionType": "",
              "DataType": "image/gif",
              "DownloadTime": 47,
              "EventId": 1208,
              "HttpStatus": 200,
              "Size": 75,
              "URL": "http://cognos.sgndevtest.com/ibmcognos/skins/corporate/portal/images/control_btn_pagedown_disabled.gif"
            },
            {
              "CompressionType": "",
              "DataType": "image/gif",
              "DownloadTime": 47,
              "EventId": 1206,
              "HttpStatus": 200,
              "Size": 76,
              "URL": "http://cognos.sgndevtest.com/ibmcognos/skins/corporate/portal/images/control_btn_pageup_disabled.gif"
            },
            {
              "CompressionType": "",
              "DataType": "image/gif",
              "DownloadTime": 31,
              "EventId": 1204,
              "HttpStatus": 200,
              "Size": 73,
              "URL": "http://cognos.sgndevtest.com/ibmcognos/skins/corporate/portal/images/control_btn_top_disabled.gif"
            },
            {
              "CompressionType": "",
              "DataType": "image/gif",
              "DownloadTime": 31,
              "EventId": 1202,
              "HttpStatus": 200,
              "Size": 353,
              "URL": "http://cognos.sgndevtest.com/ibmcognos/skins/corporate/portal/images/action_go.gif"
            },
            {
              "CompressionType": "",
              "DataType": "image/gif",
              "DownloadTime": 16,
              "EventId": 1200,
              "HttpStatus": 200,
              "Size": 377,
              "URL": "http://cognos.sgndevtest.com/ibmcognos/ps/portal/images/action_order_dis.gif"
            },
            {
              "CompressionType": "",
              "DataType": "image/gif",
              "DownloadTime": 32,
              "EventId": 1198,
              "HttpStatus": 200,
              "Size": 221,
              "URL": "http://cognos.sgndevtest.com/ibmcognos/ps/portal/images/action_delete_dis.gif"
            },
            {
              "CompressionType": "",
              "DataType": "image/gif",
              "DownloadTime": 32,
              "EventId": 1196,
              "HttpStatus": 200,
              "Size": 361,
              "URL": "http://cognos.sgndevtest.com/ibmcognos/ps/portal/images/action_paste_dis.gif"
            },
            {
              "CompressionType": "",
              "DataType": "image/gif",
              "DownloadTime": 32,
              "EventId": 1194,
              "HttpStatus": 200,
              "Size": 605,
              "URL": "http://cognos.sgndevtest.com/ibmcognos/ps/portal/images/action_paste.gif"
            },
            {
              "CompressionType": "",
              "DataType": "image/gif",
              "DownloadTime": 31,
              "EventId": 1192,
              "HttpStatus": 200,
              "Size": 51,
              "URL": "http://cognos.sgndevtest.com/ibmcognos/skins/corporate/shared/images/toolbar_divider.gif"
            },
            {
              "CompressionType": "",
              "DataType": "application/javascript",
              "DownloadTime": 31,
              "EventId": 1190,
              "HttpStatus": 200,
              "Size": 8318,
              "URL": "http://cognos.sgndevtest.com/ibmcognos/ps/portal/js/utilities.js"
            },
            {
              "CompressionType": "",
              "DataType": "image/gif",
              "DownloadTime": 47,
              "EventId": 1188,
              "HttpStatus": 200,
              "Size": 189,
              "URL": "http://cognos.sgndevtest.com/ibmcognos/ps/portal/images/action_cut_dis.gif"
            },
            {
              "CompressionType": "",
              "DataType": "image/gif",
              "DownloadTime": 32,
              "EventId": 1186,
              "HttpStatus": 200,
              "Size": 594,
              "URL": "http://cognos.sgndevtest.com/ibmcognos/ps/portal/images/action_copy.gif"
            },
            {
              "CompressionType": "",
              "DataType": "image/gif",
              "DownloadTime": 16,
              "EventId": 1184,
              "HttpStatus": 200,
              "Size": 248,
              "URL": "http://cognos.sgndevtest.com/ibmcognos/ps/portal/images/action_new_job.gif"
            },
            {
              "CompressionType": "",
              "DataType": "image/gif",
              "DownloadTime": 31,
              "EventId": 1182,
              "HttpStatus": 200,
              "Size": 384,
              "URL": "http://cognos.sgndevtest.com/ibmcognos/ps/portal/images/action_new_page.gif"
            },
            {
              "CompressionType": "",
              "DataType": "image/gif",
              "DownloadTime": 31,
              "EventId": 1180,
              "HttpStatus": 200,
              "Size": 605,
              "URL": "http://cognos.sgndevtest.com/ibmcognos/ps/portal/images/action_new_url.gif"
            },
            {
              "CompressionType": "",
              "DataType": "image/gif",
              "DownloadTime": 16,
              "EventId": 1178,
              "HttpStatus": 200,
              "Size": 1018,
              "URL": "http://cognos.sgndevtest.com/ibmcognos/ps/portal/images/action_new_folder.gif"
            },
            {
              "CompressionType": "",
              "DataType": "image/gif",
              "DownloadTime": 31,
              "EventId": 1176,
              "HttpStatus": 200,
              "Size": 51,
              "URL": "http://cognos.sgndevtest.com/ibmcognos/skins/corporate/shared/images/tool_sep_dot_line_banner.gif"
            },
            {
              "CompressionType": "",
              "DataType": "image/gif",
              "DownloadTime": 16,
              "EventId": 1174,
              "HttpStatus": 200,
              "Size": 128,
              "URL": "http://cognos.sgndevtest.com/ibmcognos/ps/portal/images/action_detailedlistview.gif"
            },
            {
              "CompressionType": "",
              "DataType": "image/gif",
              "DownloadTime": 16,
              "EventId": 1172,
              "HttpStatus": 200,
              "Size": 135,
              "URL": "http://cognos.sgndevtest.com/ibmcognos/ps/portal/images/action_listview.gif"
            },
            {
              "CompressionType": "",
              "DataType": "application/javascript",
              "DownloadTime": 47,
              "EventId": 1170,
              "HttpStatus": 200,
              "Size": 2929,
              "URL": "http://cognos.sgndevtest.com/ibmcognos/ps/portal/js/list.js"
            },
            {
              "CompressionType": "",
              "DataType": "image/gif",
              "DownloadTime": 62,
              "EventId": 1168,
              "HttpStatus": 200,
              "Size": 57,
              "URL": "http://cognos.sgndevtest.com/ibmcognos/skins/corporate/shared/images/action_scroll_left.gif"
            },
            {
              "CompressionType": "",
              "DataType": "image/gif",
              "DownloadTime": 47,
              "EventId": 1166,
              "HttpStatus": 200,
              "Size": 58,
              "URL": "http://cognos.sgndevtest.com/ibmcognos/skins/corporate/shared/images/action_scroll_right.gif"
            },
            {
              "CompressionType": "",
              "DataType": "image/gif",
              "DownloadTime": 32,
              "EventId": 1164,
              "HttpStatus": 200,
              "Size": 157,
              "URL": "http://cognos.sgndevtest.com/ibmcognos/skins/corporate/branding/your_logo_here.gif"
            },
            {
              "CompressionType": "",
              "DataType": "image/gif",
              "DownloadTime": 32,
              "EventId": 1162,
              "HttpStatus": 200,
              "Size": 157,
              "URL": "http://cognos.sgndevtest.com/ibmcognos/skins/corporate/branding/ibm-logo-white.gif"
            },
            {
              "CompressionType": "",
              "DataType": "application/javascript",
              "DownloadTime": 47,
              "EventId": 1160,
              "HttpStatus": 200,
              "Size": 4448,
              "URL": "http://cognos.sgndevtest.com/ibmcognos/ps/portal/js/tabs.js"
            },
            {
              "CompressionType": "",
              "DataType": "image/gif",
              "DownloadTime": 16,
              "EventId": 1158,
              "HttpStatus": 200,
              "Size": 370,
              "URL": "http://cognos.sgndevtest.com/ibmcognos/skins/corporate/portal/images/page_menu.gif"
            },
            {
              "CompressionType": "",
              "DataType": "image/gif",
              "DownloadTime": 15,
              "EventId": 1156,
              "HttpStatus": 200,
              "Size": 107,
              "URL": "http://cognos.sgndevtest.com/ibmcognos/ps/images/space.gif"
            },
            {
              "CompressionType": "",
              "DataType": "image/gif",
              "DownloadTime": 16,
              "EventId": 1154,
              "HttpStatus": 200,
              "Size": 646,
              "URL": "http://cognos.sgndevtest.com/ibmcognos/ps/portal/images/action_search_ani.gif"
            },
            {
              "CompressionType": "",
              "DataType": "image/gif",
              "DownloadTime": 15,
              "EventId": 1152,
              "HttpStatus": 200,
              "Size": 604,
              "URL": "http://cognos.sgndevtest.com/ibmcognos/skins/corporate/shared/images/action_help.gif"
            },
            {
              "CompressionType": "",
              "DataType": "image/gif",
              "DownloadTime": 31,
              "EventId": 1150,
              "HttpStatus": 200,
              "Size": 537,
              "URL": "http://cognos.sgndevtest.com/ibmcognos/skins/corporate/shared/images/icon_my_area.gif"
            },
            {
              "CompressionType": "",
              "DataType": "image/gif",
              "DownloadTime": 47,
              "EventId": 1148,
              "HttpStatus": 200,
              "Size": 363,
              "URL": "http://cognos.sgndevtest.com/ibmcognos/skins/corporate/shared/images/action_home.gif"
            },
            {
              "CompressionType": "",
              "DataType": "image/gif",
              "DownloadTime": 31,
              "EventId": 1146,
              "HttpStatus": 200,
              "Size": 80,
              "URL": "http://cognos.sgndevtest.com/ibmcognos/skins/corporate/shared/images/dropdown_arrow_banner.gif"
            },
            {
              "CompressionType": "",
              "DataType": "image/gif",
              "DownloadTime": 31,
              "EventId": 1144,
              "HttpStatus": 200,
              "Size": 339,
              "URL": "http://cognos.sgndevtest.com/ibmcognos/ps/portal/images/action_search.gif"
            },
            {
              "CompressionType": "",
              "DataType": "image/gif",
              "DownloadTime": 31,
              "EventId": 1142,
              "HttpStatus": 200,
              "Size": 328,
              "URL": "http://cognos.sgndevtest.com/ibmcognos/ps/portal/images/action_refresh.gif"
            },
            {
              "CompressionType": "",
              "DataType": "application/javascript",
              "DownloadTime": 47,
              "EventId": 1140,
              "HttpStatus": 200,
              "Size": 1548,
              "URL": "http://cognos.sgndevtest.com/ibmcognos/ps/portal/js/validation.js"
            },
            {
              "CompressionType": "",
              "DataType": "text/css",
              "DownloadTime": 32,
              "EventId": 1138,
              "HttpStatus": 200,
              "Size": 4475,
              "URL": "http://cognos.sgndevtest.com/ibmcognos/skins/corporate/shared/banner.css"
            },
            {
              "CompressionType": "",
              "DataType": "application/javascript",
              "DownloadTime": 47,
              "EventId": 1136,
              "HttpStatus": 200,
              "Size": 8622,
              "URL": "http://cognos.sgndevtest.com/ibmcognos/ps/portal/js/aboutdialog.js"
            },
            {
              "CompressionType": "",
              "DataType": "application/javascript",
              "DownloadTime": 15,
              "EventId": 1134,
              "HttpStatus": 200,
              "Size": 6261,
              "URL": "http://cognos.sgndevtest.com/ibmcognos/cr1/caf.js"
            },
            {
              "CompressionType": "",
              "DataType": "application/javascript",
              "DownloadTime": 16,
              "EventId": 1131,
              "HttpStatus": 200,
              "Size": 10983,
              "URL": "http://cognos.sgndevtest.com/ibmcognos/ps/portal/js/banner.js"
            },
            {
              "CompressionType": "",
              "DataType": "application/javascript",
              "DownloadTime": 31,
              "EventId": 1127,
              "HttpStatus": 200,
              "Size": 40937,
              "URL": "http://cognos.sgndevtest.com/ibmcognos/ccl/i18n/bidi/BidiUtils.js"
            },
            {
              "CompressionType": "",
              "DataType": "application/javascript",
              "DownloadTime": 31,
              "EventId": 1123,
              "HttpStatus": 200,
              "Size": 4709,
              "URL": "http://cognos.sgndevtest.com/ibmcognos/ps/portal/js/cc.js"
            },
            {
              "CompressionType": "",
              "DataType": "application/javascript",
              "DownloadTime": 31,
              "EventId": 1119,
              "HttpStatus": 200,
              "Size": 43756,
              "URL": "http://cognos.sgndevtest.com/ibmcognos/ps/portal/js/CCflyoutMenu.js"
            },
            {
              "CompressionType": "",
              "DataType": "application/javascript",
              "DownloadTime": 31,
              "EventId": 1117,
              "HttpStatus": 200,
              "Size": 11366,
              "URL": "http://cognos.sgndevtest.com/ibmcognos/cognoslaunch.js"
            },
            {
              "CompressionType": "",
              "DataType": "text/css",
              "DownloadTime": 32,
              "EventId": 1114,
              "HttpStatus": 200,
              "Size": 27571,
              "URL": "http://cognos.sgndevtest.com/ibmcognos/skins/corporate/fragments/portlet.css"
            },
            {
              "CompressionType": "",
              "DataType": "text/css",
              "DownloadTime": 16,
              "EventId": 1112,
              "HttpStatus": 200,
              "Size": 2059,
              "URL": "http://cognos.sgndevtest.com/ibmcognos/skins/corporate/fonts.css"
            },
            {
              "CompressionType": "",
              "DataType": "text/css",
              "DownloadTime": 15,
              "EventId": 1110,
              "HttpStatus": 200,
              "Size": 49626,
              "URL": "http://cognos.sgndevtest.com/ibmcognos/skins/corporate/portal/default.css"
            },
            {
              "CompressionType": "",
              "DataType": "text/html",
              "DownloadTime": 375,
              "EventId": 1104,
              "HttpStatus": 200,
              "Size": 73447,
              "URL": "http://cognos.sgndevtest.com/ibmcognos/cgi-bin/cognos.cgi?m_folder=i64C1B8968BDC4C70B18C3DC1286D7E20&m_tab=i64C1B8968BDC4C70B18C3DC1286D7E20&b_action=xts.run&encoding=UTF-8&m=portal%2fcc.xts&m_folder2=m-i937E6052F9724D988EF69846A3CD4D2F"
            },
            {
              "CompressionType": "",
              "DataType": "text/html",
              "DownloadTime": 1157,
              "EventId": 1101,
              "HttpStatus": 200,
              "Size": 587,
              "URL": "http://cognos.sgndevtest.com/ibmcognos/cgi-bin/cognos.cgi"
            },
            {
              "CompressionType": "",
              "DataType": "text/html",
              "DownloadTime": 15,
              "EventId": 1090,
              "HttpStatus": 404,
              "Size": 209,
              "URL": "http://cognos.sgndevtest.com/favicon.ico"
            },
            {
              "CompressionType": "",
              "DataType": "image/png",
              "DownloadTime": 31,
              "EventId": 1086,
              "HttpStatus": 200,
              "Size": 23850,
              "URL": "http://cognos.sgndevtest.com/ibmcognos/ps/login/images/login_icon.png"
            },
            {
              "CompressionType": "",
              "DataType": "image/png",
              "DownloadTime": 15,
              "EventId": 1083,
              "HttpStatus": 200,
              "Size": 720,
              "URL": "http://cognos.sgndevtest.com/ibmcognos/ps/login/images/login_ibm_logo.png"
            },
            {
              "CompressionType": "",
              "DataType": "image/png",
              "DownloadTime": 0,
              "EventId": 1079,
              "HttpStatus": 200,
              "Size": 53606,
              "URL": "http://cognos.sgndevtest.com/ibmcognos/ps/login/images/login_header.png"
            },
            {
              "CompressionType": "",
              "DataType": "image/png",
              "DownloadTime": 15,
              "EventId": 1077,
              "HttpStatus": 200,
              "Size": 2950,
              "URL": "http://cognos.sgndevtest.com/ibmcognos/skins/corporate/portal/images/popup_close_28.png"
            },
            {
              "CompressionType": "",
              "DataType": "application/javascript",
              "DownloadTime": 78,
              "EventId": 1075,
              "HttpStatus": 200,
              "Size": 6815,
              "URL": "http://cognos.sgndevtest.com/ibmcognos/ccl/helpDocs.js"
            },
            {
              "CompressionType": "",
              "DataType": "application/javascript",
              "DownloadTime": 62,
              "EventId": 1073,
              "HttpStatus": 200,
              "Size": 3926,
              "URL": "http://cognos.sgndevtest.com/ibmcognos/ps/portal/js/mvcAuth.js"
            },
            {
              "CompressionType": "",
              "DataType": "application/javascript",
              "DownloadTime": 62,
              "EventId": 1071,
              "HttpStatus": 200,
              "Size": 4318,
              "URL": "http://cognos.sgndevtest.com/ibmcognos/ps/portal/js/faultlogin.js"
            },
            {
              "CompressionType": "",
              "DataType": "application/javascript",
              "DownloadTime": 47,
              "EventId": 1069,
              "HttpStatus": 200,
              "Size": 7304,
              "URL": "http://cognos.sgndevtest.com/ibmcognos/ps/portal/js/cookie_jar.js"
            },
            {
              "CompressionType": "",
              "DataType": "text/css",
              "DownloadTime": 47,
              "EventId": 1067,
              "HttpStatus": 200,
              "Size": 3548,
              "URL": "http://cognos.sgndevtest.com/ibmcognos/ps/login/ibm.css"
            },
            {
              "CompressionType": "",
              "DataType": "text/css",
              "DownloadTime": 16,
              "EventId": 1065,
              "HttpStatus": 200,
              "Size": 1810,
              "URL": "http://cognos.sgndevtest.com/ibmcognos/ps/login/styles.css"
            },
            {
              "CompressionType": "",
              "DataType": "text/html",
              "DownloadTime": 78,
              "EventId": 1062,
              "HttpStatus": 200,
              "Size": 8748,
              "URL": "http://cognos.sgndevtest.com/ibmcognos/cgi-bin/cognos.cgi?m_folder=i64C1B8968BDC4C70B18C3DC1286D7E20&m_tab=i64C1B8968BDC4C70B18C3DC1286D7E20&b_action=xts.run&encoding=UTF-8&m=portal%2fcc.xts&m_folder2=m-i937E6052F9724D988EF69846A3CD4D2F"
            }
          ],
          "SSLCipher": "None",
          "SSLVersion": "None"
        }
      ],
      "IncludeInScript": true
    },
    {
      "DomainName": "microsoft.com",
      "Domains": [
        {
          "HTTPVersion": "HTTP/1.1",
          "IP": "152.199.19.161",
          "IncludeInScript": true,
          "Name": "iecvlist.microsoft.com",
          "Port": 443,
          "Requests": [
            {
              "CompressionType": "gzip",
              "DataType": "text/xml",
              "DownloadTime": 15,
              "EventId": 1328,
              "HttpStatus": 200,
              "Size": 33860,
              "URL": "https://iecvlist.microsoft.com/IE11/1479242656000/iecompatviewlist.xml"
            }
          ],
          "SSLCipher": "ECDHE-RSA-AES256-SHA",
          "SSLVersion": "TLS1.1"
        }
      ],
      "IncludeInScript": true
    }
  ],
  "WebSocket": {
    "IncludeInScript": false,
    "IsScriptIncludeWebSocket": false
  },
  "NumberOfCorrelations": 2
}