<?xml version="1.0" encoding="UTF-8" ?>
<server_response csrftoken="6k544bfh8i0h8rfj5656r8noj5">
<component vis="true" id="mx85_holder" compid="mx85"><![CDATA[]]></component>
<component vis="true" id="mx86_holder" compid="mx86"><![CDATA[<input   role="combobox" aria-autocomplete="none"  id="mx86" class="fld text tbctb  ib"  sa="1"   ctype="textbox"   li="mx87" liclick="1"     style=";width:110px;"      sue="1"  readonly="readonly" type="text" title="" value="" ov="" work="1"/>]]></component>
	<compvalue id="mx86"><![CDATA[]]></compvalue>
<component vis="true" id="mx87_holder" compid="mx87"><![CDATA[<img sf="1"   ctype="image" alt="Drop-down image"  src="../webclient/skins-20170809-1350/tivoli09/images/IE_toolbar_dropdown.gif" source="IE_toolbar_dropdown" imgtype=".gif" style="cursor:default;display:block;margin:0px" border="0"  lc="mx86"  class="di " align="absmiddle"     id="mx87" tabindex="-1" title="Drop-down image"/>]]></component>
<component vis="true" id="mx88_holder" compid="mx88"><![CDATA[<img sf="1" aria-hidden="true" active="0" ctype="image" alt=""  src="../webclient/skins-20170809-1350/tivoli09/images/blank.gif" source="blank.gif" imgtype="" style="display:block;margin:0px" border="0"      align="absmiddle" width="3px" height="30px"   id="mx88" title=""/>]]></component>
<component vis="true" id="mx91_holder" compid="mx91"><![CDATA[<label ctype="label"  id="mx91"    noclick="1"   targetid="mx91"    class="text qsl  " style="display:block;padding-left:2px;padding-top:2px;;;;;" title="Find:">Find:</label>]]></component>
<component vis="true" id="mx93_holder" compid="mx93"><![CDATA[<input   role="textbox"  id="mx93" class="fld text qst  ib"  sa="1"   ctype="textbox"     db="mx95"   maxlength="" style=";width:90px;"         type="text" title="W114594078" value="W114594078" ov="W114594078" work="1"/>]]></component>
	<compvalue id="mx93"><![CDATA[W114594078]]></compvalue>
<component vis="true" id="mx95_holder" compid="mx95"><![CDATA[<img sf="0"   ctype="image" alt="Find:"  src="../webclient/skins-20170809-1350/tivoli09/images/quicksearch.gif" source="quicksearch" imgtype=".gif" style="cursor:default;display:block;" border="0"    class="quicksearchimage "      id="mx95" tabindex="0" title="Find:"/>]]></component>
<component vis="true" id="mx96_holder" compid="mx96"><![CDATA[<img sf="0"   ctype="image" alt="Quick Search menu"  src="../webclient/skins-20170809-1350/tivoli09/images/nav_btn_menuArrow_Search.gif" source="nav_btn_menuArrow_Search" imgtype=".gif" style="cursor:default;display:block;margin:0px" border="0"      align="absmiddle"    ev="quicksearch" id="mx96" tabindex="0" title="Quick Search menu"/>]]></component>
<component vis="true" id="mx97_holder" compid="mx97"><![CDATA[	<div id="mx97" name="mx97" class="ts  "  >&nbsp;</div>
]]></component>
	<component id="mx226_holder"><![CDATA[<script>
		var el = document.getElementById("mx226");
		if(el)
		{
			el.style.display="";
		}
	</script>]]></component>
<component vis="true" id="mx207_holder" compid="mx207"><![CDATA[<span ctype="label"  id="mx207"   tabindex="0"      targetid="mx207"  mxevent="click"  class="text tht   anchor" style="display:block;padding-left:2px;padding-top:2px;;cursor:pointer;;;;" title="Filter">Filter</span>]]></component>
<component vis="true" id="mx220_holder" compid="mx220"><![CDATA[<label ctype="label"  id="mx220"    noclick="1"   targetid="mx220"    class="text tht  " style="display:block;padding-left:2px;padding-top:2px;;;;;" title="1 - 6 of 6">1 - 6 of 6</label>]]></component>
<component vis="true" id="mx222_holder" compid="mx222"><![CDATA[	<div id="mx222" name="mx222" class="text ts  ts  "  >&nbsp;</div>
]]></component>
<component vis="true" id="mx223_holder" compid="mx223"><![CDATA[<a ctype="label"  id="mx223"  href="http://porud755/maximo/ui/1526721853746?_tbldnld=results_showlist&amp;uisessionid=267&amp;csrftoken=6k544bfh8i0h8rfj5656r8noj5" onmouseover="return noStatus();" target="_blank"  noclick="1"   targetid="mx223"    class="text tht  " style="display:block;;;;;" title="Download"><img id='mx223_image' src='../webclient/skins-20170809-1350/tivoli09/images/tablebtn_download.gif'  border='0' alt="Download" style='vertical-align:top;margin:0px;margin-left:3px;margin-right:3px;'/><span>Download</span></a>]]></component>
<component vis="true" id="mx789_holder" compid="mx789" replacemethod="NONE"><![CDATA[
			<script>
			cancelTimerCalls();
			cancelQueryTimeout();
			dialogCount--;
			showObjs();
			var dialogToRemove=getElement("mx789_inner");
			if(dialogToRemove)
			{
				removePageAutoFill("1");
				dialogTD=dialogToRemove.parentNode;
				dialogRow=dialogTD.parentNode;
				dialogRow.deleteCell(dialogTD.cellIndex);
				removeModalWaitLayer();
			}
			</script>
		]]></component>


<deferredscript><![CDATA[focusItem('mx93',true);resetLogoutTimer(true);if(tpaeConfig.validationOn) {setButtonEnabled(saveButton,false)};]]></deferredscript></server_response>