<?xml version="1.0" encoding="UTF-8" ?>
<server_response csrftoken="6k544bfh8i0h8rfj5656r8noj5">
	<component id="mx7443_holder"><![CDATA[<script>
		var el = document.getElementById("mx7443");
		if(el)
		{
			el.style.display="";
		}
	</script>]]></component>

		


		<component id="mx7451_holder"><![CDATA[<script>
		        addLoadMethod("addLongOpTimeout('dolongopcheck()',3000);");
		</script>]]></component>	
	
		<component id="mx7456_holder"><![CDATA[<script>
		addLoadMethod("updateDisplay('mx7456','none')");
		</script>]]></component>

		<finalscript><![CDATA[
			makeDialogScroll('mx7449','longopwait',-1);
		]]></finalscript>
<deferredscript><![CDATA[focusItem('changestatus_2_1-pushbutton_pushbutton',true);scrollScreen('0','0');resetLogoutTimer(true);if(tpaeConfig.validationOn) {setButtonEnabled(saveButton,true)};]]></deferredscript></server_response>