<?xml version="1.0" encoding="UTF-8" ?>
<server_response csrftoken="6k544bfh8i0h8rfj5656r8noj5">
<!-- Begin of the DIALOG -->
<component vis="true" id="mx7488_holder" compid="mx7488" replacemethod="addDialog"><![CDATA[<script pre='true'>publishMessage({"channel":"widgetCleanup","message":["mx7496","mx7512","mx7543"]});</script>			<div id='mx7488_inner_dialogwait'  class='wait'>&nbsp;</div>
				<table id="mx7488_inner"  role="dialog" aria-labelledby="mx7477" positionAtTop="false" positionX="" positionY="" modal="true" width="200" height="50" class="dsc1 mc modal" border="0" defaultbutton="" control="true" onmousedown='hideAllMenus();'onkeypress="if(hasKeyCode(event,'KEYCODE_ESC')) {sendEvent('dialogcancel','mx7488', null, null); }"ondragstart='return false;' ondblclick="toggleMinimize('mx7488')"  style="visibility:hidden;" cellpadding="0px" cellspacing="0px">
			<tr id="mx7488_content0" aria-live="polite"   style="" valign="top">
				<td id="mx7488_inner_content"  valign="BOTTOM"  style="padding:0px; %>">
<img tabindex="0" alt="" id="status_first" alt="" onfocus="moveable_onfocus(this);" src="../webclient/skins-20170809-1350/tivoli09/images/blank.gif" width="1" height="1" style="display:inline;margin:0px" firstbuttonid="first"/><table id="mx7482"  width="100%" style="margin:0px;" class="" role="presentation">
			<tr>
				<td id="mx7482_middle"  class="dh mh dhb  " valign="middle" align="left" width="*">
					<table role="presentation" class="" width="100%">
						<tr>
							<td valign="center" align="left" style="padding:0px;white-space:nowrap;" class="dh mh">
								<table role="presentation"  width="100%">
									<tr>
					<td id="mx7482_header_0"  align="left" class="dhbsh" valign="middle" style="padding:0px;white-space:nowrap;" width:100%;></td>
					<td id="mx7482_header_1"  align="left" class="dhbsh" valign="middle" style="padding:0px;white-space:nowrap;" width:100%;><div aria-live="polite" id="mx7477_holder" class="bc"><h1 labelledby="mx7477" style="display:inline" title="Change Status"><label ctype="label"  id="mx7477"    noclick="1"   targetid="mx7477"    class="text dh mh  " style="display:block;padding-left:2px;padding-top:2px;;;;;" title="Change Status">Change Status</label></h1></div></td>
					<td id="mx7482_header_2"   class="dhbsh" valign="middle" style="padding:0px;white-space:nowrap;" width="100%"><div aria-live="polite" id="mx7478_holder" class="bc">	<div id="mx7478" name="mx7478" class="ts dh mh  "  >&nbsp;</div>
</div></td>
					<td id="mx7482_header_3"  align="right" class="dhbsh" valign="middle" style="padding:0px;white-space:nowrap;" width="100%"></td>
					<td id="mx7482_header_4"  align="right" class="dhbsh" valign="middle" style="padding:0px;white-space:nowrap;" width="100%"></td>
					<td id="mx7482_header_5"  align="right" class="dhbsh" valign="middle" style="padding:0px;white-space:nowrap;" width="100%"></td>
								</tr>
								</table>
							</td>
						</tr>
					</table>
				</td>
			</tr>
		</table></td>
			</tr>
			<tr id="mx7488_content1" aria-live="polite"   style="" valign="top">
				<td id="mx7488_inner_content"  valign="BOTTOM"  style="padding:0px; %>">
<table role="presentation" id="mx7487"  class="dialogb" width="100%" style="position:relative;top:0px;margin:0px;" height="100%" ondblclick="cancelEvent(event);">
	<tr>
		<td class="  " style=";padding:0px;" align="">

		<table role="presentation" width="100%"  height="*" ondblclick="cancelEvent(event);">
	<tr>
		<td class="    dss" align="center">
	<div aria-live="polite" id="dialogmessage_holder" class="bc"><label ctype="label"  id="dialogmessage"    noclick="1"   targetid="dialogmessage"  role='alert'    class="text label  label  text  dum" style="display:block;padding-left:2px;padding-top:2px;;;;;" title="">&nbsp;</label></div>
		</td>
	</tr>
</table>
<table role="presentation" width="100%"  height="*" ondblclick="cancelEvent(event);">
	<tr>
		<td class="db    dss" align="">
	
			<div id="status_bodydiv" class="dbDiv"  onscroll='hideAllMenusNF()'>
	
			<table role="presentation" cellspacing="2" width="100%">
			
		<tr>
			<td id="mx7497"  control="true" style="vertical-align:top;">
	
		<div id="mx7497_compHolder" aria-live="polite"  style="padding:0px;margin:0px;vertical-align:top;height: 100%;display:"  >
		
			<table id="mx7497_inner" role="presentation"  cellspacing="0" class="so   " cellpadding="0" height="100%" width="100%"   style="vertical-align:top;" ><tr id="mx7497_1"  style="vertical-align:top;display:;" > 
	<td id="mx7496" aria-live="polite"      style="display:;white-space:nowrap;padding-bottom: 2px;" class="section   " valign="top"  ><table role="presentation" control="true" id="mx7495"   width="100%"  class="  " summary=""  style="width:100%;;;vertical-align:top">				<tr   control="true" id="mx7501_0"    style="vertical-align:top;">

		<td id="mx7504" aria-live="polite"  style="display:;;padding:0 2px;vertical-align: top" sc="true"  height="100%" class="sectioncol">
			<div id="mx7504_div" style="height: 100%">
			
<table role="presentation" control="true" id="mx7503"   width="100%" height="100%" class="  " summary=""  style="width:100%;height:100%;;;vertical-align:top">
		<tr>
			<td id="mx7513"  control="true" style="vertical-align:top;">
	
		<div id="mx7513_compHolder" aria-live="polite"  style="padding:0px;margin:0px;vertical-align:top;height: 100%;display:"  >
		
			<table id="mx7513_inner" role="presentation"  cellspacing="0" class="so   " cellpadding="0" height="100%" width="100%"   style="vertical-align:top;" ><tr id="mx7513_0"  style="vertical-align:top;display:;" > 		<td id="mx7510"   style="padding:0px;;white-space:nowrap;"  role="presentation">
			<table cellspacing="0" cellpadding="0" style="width:100%;" class="" role="presentation">
				<tr>
				<td id="mx7510_1"  valign="top" class="hbb" width="100%" ></td>
				</tr>
			</table>
		</td>

		</tr>
		<tr id="mx7513_1"  style="vertical-align:top;display:;" > <td nowrap width="100%" class="section sbt">&nbsp;</td></tr><tr>
	<td id="mx7512" aria-live="polite"      style="display:;white-space:nowrap;padding-bottom: 2px;" class="section   " valign="top"  ><table role="presentation" control="true" id="mx7511"   width="100%"  class="  " summary=""  style="width:100%;;;vertical-align:top">				<tr   control="true" id="mx7524_0"  class="  leafspacer" style="vertical-align:top;">
				<td    nowrap="nowrap"  id="mx7523_0"  align="right"   valign="middle" style="vertical-align:middle;"><div aria-live="polite" id="mx7515_holder" class="bc"><label ctype="label"  id="mx7515"    noclick="1"   targetid="mx7515"    class="text label  label  " style="display:block;padding-left:2px;padding-top:2px;;;;;" for="mx7517" title="Work Order">Work Order:</label></div></td>
				<td    nowrap="nowrap"  id="mx7523_1"     valign="middle" style="vertical-align:middle;"><div aria-live="polite" id="mx7516_holder" class="bc"><img id="mx7516" alt="required" align='absmiddle' src='../webclient/skins-20170809-1350/tivoli09/images/required.gif' style="visibility:hidden;" class="required "/></div><div aria-live="polite" id="mx7517_holder" class="bc"><input  aria-readonly="true"  role="textbox"  id="mx7517" class="fld text text   fld fld_ro"     ctype="textbox"   li="mx7518"  db="mx7603"   maxlength="12" style=";width:75.0px;"   async='1'  ae="setvalue" sue="1" tabindex="-1" readonly="readonly" type="text" title="Work Order: W114594080" value="W114594080" ov="W114594080" work="1" fldInfo='{&quot;length&quot;:&quot;12&quot;,&quot;inttype&quot;:&quot;1&quot;}'/></div><div aria-live="polite" id="mx7518_holder" class="bc"><img sf="1" aria-hidden="true" active="0" ctype="image" alt=""  src="../webclient/skins-20170809-1350/tivoli09/images/blank.gif" source="blank" imgtype=".gif" style="display:inline;margin:0px;" border="0"  lc="mx7517"    align="absmiddle" width='26px' height='26px'   id="mx7518" title=""/></div><div aria-live="polite" id="mx7519_holder" class="bc"><img id="mx7519" alt="required" align='absmiddle' src='../webclient/skins-20170809-1350/tivoli09/images/required_label.gif' style="display:none" class="required_label"/></div><div aria-live="polite" id="mx7520_holder" class="bc"><input  aria-readonly="true"  role="textbox"  id="mx7520" class="fld text    fld fld_ro"     ctype="textbox"   li="mx7521"  db="mx7603"   maxlength="100" style=";width:300.0px;"   async='1'  ae="setvalue" sue="1" tabindex="-1" readonly="readonly" type="text" title="Description: Gas Escape" value="Gas Escape" ov="Gas Escape" work="1" fldInfo='{&quot;length&quot;:&quot;100&quot;,&quot;inttype&quot;:&quot;0&quot;}'/></div><div aria-live="polite" id="mx7521_holder" class="bc"><img sf="1"   ctype="image" alt="Long Description"  src="../webclient/skins-20170809-1350/tivoli09/images/img_longdescription_off.gif" source="img_longdescription_off" imgtype=".gif" style="cursor:default;display:inline;margin:0px" border="0"  lc="mx7520" aria-haspopup="true"   align="absmiddle"     id="mx7521" tabindex="-1" title="Long Description"/></div></td>
				</tr>
				<tr   control="true" id="mx7535_0"  class="  leafspacer" style="vertical-align:top;">
				<td    nowrap="nowrap"  id="mx7534_0"  align="right"   valign="middle" style="vertical-align:middle;"><div aria-live="polite" id="mx7526_holder" class="bc"><label ctype="label"  id="mx7526"    noclick="1"   targetid="mx7526"    class="text label  label  " style="display:block;padding-left:2px;padding-top:2px;;;;;" for="mx7528" title="Status">Status:</label></div></td>
				<td    nowrap="nowrap"  id="mx7534_1"     valign="middle" style="vertical-align:middle;"><div aria-live="polite" id="mx7527_holder" class="bc"><img id="mx7527" alt="required" align='absmiddle' src='../webclient/skins-20170809-1350/tivoli09/images/required.gif' style="visibility:hidden;" class="required "/></div><div aria-live="polite" id="mx7528_holder" class="bc"><input  aria-readonly="true"  role="textbox"  id="mx7528" class="fld text text   fld fld_ro"     ctype="textbox"   li="mx7529"  db="mx7603"   maxlength="16" style=";width:75.0px;"   async='1'  ae="setvalue" sue="1" tabindex="-1" readonly="readonly" type="text" title="Status: DISPATCH" value="DISPATCH" ov="DISPATCH" work="1" fldInfo='{&quot;length&quot;:&quot;16&quot;,&quot;inttype&quot;:&quot;1&quot;}'/></div><div aria-live="polite" id="mx7529_holder" class="bc"><img sf="1" aria-hidden="true" active="0" ctype="image" alt=""  src="../webclient/skins-20170809-1350/tivoli09/images/blank.gif" source="blank" imgtype=".gif" style="display:inline;margin:0px;" border="0"  lc="mx7528"    align="absmiddle" width='26px' height='26px'   id="mx7529" title=""/></div><div aria-live="polite" id="mx7530_holder" class="bc"><img id="mx7530" alt="required" align='absmiddle' src='../webclient/skins-20170809-1350/tivoli09/images/required_label.gif' style="display:none" class="required_label"/></div><div aria-live="polite" id="mx7531_holder" class="bc"><input  aria-readonly="true"  role="textbox"  id="mx7531" class="fld text    fld fld_ro"     ctype="textbox"   li="mx7532"  db="mx7603"   maxlength="256" style=";width:300.0px;"   async='1'  ae="setvalue" sue="1" tabindex="-1" readonly="readonly" type="text" title="Description: Dispatch" value="Dispatch" ov="Dispatch" work="1" fldInfo='{&quot;length&quot;:&quot;256&quot;,&quot;inttype&quot;:&quot;0&quot;}'/></div><div aria-live="polite" id="mx7532_holder" class="bc"><img sf="1" aria-hidden="true" active="0" ctype="image" alt=""  src="../webclient/skins-20170809-1350/tivoli09/images/blank.gif" source="blank" imgtype=".gif" style="display:inline;margin:0px;" border="0"  lc="mx7531"    align="absmiddle" width='26px' height='26px'   id="mx7532" title=""/></div></td>
				</tr>
</table>
</td></tr><tr><td  width="100%" nowrap class="section sbb">&nbsp;</td>
		</tr>
		
			</table>
		</div>
	
			</td>
		</tr>
	
		<tr>
			<td id="mx7544"  control="true" style="vertical-align:top;">
	
		<div id="mx7544_compHolder" aria-live="polite"  style="padding:0px;margin:0px;vertical-align:top;height: 100%;display:"  >
		
			<table id="mx7544_inner" role="presentation"  cellspacing="0" class="so   " cellpadding="0" height="100%" width="100%"   style="vertical-align:top;" ><tr id="mx7544_1"  style="vertical-align:top;display:;" > 
	<td id="mx7543" aria-live="polite"      style="display:;white-space:nowrap;padding-bottom: 2px;" class="section   " valign="top"  ><table role="presentation" control="true" id="mx7542"   width="100%"  class="  " summary=""  style="width:100%;;;vertical-align:top">				<tr   control="true" id="mx7552_0"  class="  leafspacer" style="vertical-align:top;">
				<td    nowrap="nowrap"  id="mx7551_0"  align="right"   valign="top" style="vertical-align:top;"><div aria-live="polite" id="mx7546_holder" class="bc"><label ctype="label"  id="mx7546"    noclick="1"   targetid="mx7546"    class="text label  label  " style="display:block;padding-left:2px;padding-top:2px;;;;;" for="mx7548" title="New Status"><img class='required_label' width='8px' height='8px' align='absmiddle' border='0' src='../webclient/skins-20170809-1350/tivoli09/images/required_label.gif' alt=''/>New Status:</label></div></td>
				<td    nowrap="nowrap"  id="mx7551_1"     valign="top" style="vertical-align:top;"><div aria-live="polite" id="mx7547_holder" class="bc"><img id="mx7547" alt="required" align='absmiddle' src='../webclient/skins-20170809-1350/tivoli09/images/required.gif' style="" class="required "/></div><div aria-live="polite" id="mx7548_holder" class="bc"><input  aria-required="true"  role="combobox" aria-autocomplete="none"  id="mx7548" class="fld text cbt  ibfld fld_req"     ctype="textbox"   li="mx7549" liclick="1"    maxlength="16" style=";width:75.0px;"      sue="1"  readonly="readonly" type="text" title="New Status" value="" ov="" work="1" fldInfo='{&quot;length&quot;:&quot;16&quot;,&quot;inttype&quot;:&quot;1&quot;,&quot;eventpriority&quot;:1,&quot;required&quot;:true}'/></div><div aria-live="polite" id="mx7549_holder" class="bc"><img sf="1"   ctype="image" alt="Drop-down image"  src="../webclient/skins-20170809-1350/tivoli09/images/IE_dropdown.gif" source="IE_dropdown" imgtype=".gif" style="cursor:default;display:inline;margin:0px" border="0"  lc="mx7548"  class="di " align="absmiddle"    ev="combobox" id="mx7549" tabindex="-1" title="Drop-down image"/></div></td>
				</tr>
				<tr   control="true" id="mx7566_0"  class="  leafspacer" style="vertical-align:top;">
				<td    nowrap="nowrap"  id="mx7565_0"  align="right"   valign="middle" style="vertical-align:middle;"><div aria-live="polite" id="mx7560_holder" class="bc"><label ctype="label"  id="mx7560"    noclick="1"   targetid="mx7560"    class="text label  label  " style="display:block;padding-left:2px;padding-top:2px;;;;;" for="mx7562" title="Status Date"><img class='required_label' width='8px' height='8px' align='absmiddle' border='0' src='../webclient/skins-20170809-1350/tivoli09/images/required_label.gif' alt=''/>Status Date:</label></div></td>
				<td    nowrap="nowrap"  id="mx7565_1"     valign="middle" style="vertical-align:middle;"><div aria-live="polite" id="mx7561_holder" class="bc"><img id="mx7561" alt="required" align='absmiddle' src='../webclient/skins-20170809-1350/tivoli09/images/required.gif' style="" class="required "/></div><div aria-live="polite" id="mx7562_holder" class="bc"><script>
		dojo.require('layers.mbs.calendar');
		dojo.require('dojo.date.locale');
			dojo.require('ibm.tivoli.mbs.dijit.DateTimeCalendar');
	</script><input  aria-required="true"  role="textbox"  id="mx7562" class="fld text  fld fld_req"     ctype="textbox"   li="mx7563"  db="mx7603"    style=";width:127.5px;" df="1"  async='1' PopupType="ibm.tivoli.mbs.dijit.DateTimeCalendar" constraints="{datePattern:'dd/MM/yyyy', timePattern:'HH:mm:ss',locale:'en-gb',visibleRange: 'T03:30:00'}" datePackage="" lang="en-gb" lng="en" dojoValue='1526722234200' ae="setvalue"    type="text" title="Status Date: 19/05/2018 10:30:34" value="" work="1" fldInfo='{&quot;length&quot;:&quot;10&quot;,&quot;inttype&quot;:&quot;4&quot;,&quot;lookup&quot;:&quot;datelookup&quot;,&quot;eventpriority&quot;:1,&quot;required&quot;:true}'/>	<script type="text/javascript">
		dojo.require("ibm.tivoli.mbs.html");
		formatCalendar('mx7562',ibm.tivoli.mbs.html.decodeEntities('19/05/2018 10:30:34'));
	</script>
</div><div aria-live="polite" id="mx7563_holder" class="bc"><img sf="1"   ctype="image" alt="Select Date and Time"  src="../webclient/skins-20170809-1350/tivoli09/images/img_date_time.gif" source="img_date_time" imgtype=".gif" style="cursor:default;display:inline;margin:0px" border="0"  lc="mx7562" aria-haspopup="true"   align="absmiddle"    ev="datelookup" mxejse="dateLookupHdlr" id="mx7563" tabindex="-1" title="Select Date and Time"/></div></td>
				</tr>
				<tr   control="true" id="mx7574_0"  class="  leafspacer" style="vertical-align:top;">
				<td    nowrap="nowrap"  id="mx7573_0"  align="right"   valign="middle" style="vertical-align:middle;"><div aria-live="polite" id="mx7568_holder" class="bc"><label ctype="label"  id="mx7568"    noclick="1"   targetid="mx7568"    class="text label  label  " style="display:block;padding-left:2px;padding-top:2px;;;;;" for="mx7570" title="Memo">Memo:</label></div></td>
				<td    nowrap="nowrap"  id="mx7573_1"     valign="middle" style="vertical-align:middle;"><div aria-live="polite" id="mx7569_holder" class="bc"><img id="mx7569" alt="required" align='absmiddle' src='../webclient/skins-20170809-1350/tivoli09/images/required.gif' style="visibility:hidden;" class="required "/></div><div aria-live="polite" id="mx7570_holder" class="bc"><input   role="textbox"  id="mx7570" class="fld text  "     ctype="textbox"   li="mx7571"  db="mx7603"   maxlength="50" style=";width:300.0px;"   async='1'  ae="setvalue"    type="text" title="Memo" value="" ov="" work="1" fldInfo='{&quot;length&quot;:&quot;50&quot;,&quot;inttype&quot;:&quot;0&quot;}'/></div><div aria-live="polite" id="mx7571_holder" class="bc"><img sf="1" aria-hidden="true" active="0" ctype="image" alt=""  src="../webclient/skins-20170809-1350/tivoli09/images/blank.gif" source="blank" imgtype=".gif" style="display:inline;margin:0px;" border="0"  lc="mx7570"    align="absmiddle" width='26px' height='26px'   id="mx7571" title=""/></div></td>
				</tr>
				<tr   control="true" id="mx7581_0"  class="  leafspacer" style="vertical-align:top;">
				<td    nowrap="nowrap"  id="mx7580_0"  align="right"   valign="middle" style="vertical-align:middle;"><div aria-live="polite" id="mx7576_holder" class="bc"><label ctype="label"  id="mx7576"    noclick="1"  onclick=document.getElementById('mx7578').click() targetid="mx7576"    class="text label  label  " style="display:table;padding-left:2px;padding-top:2px;;;;;" for="mx7578" title="Print Work Order(s)">Print Work Order(s)?</label></div></td>
				<td    nowrap="nowrap"  id="mx7580_1"  align="left"   valign="middle" style="vertical-align:middle;"><div aria-live="polite" id="mx7577_holder" class="bc"><img id="mx7577" alt="required" align='absmiddle' src='../webclient/skins-20170809-1350/tivoli09/images/required.gif' style="visibility:hidden;" class="required "/></div><div aria-live="polite" id="mx7578_holder" class="bc">
	<table role="presentation" id="mx7578_tb" border="0" cellspacing="0" cellpadding="0" style="margin:0px;vertical-align:middle;border:0px;display:inline;" class="_b">
		<tbody>
			<tr>
				<td valign="middle"><a role="checkbox"  aria-checked="false" id="mx7578" ctype="checkbox" class="cb09"  title="Print Work Order&#040;s&#041;: unchecked" tabindex="0" style="cursor:default" imgid="mx7578_img" mxejse="cbHdlr" async='1' ae="toggle" fldInfo='{&quot;length&quot;:&quot;&quot;,&quot;inttype&quot;:&quot;&quot;,&quot;eventpriority&quot;:2}'><img border="0" alt="Print Work Order&#040;s&#041;: unchecked" tabindex="-1" align="texttop" id="mx7578_img"  class="checkbox  " src="../webclient/skins-20170809-1350/tivoli09/images/cb_unchecked.gif"  imgtype="gif" imgname="cb_" checked="unchecked" style="cursor:default" readonly="false" onfocus="this.parentNode.focus()"/></a></td>
			</tr>
		</tbody>
	</table>
</div></td>
				</tr>
				<tr   control="true" id="mx7588_0"  class="  leafspacer" style="vertical-align:top;">
				<td    nowrap="nowrap"  id="mx7587_0"  align="right"   valign="middle" style="vertical-align:middle;"><div aria-live="polite" id="mx7583_holder" class="bc"><label ctype="label"  id="mx7583"    noclick="1"  onclick=document.getElementById('mx7585').click() targetid="mx7583"    class="text label  label  " style="display:table;padding-left:2px;padding-top:2px;;;;;" for="mx7585" title="Change work order status in back ground">Change work order status in back ground?</label></div></td>
				<td    nowrap="nowrap"  id="mx7587_1"  align="left"   valign="middle" style="vertical-align:middle;"><div aria-live="polite" id="mx7584_holder" class="bc"><img id="mx7584" alt="required" align='absmiddle' src='../webclient/skins-20170809-1350/tivoli09/images/required.gif' style="visibility:hidden;" class="required "/></div><div aria-live="polite" id="mx7585_holder" class="bc">
	<table role="presentation" id="mx7585_tb" border="0" cellspacing="0" cellpadding="0" style="margin:0px;vertical-align:middle;border:0px;display:inline;" class="_b">
		<tbody>
			<tr>
				<td valign="middle"><a role="checkbox"  aria-checked="false" id="mx7585" ctype="checkbox" class="cb09"  title="Change work order status in back ground: unchecked" tabindex="0" style="cursor:default" imgid="mx7585_img" mxejse="cbHdlr" async='1' ae="toggle" fldInfo='{&quot;length&quot;:&quot;&quot;,&quot;inttype&quot;:&quot;&quot;,&quot;eventpriority&quot;:2}'><img border="0" alt="Change work order status in back ground: unchecked" tabindex="-1" align="texttop" id="mx7585_img"  class="checkbox  " src="../webclient/skins-20170809-1350/tivoli09/images/cb_unchecked.gif"  imgtype="gif" imgname="cb_" checked="unchecked" style="cursor:default" readonly="false" onfocus="this.parentNode.focus()"/></a></td>
			</tr>
		</tbody>
	</table>
</div></td>
				</tr>
				<tr   control="true" id="mx7596_0"  class="  leafspacer" style="vertical-align:top;">
				<td    nowrap="nowrap"  id="mx7595_0"  align="right"   valign="middle" style="vertical-align:middle;"><div aria-live="polite" id="mx7590_holder" class="bc"><label ctype="label"  id="mx7590"    noclick="1"   targetid="mx7590"    class="text label  label  " style="display:block;padding-left:2px;padding-top:2px;;;;;" for="mx7592" title="Notification E-mail for Work Order Change Status">Notification E-mail for Work Order Change Status:</label></div></td>
				<td    nowrap="nowrap"  id="mx7595_1"     valign="middle" style="vertical-align:middle;"><div aria-live="polite" id="mx7591_holder" class="bc"><img id="mx7591" alt="required" align='absmiddle' src='../webclient/skins-20170809-1350/tivoli09/images/required.gif' style="visibility:hidden;" class="required "/></div><div aria-live="polite" id="mx7592_holder" class="bc"><input   role="textbox"  id="mx7592" class="fld text  "     ctype="textbox"   li="mx7593"  db="mx7603"   maxlength="100" style=";width:300.0px;"   async='1'  ae="setvalue"    type="text" title="Notification E-mail for Work Order Change Status: maximoadministrator@uk.ssegroup.net" value="maximoadministrator@uk.ssegroup.net" ov="maximoadministrator@uk.ssegroup.net" work="1" fldInfo='{&quot;length&quot;:&quot;100&quot;,&quot;inttype&quot;:&quot;0&quot;}'/></div><div aria-live="polite" id="mx7593_holder" class="bc"><img sf="1" aria-hidden="true" active="0" ctype="image" alt=""  src="../webclient/skins-20170809-1350/tivoli09/images/blank.gif" source="blank" imgtype=".gif" style="display:inline;margin:0px;" border="0"  lc="mx7592"    align="absmiddle" width='26px' height='26px'   id="mx7593" title=""/></div></td>
				</tr>
</table>
</td>
		</tr>
		
			</table>
		</div>
	
			</td>
		</tr>
	</table>

		</div>
	</td>
				</tr>
</table>
</td>
		</tr>
		
			</table>
		</div>
	
			</td>
		</tr>
	
			</table>
			
			</div>
	
		</td>
	</tr>
</table>
<table role="presentation" width="100%" class="dbottom" height="*" ondblclick="cancelEvent(event);">
	<tr>
		<td class="    dss" align="right">
	
			<table role="presentation" cellspacing="2" width="100%">
							<tr   control="true" id="mx7601_0"    style="vertical-align:top;">

<td colspan="7" height="0" align="right" id="mx7600"  style=";white-space: nowrap;" class="invisbuttongroup">
	<div style="width:100%;;">
		<table id="mx7600_table"  summary="" role="group">
			<tr>
			<td align="right" style="white-space: nowrap;">
<div aria-live="polite" id="mx7603_holder" class="bc">
		<button ctype="pushbutton"      control="true" id="mx7603"  class="text pb default"  style="">OK</button></div><div aria-live="polite" id="mx7605_holder" class="bc">
		<button ctype="pushbutton"      control="true" id="mx7605"  class="text pb"  style="">Cancel</button></div>			</td>
			</tr>
		</table>
	</div>
</td>
				</tr>

			</table>
			
		</td>
	</tr>
</table>

		</td>
	</tr>
</table>

<img tabindex="0" labelid="mx7477" alt="" id="status_last" onfocus="moveable_onfocus(this);" src="../webclient/skins-20170809-1350/tivoli09/images/blank.gif" width="1" height="1" lastbuttonid="mx7605"></td>
			</tr>
		</table>
		<script>
			window.setTimeout("_initDialog('mx7488','status',-1,true)", 50);
			showMessage(0, "BMXAA4205I - Record has been saved.", false);
		</script>
]]></component>

<deferredscript><![CDATA[scrollScreen('0','0');focusItem('mx7548',true);resetLogoutTimer(true);if(tpaeConfig.validationOn) {setButtonEnabled(saveButton,false)};]]></deferredscript></server_response>