<?xml version="1.0" encoding="UTF-8" ?>
<server_response csrftoken="6k544bfh8i0h8rfj5656r8noj5">
<!-- Begin of the DIALOG -->
<component vis="true" id="mx12976_holder" compid="mx12976" replacemethod="addDialog"><![CDATA[<script pre='true'>publishMessage({"channel":"widgetCleanup","message":["mx12984","mx13000","mx13031"]});</script>			<div id='mx12976_inner_dialogwait'  class='wait'>&nbsp;</div>
				<table id="mx12976_inner"  role="dialog" aria-labelledby="mx12965" positionAtTop="false" positionX="" positionY="" modal="true" width="200" height="50" class="dsc1 mc modal" border="0" defaultbutton="" control="true" onmousedown='hideAllMenus();'onkeypress="if(hasKeyCode(event,'KEYCODE_ESC')) {sendEvent('dialogcancel','mx12976', null, null); }"ondragstart='return false;' ondblclick="toggleMinimize('mx12976')"  style="visibility:hidden;" cellpadding="0px" cellspacing="0px">
			<tr id="mx12976_content0" aria-live="polite"   style="" valign="top">
				<td id="mx12976_inner_content"  valign="BOTTOM"  style="padding:0px; %>">
<img tabindex="0" alt="" id="status_first" alt="" onfocus="moveable_onfocus(this);" src="../webclient/skins-20170809-1350/tivoli09/images/blank.gif" width="1" height="1" style="display:inline;margin:0px" firstbuttonid="first"/><table id="mx12970"  width="100%" style="margin:0px;" class="" role="presentation">
			<tr>
				<td id="mx12970_middle"  class="dh mh dhb  " valign="middle" align="left" width="*">
					<table role="presentation" class="" width="100%">
						<tr>
							<td valign="center" align="left" style="padding:0px;white-space:nowrap;" class="dh mh">
								<table role="presentation"  width="100%">
									<tr>
					<td id="mx12970_header_0"  align="left" class="dhbsh" valign="middle" style="padding:0px;white-space:nowrap;" width:100%;></td>
					<td id="mx12970_header_1"  align="left" class="dhbsh" valign="middle" style="padding:0px;white-space:nowrap;" width:100%;><div aria-live="polite" id="mx12965_holder" class="bc"><h1 labelledby="mx12965" style="display:inline" title="Change Status"><label ctype="label"  id="mx12965"    noclick="1"   targetid="mx12965"    class="text dh mh  " style="display:block;padding-left:2px;padding-top:2px;;;;;" title="Change Status">Change Status</label></h1></div></td>
					<td id="mx12970_header_2"   class="dhbsh" valign="middle" style="padding:0px;white-space:nowrap;" width="100%"><div aria-live="polite" id="mx12966_holder" class="bc">	<div id="mx12966" name="mx12966" class="ts dh mh  "  >&nbsp;</div>
</div></td>
					<td id="mx12970_header_3"  align="right" class="dhbsh" valign="middle" style="padding:0px;white-space:nowrap;" width="100%"></td>
					<td id="mx12970_header_4"  align="right" class="dhbsh" valign="middle" style="padding:0px;white-space:nowrap;" width="100%"></td>
					<td id="mx12970_header_5"  align="right" class="dhbsh" valign="middle" style="padding:0px;white-space:nowrap;" width="100%"></td>
								</tr>
								</table>
							</td>
						</tr>
					</table>
				</td>
			</tr>
		</table></td>
			</tr>
			<tr id="mx12976_content1" aria-live="polite"   style="" valign="top">
				<td id="mx12976_inner_content"  valign="BOTTOM"  style="padding:0px; %>">
<table role="presentation" id="mx12975"  class="dialogb" width="100%" style="position:relative;top:0px;margin:0px;" height="100%" ondblclick="cancelEvent(event);">
	<tr>
		<td class="  " style=";padding:0px;" align="">

		<table role="presentation" width="100%"  height="*" ondblclick="cancelEvent(event);">
	<tr>
		<td class="    dss" align="center">
	<div aria-live="polite" id="dialogmessage_holder" class="bc"><label ctype="label"  id="dialogmessage"    noclick="1"   targetid="dialogmessage"  role='alert'    class="text label  label  text  dum" style="display:block;padding-left:2px;padding-top:2px;;;;;" title="">&nbsp;</label></div>
		</td>
	</tr>
</table>
<table role="presentation" width="100%"  height="*" ondblclick="cancelEvent(event);">
	<tr>
		<td class="db    dss" align="">
	
			<div id="status_bodydiv" class="dbDiv"  onscroll='hideAllMenusNF()'>
	
			<table role="presentation" cellspacing="2" width="100%">
			
		<tr>
			<td id="mx12985"  control="true" style="vertical-align:top;">
	
		<div id="mx12985_compHolder" aria-live="polite"  style="padding:0px;margin:0px;vertical-align:top;height: 100%;display:"  >
		
			<table id="mx12985_inner" role="presentation"  cellspacing="0" class="so   " cellpadding="0" height="100%" width="100%"   style="vertical-align:top;" ><tr id="mx12985_1"  style="vertical-align:top;display:;" > 
	<td id="mx12984" aria-live="polite"      style="display:;white-space:nowrap;padding-bottom: 2px;" class="section   " valign="top"  ><table role="presentation" control="true" id="mx12983"   width="100%"  class="  " summary=""  style="width:100%;;;vertical-align:top">				<tr   control="true" id="mx12989_0"    style="vertical-align:top;">

		<td id="mx12992" aria-live="polite"  style="display:;;padding:0 2px;vertical-align: top" sc="true"  height="100%" class="sectioncol">
			<div id="mx12992_div" style="height: 100%">
			
<table role="presentation" control="true" id="mx12991"   width="100%" height="100%" class="  " summary=""  style="width:100%;height:100%;;;vertical-align:top">
		<tr>
			<td id="mx13001"  control="true" style="vertical-align:top;">
	
		<div id="mx13001_compHolder" aria-live="polite"  style="padding:0px;margin:0px;vertical-align:top;height: 100%;display:"  >
		
			<table id="mx13001_inner" role="presentation"  cellspacing="0" class="so   " cellpadding="0" height="100%" width="100%"   style="vertical-align:top;" ><tr id="mx13001_0"  style="vertical-align:top;display:;" > 		<td id="mx12998"   style="padding:0px;;white-space:nowrap;"  role="presentation">
			<table cellspacing="0" cellpadding="0" style="width:100%;" class="" role="presentation">
				<tr>
				<td id="mx12998_1"  valign="top" class="hbb" width="100%" ></td>
				</tr>
			</table>
		</td>

		</tr>
		<tr id="mx13001_1"  style="vertical-align:top;display:;" > <td nowrap width="100%" class="section sbt">&nbsp;</td></tr><tr>
	<td id="mx13000" aria-live="polite"      style="display:;white-space:nowrap;padding-bottom: 2px;" class="section   " valign="top"  ><table role="presentation" control="true" id="mx12999"   width="100%"  class="  " summary=""  style="width:100%;;;vertical-align:top">				<tr   control="true" id="mx13012_0"  class="  leafspacer" style="vertical-align:top;">
				<td    nowrap="nowrap"  id="mx13011_0"  align="right"   valign="middle" style="vertical-align:middle;"><div aria-live="polite" id="mx13003_holder" class="bc"><label ctype="label"  id="mx13003"    noclick="1"   targetid="mx13003"    class="text label  label  " style="display:block;padding-left:2px;padding-top:2px;;;;;" for="mx13005" title="Work Order">Work Order:</label></div></td>
				<td    nowrap="nowrap"  id="mx13011_1"     valign="middle" style="vertical-align:middle;"><div aria-live="polite" id="mx13004_holder" class="bc"><img id="mx13004" alt="required" align='absmiddle' src='../webclient/skins-20170809-1350/tivoli09/images/required.gif' style="visibility:hidden;" class="required "/></div><div aria-live="polite" id="mx13005_holder" class="bc"><input  aria-readonly="true"  role="textbox"  id="mx13005" class="fld text text   fld fld_ro"     ctype="textbox"   li="mx13006"  db="mx13091"   maxlength="12" style=";width:75.0px;"   async='1'  ae="setvalue" sue="1" tabindex="-1" readonly="readonly" type="text" title="Work Order: W114594080" value="W114594080" ov="W114594080" work="1" fldInfo='{&quot;length&quot;:&quot;12&quot;,&quot;inttype&quot;:&quot;1&quot;}'/></div><div aria-live="polite" id="mx13006_holder" class="bc"><img sf="1" aria-hidden="true" active="0" ctype="image" alt=""  src="../webclient/skins-20170809-1350/tivoli09/images/blank.gif" source="blank" imgtype=".gif" style="display:inline;margin:0px;" border="0"  lc="mx13005"    align="absmiddle" width='26px' height='26px'   id="mx13006" title=""/></div><div aria-live="polite" id="mx13007_holder" class="bc"><img id="mx13007" alt="required" align='absmiddle' src='../webclient/skins-20170809-1350/tivoli09/images/required_label.gif' style="display:none" class="required_label"/></div><div aria-live="polite" id="mx13008_holder" class="bc"><input  aria-readonly="true"  role="textbox"  id="mx13008" class="fld text    fld fld_ro"     ctype="textbox"   li="mx13009"  db="mx13091"   maxlength="100" style=";width:300.0px;"   async='1'  ae="setvalue" sue="1" tabindex="-1" readonly="readonly" type="text" title="Description: Gas Escape" value="Gas Escape" ov="Gas Escape" work="1" fldInfo='{&quot;length&quot;:&quot;100&quot;,&quot;inttype&quot;:&quot;0&quot;}'/></div><div aria-live="polite" id="mx13009_holder" class="bc"><img sf="1"   ctype="image" alt="Long Description"  src="../webclient/skins-20170809-1350/tivoli09/images/img_longdescription_off.gif" source="img_longdescription_off" imgtype=".gif" style="cursor:default;display:inline;margin:0px" border="0"  lc="mx13008" aria-haspopup="true"   align="absmiddle"     id="mx13009" tabindex="-1" title="Long Description"/></div></td>
				</tr>
				<tr   control="true" id="mx13023_0"  class="  leafspacer" style="vertical-align:top;">
				<td    nowrap="nowrap"  id="mx13022_0"  align="right"   valign="middle" style="vertical-align:middle;"><div aria-live="polite" id="mx13014_holder" class="bc"><label ctype="label"  id="mx13014"    noclick="1"   targetid="mx13014"    class="text label  label  " style="display:block;padding-left:2px;padding-top:2px;;;;;" for="mx13016" title="Status">Status:</label></div></td>
				<td    nowrap="nowrap"  id="mx13022_1"     valign="middle" style="vertical-align:middle;"><div aria-live="polite" id="mx13015_holder" class="bc"><img id="mx13015" alt="required" align='absmiddle' src='../webclient/skins-20170809-1350/tivoli09/images/required.gif' style="visibility:hidden;" class="required "/></div><div aria-live="polite" id="mx13016_holder" class="bc"><input  aria-readonly="true"  role="textbox"  id="mx13016" class="fld text text   fld fld_ro"     ctype="textbox"   li="mx13017"  db="mx13091"   maxlength="16" style=";width:75.0px;"   async='1'  ae="setvalue" sue="1" tabindex="-1" readonly="readonly" type="text" title="Status: ONSITE" value="ONSITE" ov="ONSITE" work="1" fldInfo='{&quot;length&quot;:&quot;16&quot;,&quot;inttype&quot;:&quot;1&quot;}'/></div><div aria-live="polite" id="mx13017_holder" class="bc"><img sf="1" aria-hidden="true" active="0" ctype="image" alt=""  src="../webclient/skins-20170809-1350/tivoli09/images/blank.gif" source="blank" imgtype=".gif" style="display:inline;margin:0px;" border="0"  lc="mx13016"    align="absmiddle" width='26px' height='26px'   id="mx13017" title=""/></div><div aria-live="polite" id="mx13018_holder" class="bc"><img id="mx13018" alt="required" align='absmiddle' src='../webclient/skins-20170809-1350/tivoli09/images/required_label.gif' style="display:none" class="required_label"/></div><div aria-live="polite" id="mx13019_holder" class="bc"><input  aria-readonly="true"  role="textbox"  id="mx13019" class="fld text    fld fld_ro"     ctype="textbox"   li="mx13020"  db="mx13091"   maxlength="256" style=";width:300.0px;"   async='1'  ae="setvalue" sue="1" tabindex="-1" readonly="readonly" type="text" title="Description: On site / Arrived on Site" value="On site / Arrived on Site" ov="On site / Arrived on Site" work="1" fldInfo='{&quot;length&quot;:&quot;256&quot;,&quot;inttype&quot;:&quot;0&quot;}'/></div><div aria-live="polite" id="mx13020_holder" class="bc"><img sf="1" aria-hidden="true" active="0" ctype="image" alt=""  src="../webclient/skins-20170809-1350/tivoli09/images/blank.gif" source="blank" imgtype=".gif" style="display:inline;margin:0px;" border="0"  lc="mx13019"    align="absmiddle" width='26px' height='26px'   id="mx13020" title=""/></div></td>
				</tr>
</table>
</td></tr><tr><td  width="100%" nowrap class="section sbb">&nbsp;</td>
		</tr>
		
			</table>
		</div>
	
			</td>
		</tr>
	
		<tr>
			<td id="mx13032"  control="true" style="vertical-align:top;">
	
		<div id="mx13032_compHolder" aria-live="polite"  style="padding:0px;margin:0px;vertical-align:top;height: 100%;display:"  >
		
			<table id="mx13032_inner" role="presentation"  cellspacing="0" class="so   " cellpadding="0" height="100%" width="100%"   style="vertical-align:top;" ><tr id="mx13032_1"  style="vertical-align:top;display:;" > 
	<td id="mx13031" aria-live="polite"      style="display:;white-space:nowrap;padding-bottom: 2px;" class="section   " valign="top"  ><table role="presentation" control="true" id="mx13030"   width="100%"  class="  " summary=""  style="width:100%;;;vertical-align:top">				<tr   control="true" id="mx13040_0"  class="  leafspacer" style="vertical-align:top;">
				<td    nowrap="nowrap"  id="mx13039_0"  align="right"   valign="top" style="vertical-align:top;"><div aria-live="polite" id="mx13034_holder" class="bc"><label ctype="label"  id="mx13034"    noclick="1"   targetid="mx13034"    class="text label  label  " style="display:block;padding-left:2px;padding-top:2px;;;;;" for="mx13036" title="New Status"><img class='required_label' width='8px' height='8px' align='absmiddle' border='0' src='../webclient/skins-20170809-1350/tivoli09/images/required_label.gif' alt=''/>New Status:</label></div></td>
				<td    nowrap="nowrap"  id="mx13039_1"     valign="top" style="vertical-align:top;"><div aria-live="polite" id="mx13035_holder" class="bc"><img id="mx13035" alt="required" align='absmiddle' src='../webclient/skins-20170809-1350/tivoli09/images/required.gif' style="" class="required "/></div><div aria-live="polite" id="mx13036_holder" class="bc"><input  aria-required="true"  role="combobox" aria-autocomplete="none"  id="mx13036" class="fld text cbt  ibfld fld_req"     ctype="textbox"   li="mx13037" liclick="1"    maxlength="16" style=";width:75.0px;"      sue="1"  readonly="readonly" type="text" title="New Status" value="" ov="" work="1" fldInfo='{&quot;length&quot;:&quot;16&quot;,&quot;inttype&quot;:&quot;1&quot;,&quot;eventpriority&quot;:1,&quot;required&quot;:true}'/></div><div aria-live="polite" id="mx13037_holder" class="bc"><img sf="1"   ctype="image" alt="Drop-down image"  src="../webclient/skins-20170809-1350/tivoli09/images/IE_dropdown.gif" source="IE_dropdown" imgtype=".gif" style="cursor:default;display:inline;margin:0px" border="0"  lc="mx13036"  class="di " align="absmiddle"    ev="combobox" id="mx13037" tabindex="-1" title="Drop-down image"/></div></td>
				</tr>
				<tr   control="true" id="mx13054_0"  class="  leafspacer" style="vertical-align:top;">
				<td    nowrap="nowrap"  id="mx13053_0"  align="right"   valign="middle" style="vertical-align:middle;"><div aria-live="polite" id="mx13048_holder" class="bc"><label ctype="label"  id="mx13048"    noclick="1"   targetid="mx13048"    class="text label  label  " style="display:block;padding-left:2px;padding-top:2px;;;;;" for="mx13050" title="Status Date"><img class='required_label' width='8px' height='8px' align='absmiddle' border='0' src='../webclient/skins-20170809-1350/tivoli09/images/required_label.gif' alt=''/>Status Date:</label></div></td>
				<td    nowrap="nowrap"  id="mx13053_1"     valign="middle" style="vertical-align:middle;"><div aria-live="polite" id="mx13049_holder" class="bc"><img id="mx13049" alt="required" align='absmiddle' src='../webclient/skins-20170809-1350/tivoli09/images/required.gif' style="" class="required "/></div><div aria-live="polite" id="mx13050_holder" class="bc"><script>
		dojo.require('layers.mbs.calendar');
		dojo.require('dojo.date.locale');
			dojo.require('ibm.tivoli.mbs.dijit.DateTimeCalendar');
	</script><input  aria-required="true"  role="textbox"  id="mx13050" class="fld text  fld fld_req"     ctype="textbox"   li="mx13051"  db="mx13091"    style=";width:127.5px;" df="1"  async='1' PopupType="ibm.tivoli.mbs.dijit.DateTimeCalendar" constraints="{datePattern:'dd/MM/yyyy', timePattern:'HH:mm:ss',locale:'en-gb',visibleRange: 'T03:30:00'}" datePackage="" lang="en-gb" lng="en" dojoValue='1526722564461' ae="setvalue"    type="text" title="Status Date: 19/05/2018 10:36:04" value="" work="1" fldInfo='{&quot;length&quot;:&quot;10&quot;,&quot;inttype&quot;:&quot;4&quot;,&quot;lookup&quot;:&quot;datelookup&quot;,&quot;eventpriority&quot;:1,&quot;required&quot;:true}'/>	<script type="text/javascript">
		dojo.require("ibm.tivoli.mbs.html");
		formatCalendar('mx13050',ibm.tivoli.mbs.html.decodeEntities('19/05/2018 10:36:04'));
	</script>
</div><div aria-live="polite" id="mx13051_holder" class="bc"><img sf="1"   ctype="image" alt="Select Date and Time"  src="../webclient/skins-20170809-1350/tivoli09/images/img_date_time.gif" source="img_date_time" imgtype=".gif" style="cursor:default;display:inline;margin:0px" border="0"  lc="mx13050" aria-haspopup="true"   align="absmiddle"    ev="datelookup" mxejse="dateLookupHdlr" id="mx13051" tabindex="-1" title="Select Date and Time"/></div></td>
				</tr>
				<tr   control="true" id="mx13062_0"  class="  leafspacer" style="vertical-align:top;">
				<td    nowrap="nowrap"  id="mx13061_0"  align="right"   valign="middle" style="vertical-align:middle;"><div aria-live="polite" id="mx13056_holder" class="bc"><label ctype="label"  id="mx13056"    noclick="1"   targetid="mx13056"    class="text label  label  " style="display:block;padding-left:2px;padding-top:2px;;;;;" for="mx13058" title="Memo">Memo:</label></div></td>
				<td    nowrap="nowrap"  id="mx13061_1"     valign="middle" style="vertical-align:middle;"><div aria-live="polite" id="mx13057_holder" class="bc"><img id="mx13057" alt="required" align='absmiddle' src='../webclient/skins-20170809-1350/tivoli09/images/required.gif' style="visibility:hidden;" class="required "/></div><div aria-live="polite" id="mx13058_holder" class="bc"><input   role="textbox"  id="mx13058" class="fld text  "     ctype="textbox"   li="mx13059"  db="mx13091"   maxlength="50" style=";width:300.0px;"   async='1'  ae="setvalue"    type="text" title="Memo" value="" ov="" work="1" fldInfo='{&quot;length&quot;:&quot;50&quot;,&quot;inttype&quot;:&quot;0&quot;}'/></div><div aria-live="polite" id="mx13059_holder" class="bc"><img sf="1" aria-hidden="true" active="0" ctype="image" alt=""  src="../webclient/skins-20170809-1350/tivoli09/images/blank.gif" source="blank" imgtype=".gif" style="display:inline;margin:0px;" border="0"  lc="mx13058"    align="absmiddle" width='26px' height='26px'   id="mx13059" title=""/></div></td>
				</tr>
				<tr   control="true" id="mx13069_0"  class="  leafspacer" style="vertical-align:top;">
				<td    nowrap="nowrap"  id="mx13068_0"  align="right"   valign="middle" style="vertical-align:middle;"><div aria-live="polite" id="mx13064_holder" class="bc"><label ctype="label"  id="mx13064"    noclick="1"  onclick=document.getElementById('mx13066').click() targetid="mx13064"    class="text label  label  " style="display:table;padding-left:2px;padding-top:2px;;;;;" for="mx13066" title="Print Work Order(s)">Print Work Order(s)?</label></div></td>
				<td    nowrap="nowrap"  id="mx13068_1"  align="left"   valign="middle" style="vertical-align:middle;"><div aria-live="polite" id="mx13065_holder" class="bc"><img id="mx13065" alt="required" align='absmiddle' src='../webclient/skins-20170809-1350/tivoli09/images/required.gif' style="visibility:hidden;" class="required "/></div><div aria-live="polite" id="mx13066_holder" class="bc">
	<table role="presentation" id="mx13066_tb" border="0" cellspacing="0" cellpadding="0" style="margin:0px;vertical-align:middle;border:0px;display:inline;" class="_b">
		<tbody>
			<tr>
				<td valign="middle"><a role="checkbox"  aria-checked="false" id="mx13066" ctype="checkbox" class="cb09"  title="Print Work Order&#040;s&#041;: unchecked" tabindex="0" style="cursor:default" imgid="mx13066_img" mxejse="cbHdlr" async='1' ae="toggle" fldInfo='{&quot;length&quot;:&quot;&quot;,&quot;inttype&quot;:&quot;&quot;,&quot;eventpriority&quot;:2}'><img border="0" alt="Print Work Order&#040;s&#041;: unchecked" tabindex="-1" align="texttop" id="mx13066_img"  class="checkbox  " src="../webclient/skins-20170809-1350/tivoli09/images/cb_unchecked.gif"  imgtype="gif" imgname="cb_" checked="unchecked" style="cursor:default" readonly="false" onfocus="this.parentNode.focus()"/></a></td>
			</tr>
		</tbody>
	</table>
</div></td>
				</tr>
				<tr   control="true" id="mx13076_0"  class="  leafspacer" style="vertical-align:top;">
				<td    nowrap="nowrap"  id="mx13075_0"  align="right"   valign="middle" style="vertical-align:middle;"><div aria-live="polite" id="mx13071_holder" class="bc"><label ctype="label"  id="mx13071"    noclick="1"  onclick=document.getElementById('mx13073').click() targetid="mx13071"    class="text label  label  " style="display:table;padding-left:2px;padding-top:2px;;;;;" for="mx13073" title="Change work order status in back ground">Change work order status in back ground?</label></div></td>
				<td    nowrap="nowrap"  id="mx13075_1"  align="left"   valign="middle" style="vertical-align:middle;"><div aria-live="polite" id="mx13072_holder" class="bc"><img id="mx13072" alt="required" align='absmiddle' src='../webclient/skins-20170809-1350/tivoli09/images/required.gif' style="visibility:hidden;" class="required "/></div><div aria-live="polite" id="mx13073_holder" class="bc">
	<table role="presentation" id="mx13073_tb" border="0" cellspacing="0" cellpadding="0" style="margin:0px;vertical-align:middle;border:0px;display:inline;" class="_b">
		<tbody>
			<tr>
				<td valign="middle"><a role="checkbox"  aria-checked="false" id="mx13073" ctype="checkbox" class="cb09"  title="Change work order status in back ground: unchecked" tabindex="0" style="cursor:default" imgid="mx13073_img" mxejse="cbHdlr" async='1' ae="toggle" fldInfo='{&quot;length&quot;:&quot;&quot;,&quot;inttype&quot;:&quot;&quot;,&quot;eventpriority&quot;:2}'><img border="0" alt="Change work order status in back ground: unchecked" tabindex="-1" align="texttop" id="mx13073_img"  class="checkbox  " src="../webclient/skins-20170809-1350/tivoli09/images/cb_unchecked.gif"  imgtype="gif" imgname="cb_" checked="unchecked" style="cursor:default" readonly="false" onfocus="this.parentNode.focus()"/></a></td>
			</tr>
		</tbody>
	</table>
</div></td>
				</tr>
				<tr   control="true" id="mx13084_0"  class="  leafspacer" style="vertical-align:top;">
				<td    nowrap="nowrap"  id="mx13083_0"  align="right"   valign="middle" style="vertical-align:middle;"><div aria-live="polite" id="mx13078_holder" class="bc"><label ctype="label"  id="mx13078"    noclick="1"   targetid="mx13078"    class="text label  label  " style="display:block;padding-left:2px;padding-top:2px;;;;;" for="mx13080" title="Notification E-mail for Work Order Change Status">Notification E-mail for Work Order Change Status:</label></div></td>
				<td    nowrap="nowrap"  id="mx13083_1"     valign="middle" style="vertical-align:middle;"><div aria-live="polite" id="mx13079_holder" class="bc"><img id="mx13079" alt="required" align='absmiddle' src='../webclient/skins-20170809-1350/tivoli09/images/required.gif' style="visibility:hidden;" class="required "/></div><div aria-live="polite" id="mx13080_holder" class="bc"><input   role="textbox"  id="mx13080" class="fld text  "     ctype="textbox"   li="mx13081"  db="mx13091"   maxlength="100" style=";width:300.0px;"   async='1'  ae="setvalue"    type="text" title="Notification E-mail for Work Order Change Status: maximoadministrator@uk.ssegroup.net" value="maximoadministrator@uk.ssegroup.net" ov="maximoadministrator@uk.ssegroup.net" work="1" fldInfo='{&quot;length&quot;:&quot;100&quot;,&quot;inttype&quot;:&quot;0&quot;}'/></div><div aria-live="polite" id="mx13081_holder" class="bc"><img sf="1" aria-hidden="true" active="0" ctype="image" alt=""  src="../webclient/skins-20170809-1350/tivoli09/images/blank.gif" source="blank" imgtype=".gif" style="display:inline;margin:0px;" border="0"  lc="mx13080"    align="absmiddle" width='26px' height='26px'   id="mx13081" title=""/></div></td>
				</tr>
</table>
</td>
		</tr>
		
			</table>
		</div>
	
			</td>
		</tr>
	</table>

		</div>
	</td>
				</tr>
</table>
</td>
		</tr>
		
			</table>
		</div>
	
			</td>
		</tr>
	
			</table>
			
			</div>
	
		</td>
	</tr>
</table>
<table role="presentation" width="100%" class="dbottom" height="*" ondblclick="cancelEvent(event);">
	<tr>
		<td class="    dss" align="right">
	
			<table role="presentation" cellspacing="2" width="100%">
							<tr   control="true" id="mx13089_0"    style="vertical-align:top;">

<td colspan="7" height="0" align="right" id="mx13088"  style=";white-space: nowrap;" class="invisbuttongroup">
	<div style="width:100%;;">
		<table id="mx13088_table"  summary="" role="group">
			<tr>
			<td align="right" style="white-space: nowrap;">
<div aria-live="polite" id="mx13091_holder" class="bc">
		<button ctype="pushbutton"      control="true" id="mx13091"  class="text pb default"  style="">OK</button></div><div aria-live="polite" id="mx13093_holder" class="bc">
		<button ctype="pushbutton"      control="true" id="mx13093"  class="text pb"  style="">Cancel</button></div>			</td>
			</tr>
		</table>
	</div>
</td>
				</tr>

			</table>
			
		</td>
	</tr>
</table>

		</td>
	</tr>
</table>

<img tabindex="0" labelid="mx12965" alt="" id="status_last" onfocus="moveable_onfocus(this);" src="../webclient/skins-20170809-1350/tivoli09/images/blank.gif" width="1" height="1" lastbuttonid="mx13093"></td>
			</tr>
		</table>
		<script>
			window.setTimeout("_initDialog('mx12976','status',-1,true)", 50);
			showMessage(0, "BMXAA4205I - Record has been saved.", false);
		</script>
]]></component>

<deferredscript><![CDATA[scrollScreen('0','0');focusItem('mx13036',true);resetLogoutTimer(true);if(tpaeConfig.validationOn) {setButtonEnabled(saveButton,false)};]]></deferredscript></server_response>