﻿<DataObject comparison="Ordinal">
  <Section id="">
    <Subsections>
      <Section id="General">
        <Subsections />
        <Entries>
          <Entry key="ElapsedTime">
            <double>302.6184685</double>
          </Entry>
          <Entry key="StartedAt">
            <dateTime>2018-04-25T12:26:40.6654204+05:30</dateTime>
          </Entry>
          <Entry key="EndedAt">
            <dateTime>2018-04-25T12:31:43.2838889+05:30</dateTime>
          </Entry>
          <Entry key="ReplayStatus">
            <LastReplayRunStatus>Passed</LastReplayRunStatus>
          </Entry>
          <Entry key="NumberOfReplayErrors">
            <int>0</int>
          </Entry>
          <Entry key="NumberOfReplayCriticalErrors">
            <int>0</int>
          </Entry>
          <Entry key="NumberOfCompilationErrors">
            <int>0</int>
          </Entry>
        </Entries>
      </Section>
    </Subsections>
    <Entries>
      <Entry key="Iterations">
        <int>2</int>
      </Entry>
    </Entries>
  </Section>
</DataObject>