[
    {
        "stepId": "STEP1",
        "stepName": "Url: cognos.cgi",
        "infFile": "t1.inf",
        "time": 1528367755464
    },
    {
        "stepId": "STEP2",
        "stepName": "Submit Form: cognos.cgi_2",
        "infFile": "t2.inf",
        "time": 1528367756605
    },
    {
        "stepId": "STEP3",
        "stepName": "Url: cognos.cgi_3",
        "infFile": "t3.inf",
        "time": 1528367757232
    },
    {
        "stepId": "STEP4",
        "stepName": "Url: iecompatviewlist.xml",
        "infFile": "t4.inf",
        "time": 1528367758511
    },
    {
        "stepId": "STEP5",
        "stepName": "Url: cognos.cgi_4",
        "infFile": "t5.inf",
        "time": 1528367759210
    },
    {
        "stepId": "STEP6",
        "stepName": "Link: Report View of RW1_PEP_0015 - Records corrections that result in change in risk to be updated within D+90 days",
        "infFile": "t6.inf",
        "time": 1528367759719
    },
    {
        "stepId": "STEP7",
        "stepName": "Url: content",
        "infFile": "t7.inf",
        "time": 1528367780902
    },
    {
        "stepId": "STEP8",
        "stepName": "Url: cognos.cgi_5",
        "infFile": "t8.inf",
        "time": 1528367781099
    }
]