[
    {
        "transactionName": "001_Cognos_Maintenance_Launch",
        "rawStartTime": 1528367755075,
        "rawEndTime": 1528367755466
    },
    {
        "transactionName": "002_Cognos_Maintenance_Login",
        "rawStartTime": 1528367755470,
        "rawEndTime": 1528367757239
    },
    {
        "transactionName": "003_Cognos_Maintenance_ClkonMaintenance",
        "rawStartTime": 1528367758515,
        "rawEndTime": 1528367759212
    },
    {
        "transactionName": "004_Cognos_Maintenance_ClkonRW1_PEP_0015",
        "rawStartTime": 1528367759216,
        "rawEndTime": 1528367780908
    },
    {
        "transactionName": "005_Cognos_Maintenance_Logout",
        "rawStartTime": 1528367780912,
        "rawEndTime": 1528367781101
    }
]